{"ece": 0.03729058112606746, "acc": [0.0, 0.0, 0.21875, 0.23985239852398524, 0.3740648379052369, 0.47577442414614773, 0.6062906724511931, 0.7103274559193955, 0.8002481389578163, 0.9496981891348089], "conf": [0.0, 0.16666666666666666, 0.251220703125, 0.35539667896678967, 0.44482543640897754, 0.5381254964257347, 0.6377440347071583, 0.739294710327456, 0.8405707196029777, 0.9517102615694165]}