{"auprc": 0.9591483473777771, "fpr0": 0.0, "fpr10": 0.002899999963119626, "fpr20": 0.005900000222027302, "fpr30": 0.008299999870359898, "fpr40": 0.01080000028014183, "fpr50": 0.014499999582767487, "fpr60": 0.01860000006854534, "fpr70": 0.02410000003874302, "fpr80": 0.03550000116229057, "fpr90": 0.049400001764297485, "auroc": 0.972975492477417}