{"ausc": 0.8487512469291687, "accuracies": [0.7397836446762085, 0.7936604022979736, 0.7981277108192444, 0.8026666641235352, 0.7563068270683289, 0.8107151389122009, 0.81473308801651, 0.8182877898216248, 0.7716880440711975, 0.8242835998535156, 0.8283354640007019, 0.8298269510269165, 0.7832670211791992, 0.8357858657836914, 0.8379442095756531, 0.8385523557662964, 0.7917811274528503, 0.8404942750930786, 0.8430070281028748, 0.8442720174789429, 0.7992639541625977, 0.8495088219642639, 0.8519594073295593, 0.8539683222770691, 0.8112672567367554, 0.8569828867912292, 0.8585972785949707, 0.8599898219108582, 0.8160256743431091, 0.8609169125556946, 0.8613290786743164, 0.8608247637748718, 0.8193109035491943, 0.8638325929641724, 0.8653846383094788, 0.8660050630569458, 0.8259475827217102, 0.8668639063835144, 0.8688034415245056, 0.867473304271698, 0.829244077205658, 0.8709003925323486, 0.8710389733314514, 0.8719186782836914, 0.8336090445518494, 0.8740516304969788, 0.8745338320732117, 0.8748931884765625, 0.8372566103935242, 0.8755938410758972, 0.8767917156219482, 0.8770217895507812, 0.841751754283905, 0.8765971660614014, 0.87577223777771, 0.8782877922058105, 0.8448619246482849, 0.8795952200889587, 0.8835024833679199, 0.8840326070785522, 0.8841784596443176, 0.8502553105354309, 0.8495027422904968, 0.8503631353378296, 0.8869267106056213, 0.8538362383842468, 0.8551831245422363, 0.8541790843009949, 0.8868510723114014, 0.8547443747520447, 0.8554877042770386, 0.8552989363670349, 0.8886380195617676, 0.8571781516075134, 0.8580119013786316, 0.8583458065986633, 0.8909849524497986, 0.8606933355331421, 0.8595510721206665, 0.8588661551475525, 0.8886911273002625, 0.8586018681526184, 0.8579043745994568, 0.8565279841423035, 0.8895030617713928, 0.855550229549408, 0.8556037545204163, 0.8585875034332275, 0.889918863773346, 0.8581239581108093, 0.8595390319824219, 0.8628355860710144, 0.9001588225364685, 0.86427903175354, 0.8654574155807495, 0.8649213910102844, 0.9015300273895264, 0.8635560274124146, 0.8642228841781616, 0.8636085391044617, 0.902338445186615, 0.8593606948852539, 0.8569528460502625, 0.8589663505554199, 0.8602344989776611, 0.8633081316947937, 0.8669143319129944, 0.8729142546653748, 0.8723646402359009, 0.876089334487915, 0.8750285506248474, 0.8834425210952759, 0.8799630403518677, 0.8835112452507019, 0.8885252475738525, 0.8991609215736389, 0.9045560956001282, 0.9033693075180054], "filter_out_rate": [0.0, 0.847457627118644, 1.694915254237288, 2.5423728813559325, 3.389830508474576, 4.23728813559322, 5.084745762711865, 5.932203389830509, 6.779661016949152, 7.627118644067797, 8.47457627118644, 9.322033898305085, 10.16949152542373, 11.016949152542372, 11.864406779661017, 12.711864406779661, 13.559322033898304, 14.40677966101695, 15.254237288135593, 16.101694915254235, 16.94915254237288, 17.796610169491526, 18.64406779661017, 19.491525423728813, 20.33898305084746, 21.1864406779661, 22.033898305084744, 22.88135593220339, 23.728813559322035, 24.576271186440678, 25.423728813559322, 26.27118644067797, 27.11864406779661, 27.966101694915253, 28.8135593220339, 29.66101694915254, 30.508474576271187, 31.35593220338983, 32.20338983050847, 33.05084745762712, 33.89830508474576, 34.74576271186441, 35.59322033898305, 36.440677966101696, 37.28813559322034, 38.13559322033898, 38.983050847457626, 39.83050847457627, 40.67796610169492, 41.52542372881356, 42.3728813559322, 43.22033898305085, 44.06779661016949, 44.91525423728814, 45.76271186440678, 46.61016949152542, 47.45762711864407, 48.30508474576271, 49.152542372881356, 50.0, 50.847457627118644, 51.69491525423729, 52.54237288135594, 53.38983050847458, 54.23728813559322, 55.08474576271186, 55.932203389830505, 56.779661016949156, 57.6271186440678, 58.47457627118644, 59.32203389830508, 60.16949152542372, 61.016949152542374, 61.86440677966102, 62.71186440677966, 63.559322033898304, 64.40677966101694, 65.2542372881356, 66.10169491525424, 66.94915254237289, 67.79661016949152, 68.64406779661016, 69.49152542372882, 70.33898305084746, 71.1864406779661, 72.03389830508475, 72.88135593220339, 73.72881355932203, 74.57627118644068, 75.42372881355932, 76.27118644067797, 77.11864406779661, 77.96610169491525, 78.8135593220339, 79.66101694915254, 80.50847457627118, 81.35593220338984, 82.20338983050848, 83.05084745762711, 83.89830508474576, 84.7457627118644, 85.59322033898306, 86.4406779661017, 87.28813559322035, 88.13559322033898, 88.98305084745762, 89.83050847457628, 90.67796610169492, 91.52542372881356, 92.37288135593221, 93.22033898305084, 94.0677966101695, 94.91525423728814, 95.76271186440678, 96.61016949152543, 97.45762711864407, 98.30508474576271, 99.15254237288136]}