{"ece": 0.06902639087018544, "acc": [0.0, 0.16326530612244897, 0.2268760907504363, 0.3485888634630053, 0.4445927903871829, 0.5034129692832765, 0.5277777777777778, 0.6062378167641326, 0.6795366795366795, 0.7220956719817767], "conf": [0.0, 0.17410714285714285, 0.2425828970331588, 0.33657513348588863, 0.4355807743658211, 0.53839590443686, 0.6398148148148148, 0.7402534113060428, 0.8407335907335908, 0.94874715261959]}