{"auprc": 0.6492945551872253, "fpr0": 0.0, "fpr10": 0.07880000025033951, "fpr20": 0.14169999957084656, "fpr30": 0.19619999825954437, "fpr40": 0.24549999833106995, "fpr50": 0.289900004863739, "fpr60": 0.3248000144958496, "fpr70": 0.3582000136375427, "fpr80": 0.3880999982357025, "fpr90": 0.41359999775886536, "auroc": 0.4638517498970032}