{"ausc": 0.7156776785850525, "accuracies": [0.5172275900840759, 0.5191802382469177, 0.5207570195198059, 0.5235897302627563, 0.5267783403396606, 0.5285595655441284, 0.5301597714424133, 0.5322102308273315, 0.5344017148017883, 0.5361990928649902, 0.5378096103668213, 0.5407626628875732, 0.5433244705200195, 0.5465381741523743, 0.5478475093841553, 0.5516750812530518, 0.5548831820487976, 0.557110607624054, 0.5598447322845459, 0.563452422618866, 0.5668894052505493, 0.5673953294754028, 0.5692423582077026, 0.5708791017532349, 0.5747663974761963, 0.5772355198860168, 0.5796273350715637, 0.58003169298172, 0.5837814211845398, 0.5859233736991882, 0.5892863869667053, 0.5911327004432678, 0.5930190086364746, 0.591974675655365, 0.5947253704071045, 0.5971233248710632, 0.5999914407730103, 0.6034861207008362, 0.6056323647499084, 0.6092689633369446, 0.6116771697998047, 0.613845944404602, 0.6174067258834839, 0.621351420879364, 0.6248878240585327, 0.6288644075393677, 0.6328685283660889, 0.6364118456840515, 0.6411595344543457, 0.6449725031852722, 0.6486377716064453, 0.6510770320892334, 0.6573594212532043, 0.6606237292289734, 0.6645781397819519, 0.6691156625747681, 0.6728888154029846, 0.6782154440879822, 0.682966947555542, 0.6872881650924683, 0.6934388875961304, 0.6976191401481628, 0.7022891044616699, 0.7077416777610779, 0.7121458053588867, 0.7201391458511353, 0.724926233291626, 0.7298933267593384, 0.7341806292533875, 0.7404089570045471, 0.7460454702377319, 0.7505531311035156, 0.7573014497756958, 0.7654725313186646, 0.7775981426239014, 0.7854218482971191, 0.7941249012947083, 0.7992633581161499, 0.8032364845275879, 0.8055210113525391, 0.8101896047592163, 0.8168942332267761, 0.8261044025421143, 0.834475576877594, 0.8416100740432739, 0.8499865531921387, 0.8571434020996094, 0.8628710508346558, 0.8690225481987, 0.8752558827400208, 0.8815089464187622, 0.8887565732002258, 0.8961811661720276, 0.8994564414024353, 0.905261218547821, 0.9110000729560852, 0.9157233834266663, 0.9205976724624634, 0.9249324202537537, 0.9268682599067688, 0.9296066164970398, 0.9357373118400574, 0.9375367760658264, 0.9411227107048035, 0.9427646994590759, 0.9469724893569946, 0.9489378333091736, 0.9532426595687866, 0.9596052765846252, 0.9616500735282898, 0.9656684994697571, 0.9698188900947571, 0.9760266542434692, 0.980759859085083, 0.9826135039329529, 0.9839056134223938, 0.9868103265762329, 0.9894328117370605], "filter_out_rate": [0.0, 0.847457627118644, 1.694915254237288, 2.5423728813559325, 3.389830508474576, 4.23728813559322, 5.084745762711865, 5.932203389830509, 6.779661016949152, 7.627118644067797, 8.47457627118644, 9.322033898305085, 10.16949152542373, 11.016949152542372, 11.864406779661017, 12.711864406779661, 13.559322033898304, 14.40677966101695, 15.254237288135593, 16.101694915254235, 16.94915254237288, 17.796610169491526, 18.64406779661017, 19.491525423728813, 20.33898305084746, 21.1864406779661, 22.033898305084744, 22.88135593220339, 23.728813559322035, 24.576271186440678, 25.423728813559322, 26.27118644067797, 27.11864406779661, 27.966101694915253, 28.8135593220339, 29.66101694915254, 30.508474576271187, 31.35593220338983, 32.20338983050847, 33.05084745762712, 33.89830508474576, 34.74576271186441, 35.59322033898305, 36.440677966101696, 37.28813559322034, 38.13559322033898, 38.983050847457626, 39.83050847457627, 40.67796610169492, 41.52542372881356, 42.3728813559322, 43.22033898305085, 44.06779661016949, 44.91525423728814, 45.76271186440678, 46.61016949152542, 47.45762711864407, 48.30508474576271, 49.152542372881356, 50.0, 50.847457627118644, 51.69491525423729, 52.54237288135594, 53.38983050847458, 54.23728813559322, 55.08474576271186, 55.932203389830505, 56.779661016949156, 57.6271186440678, 58.47457627118644, 59.32203389830508, 60.16949152542372, 61.016949152542374, 61.86440677966102, 62.71186440677966, 63.559322033898304, 64.40677966101694, 65.2542372881356, 66.10169491525424, 66.94915254237289, 67.79661016949152, 68.64406779661016, 69.49152542372882, 70.33898305084746, 71.1864406779661, 72.03389830508475, 72.88135593220339, 73.72881355932203, 74.57627118644068, 75.42372881355932, 76.27118644067797, 77.11864406779661, 77.96610169491525, 78.8135593220339, 79.66101694915254, 80.50847457627118, 81.35593220338984, 82.20338983050848, 83.05084745762711, 83.89830508474576, 84.7457627118644, 85.59322033898306, 86.4406779661017, 87.28813559322035, 88.13559322033898, 88.98305084745762, 89.83050847457628, 90.67796610169492, 91.52542372881356, 92.37288135593221, 93.22033898305084, 94.0677966101695, 94.91525423728814, 95.76271186440678, 96.61016949152543, 97.45762711864407, 98.30508474576271, 99.15254237288136]}