{"ece": 0.19952960436049547, "acc": [0.0, 0.4, 0.4232081911262799, 0.6109660574412533, 0.7851083883129123, 0.8802631578947369, 0.9124709527498064, 0.9477178423236514, 0.967003367003367, 0.9689922480620154], "conf": [0.0, 0.17998046875, 0.257679180887372, 0.3492167101827676, 0.44957587181903863, 0.5453947368421053, 0.6444616576297444, 0.7448132780082988, 0.8451178451178452, 0.958139534883721]}