{
    "train_accuracy": 0.9084697420634921,
    "train_map_r": 0.8111444030290151,
    "val_accuracy": 0.9439760314872917,
    "val_map_r": 0.8715722909978149,
    "test_accuracy": 0.8451338337882923,
    "test_map_r": 0.7402102740481429,
    "train_loss": -23.754086358626683,
    "val_loss": -29.53589909127418
}