{
    "auprc": 0.5940548181533813,
    "fpr0": 0.0,
    "fpr10": 0.0828000009059906,
    "fpr20": 0.13099999725818634,
    "fpr30": 0.14329999685287476,
    "fpr40": 0.1526000052690506,
    "fpr50": 0.16329999268054962,
    "fpr60": 0.17730000615119934,
    "fpr70": 0.1973000019788742,
    "fpr80": 0.22759999334812164,
    "fpr90": 0.2743000090122223,
    "auroc": 0.6840636134147644
}