{"ausc": 0.9250475168228149, "accuracies": [0.8794832229614258, 0.8844494223594666, 0.889154314994812, 0.8942848443984985, 0.8996970057487488, 0.9013827443122864, 0.9055308103561401, 0.9098484516143799, 0.915325939655304, 0.9191880822181702, 0.9226925373077393, 0.9271623492240906, 0.9336996078491211, 0.9334748983383179, 0.9356335401535034, 0.9366934299468994, 0.9400538802146912, 0.9396652579307556, 0.940819263458252, 0.9406007528305054, 0.9434438943862915, 0.9414825439453125, 0.9410070776939392, 0.9401289820671082, 0.9418101906776428, 0.941214919090271, 0.9417240619659424, 0.9418072700500488, 0.9429483413696289, 0.945763111114502, 0.9466464519500732, 0.9493614435195923, 0.9479597806930542, 0.9532447457313538, 0.9559687972068787, 0.9572128653526306, 0.9559155106544495, 0.9577902555465698, 0.9594181776046753, 0.9598437547683716, 0.9621258974075317, 0.9625451564788818, 0.9622799754142761, 0.9615433812141418, 0.9645311236381531, 0.9660052061080933, 0.9681670069694519, 0.9673797488212585, 0.9712086915969849, 0.9712274074554443, 0.9740873575210571, 0.977075457572937, 0.9783248901367188, 0.9845442175865173], "filter_out_rate": [0.0, 1.8518518518518516, 3.7037037037037033, 5.555555555555555, 7.4074074074074066, 9.25925925925926, 11.11111111111111, 12.962962962962962, 14.814814814814813, 16.666666666666664, 18.51851851851852, 20.37037037037037, 22.22222222222222, 24.074074074074073, 25.925925925925924, 27.77777777777778, 29.629629629629626, 31.48148148148148, 33.33333333333333, 35.18518518518518, 37.03703703703704, 38.88888888888889, 40.74074074074074, 42.592592592592595, 44.44444444444444, 46.2962962962963, 48.148148148148145, 50.0, 51.85185185185185, 53.70370370370371, 55.55555555555556, 57.407407407407405, 59.25925925925925, 61.111111111111114, 62.96296296296296, 64.81481481481481, 66.66666666666666, 68.51851851851852, 70.37037037037037, 72.22222222222221, 74.07407407407408, 75.92592592592592, 77.77777777777779, 79.62962962962963, 81.48148148148148, 83.33333333333334, 85.18518518518519, 87.03703703703704, 88.88888888888889, 90.74074074074075, 92.5925925925926, 94.44444444444444, 96.29629629629629, 98.14814814814815]}