{"ece": 0.06549144587937691, "acc": [0.0, 0.1715686274509804, 0.23598435462842243, 0.3563139931740614, 0.41431670281995664, 0.4752906976744186, 0.5580589254766031, 0.6517241379310345, 0.6295620437956204, 0.7734138972809668], "conf": [0.0, 0.17478553921568626, 0.24397001303780966, 0.33771331058020476, 0.43682212581344904, 0.5381540697674418, 0.639948006932409, 0.7392241379310345, 0.8398722627737226, 0.9491440080563948]}