{"auprc": 0.6234530210494995, "fpr0": 0.0, "fpr10": 0.08579999953508377, "fpr20": 0.1581999957561493, "fpr30": 0.22179999947547913, "fpr40": 0.27889999747276306, "fpr50": 0.32710000872612, "fpr60": 0.37040001153945923, "fpr70": 0.4072999954223633, "fpr80": 0.43790000677108765, "fpr90": 0.4657000005245209, "auroc": 0.4058660864830017}