{"ausc": 0.7085908651351929, "accuracies": [0.5098156929016113, 0.5131233334541321, 0.5134310126304626, 0.5153846144676208, 0.5153018832206726, 0.5173025131225586, 0.5197561979293823, 0.5219326019287109, 0.5236111283302307, 0.5260263085365295, 0.5280934572219849, 0.5297577977180481, 0.532555878162384, 0.5345116853713989, 0.5360998511314392, 0.53778076171875, 0.5394917726516724, 0.5418110489845276, 0.5438228249549866, 0.547518253326416, 0.5499762296676636, 0.5520009994506836, 0.5545476078987122, 0.5572649836540222, 0.5596647262573242, 0.5621110200881958, 0.5642282366752625, 0.5668951869010925, 0.5693589448928833, 0.5735560655593872, 0.5758764743804932, 0.577716052532196, 0.5817307829856873, 0.5842105150222778, 0.588516116142273, 0.5909842252731323, 0.5944816470146179, 0.5986193418502808, 0.6029386520385742, 0.6062586307525635, 0.6097965836524963, 0.6138579249382019, 0.6178680062294006, 0.6216692328453064, 0.6243398785591125, 0.6270768046379089, 0.6301913261413574, 0.6363426446914673, 0.639124870300293, 0.6425132751464844, 0.646148681640625, 0.6510463356971741, 0.6553959250450134, 0.660205602645874, 0.6628955006599426, 0.6674154996871948, 0.6697012186050415, 0.6740520000457764, 0.6787386536598206, 0.6852334141731262, 0.6898426413536072, 0.6955026388168335, 0.7000297904014587, 0.7036736011505127, 0.706813395023346, 0.7123714685440063, 0.7169921398162842, 0.7194963693618774, 0.7209756374359131, 0.7267822623252869, 0.7342537045478821, 0.7418604493141174, 0.7475603818893433, 0.752399206161499, 0.7595909237861633, 0.770043671131134, 0.7751864194869995, 0.7784023284912109, 0.783201277256012, 0.7912682890892029, 0.7982146143913269, 0.8054165244102478, 0.815917432308197, 0.822950005531311, 0.8281672596931458, 0.8349157571792603, 0.8446385264396667, 0.8531660437583923, 0.8623942732810974, 0.866126537322998, 0.8729709982872009, 0.8780128359794617, 0.8874152898788452, 0.8958779573440552, 0.9037846326828003, 0.906842827796936, 0.9130994081497192, 0.9203050136566162, 0.9266536235809326, 0.9284006953239441, 0.9322780966758728, 0.9383370876312256, 0.9428271055221558, 0.9420657753944397, 0.9437260031700134, 0.9495616555213928, 0.9489684700965881, 0.9585011601448059, 0.960304856300354, 0.9623626470565796, 0.9672698974609375, 0.9692559838294983, 0.9725721478462219, 0.9759861826896667, 0.9770881533622742, 0.9834379553794861, 0.987839937210083, 0.9860949516296387], "filter_out_rate": [0.0, 0.847457627118644, 1.694915254237288, 2.5423728813559325, 3.389830508474576, 4.23728813559322, 5.084745762711865, 5.932203389830509, 6.779661016949152, 7.627118644067797, 8.47457627118644, 9.322033898305085, 10.16949152542373, 11.016949152542372, 11.864406779661017, 12.711864406779661, 13.559322033898304, 14.40677966101695, 15.254237288135593, 16.101694915254235, 16.94915254237288, 17.796610169491526, 18.64406779661017, 19.491525423728813, 20.33898305084746, 21.1864406779661, 22.033898305084744, 22.88135593220339, 23.728813559322035, 24.576271186440678, 25.423728813559322, 26.27118644067797, 27.11864406779661, 27.966101694915253, 28.8135593220339, 29.66101694915254, 30.508474576271187, 31.35593220338983, 32.20338983050847, 33.05084745762712, 33.89830508474576, 34.74576271186441, 35.59322033898305, 36.440677966101696, 37.28813559322034, 38.13559322033898, 38.983050847457626, 39.83050847457627, 40.67796610169492, 41.52542372881356, 42.3728813559322, 43.22033898305085, 44.06779661016949, 44.91525423728814, 45.76271186440678, 46.61016949152542, 47.45762711864407, 48.30508474576271, 49.152542372881356, 50.0, 50.847457627118644, 51.69491525423729, 52.54237288135594, 53.38983050847458, 54.23728813559322, 55.08474576271186, 55.932203389830505, 56.779661016949156, 57.6271186440678, 58.47457627118644, 59.32203389830508, 60.16949152542372, 61.016949152542374, 61.86440677966102, 62.71186440677966, 63.559322033898304, 64.40677966101694, 65.2542372881356, 66.10169491525424, 66.94915254237289, 67.79661016949152, 68.64406779661016, 69.49152542372882, 70.33898305084746, 71.1864406779661, 72.03389830508475, 72.88135593220339, 73.72881355932203, 74.57627118644068, 75.42372881355932, 76.27118644067797, 77.11864406779661, 77.96610169491525, 78.8135593220339, 79.66101694915254, 80.50847457627118, 81.35593220338984, 82.20338983050848, 83.05084745762711, 83.89830508474576, 84.7457627118644, 85.59322033898306, 86.4406779661017, 87.28813559322035, 88.13559322033898, 88.98305084745762, 89.83050847457628, 90.67796610169492, 91.52542372881356, 92.37288135593221, 93.22033898305084, 94.0677966101695, 94.91525423728814, 95.76271186440678, 96.61016949152543, 97.45762711864407, 98.30508474576271, 99.15254237288136]}