{"ece": 0.07055101526497695, "acc": [0.0, 0.16477272727272727, 0.23076923076923078, 0.3285953177257525, 0.4281298299845441, 0.4892086330935252, 0.5345528455284553, 0.582392776523702, 0.6484517304189436, 0.7129411764705882], "conf": [0.0, 0.17302911931818182, 0.23870360408821947, 0.3342391304347826, 0.43701700154559503, 0.5386690647482014, 0.641260162601626, 0.7443566591422122, 0.843351548269581, 0.9494117647058824]}