{"auprc": 0.6524921655654907, "fpr0": 0.0, "fpr10": 0.06920000165700912, "fpr20": 0.12970000505447388, "fpr30": 0.18279999494552612, "fpr40": 0.23270000517368317, "fpr50": 0.28029999136924744, "fpr60": 0.3203999996185303, "fpr70": 0.35569998621940613, "fpr80": 0.38760000467300415, "fpr90": 0.41679999232292175, "auroc": 0.4664270579814911}