{"ausc": 0.7214607000350952, "accuracies": [0.49919870495796204, 0.502220869064331, 0.5051892399787903, 0.5077949166297913, 0.5095120072364807, 0.5117782354354858, 0.5161832571029663, 0.5191777348518372, 0.5221153497695923, 0.523270845413208, 0.5266188383102417, 0.5294762849807739, 0.5326038599014282, 0.5335562825202942, 0.5358749628067017, 0.5405037999153137, 0.5446428060531616, 0.5472395420074463, 0.5484848022460938, 0.5522230267524719, 0.5547245740890503, 0.5572729110717773, 0.5622883439064026, 0.5643467307090759, 0.5670611262321472, 0.5693303346633911, 0.5744092464447021, 0.577049970626831, 0.5814102292060852, 0.5835275650024414, 0.5858189463615417, 0.5900079011917114, 0.5930822491645813, 0.5959514379501343, 0.5991544127464294, 0.6029252409934998, 0.606972873210907, 0.6120942234992981, 0.6159048080444336, 0.6192249059677124, 0.6211636066436768, 0.6238836646080017, 0.6268143057823181, 0.6308716535568237, 0.6335469484329224, 0.636646032333374, 0.640033483505249, 0.6425569653511047, 0.6468557715415955, 0.6490420699119568, 0.6523860692977905, 0.6575332283973694, 0.6624718904495239, 0.6678308844566345, 0.6704378128051758, 0.6753624677658081, 0.6803023219108582, 0.6867306232452393, 0.6902797222137451, 0.695063591003418, 0.7001998424530029, 0.7072609663009644, 0.7129867672920227, 0.720280647277832, 0.7254326939582825, 0.7343392372131348, 0.7409257888793945, 0.7465869784355164, 0.7544650435447693, 0.7592796683311462, 0.7668600678443909, 0.7735263705253601, 0.7804019451141357, 0.7872155904769897, 0.7923250198364258, 0.8024566769599915, 0.8095857501029968, 0.8162437677383423, 0.8241716027259827, 0.8294042944908142, 0.8380841016769409, 0.8463321328163147, 0.8542446494102478, 0.8598413467407227, 0.8708541989326477, 0.8770720362663269, 0.8810545802116394, 0.8847525119781494, 0.8927152752876282, 0.8981406092643738, 0.903291642665863, 0.9082563519477844, 0.9127302765846252, 0.9168092012405396, 0.9206254482269287, 0.9245777726173401, 0.9274418950080872, 0.9299787878990173, 0.9327875971794128, 0.9392185807228088, 0.9451249241828918, 0.9473643898963928, 0.9499313235282898, 0.9480093121528625, 0.949608325958252, 0.9521023631095886, 0.9526090621948242, 0.9587539434432983, 0.9614065885543823, 0.9688748121261597, 0.9705830216407776, 0.9758627414703369, 0.9761751890182495, 0.9779374599456787, 0.9791960120201111, 0.980462908744812, 0.9829837083816528, 0.9843661785125732], "filter_out_rate": [0.0, 0.847457627118644, 1.694915254237288, 2.5423728813559325, 3.389830508474576, 4.23728813559322, 5.084745762711865, 5.932203389830509, 6.779661016949152, 7.627118644067797, 8.47457627118644, 9.322033898305085, 10.16949152542373, 11.016949152542372, 11.864406779661017, 12.711864406779661, 13.559322033898304, 14.40677966101695, 15.254237288135593, 16.101694915254235, 16.94915254237288, 17.796610169491526, 18.64406779661017, 19.491525423728813, 20.33898305084746, 21.1864406779661, 22.033898305084744, 22.88135593220339, 23.728813559322035, 24.576271186440678, 25.423728813559322, 26.27118644067797, 27.11864406779661, 27.966101694915253, 28.8135593220339, 29.66101694915254, 30.508474576271187, 31.35593220338983, 32.20338983050847, 33.05084745762712, 33.89830508474576, 34.74576271186441, 35.59322033898305, 36.440677966101696, 37.28813559322034, 38.13559322033898, 38.983050847457626, 39.83050847457627, 40.67796610169492, 41.52542372881356, 42.3728813559322, 43.22033898305085, 44.06779661016949, 44.91525423728814, 45.76271186440678, 46.61016949152542, 47.45762711864407, 48.30508474576271, 49.152542372881356, 50.0, 50.847457627118644, 51.69491525423729, 52.54237288135594, 53.38983050847458, 54.23728813559322, 55.08474576271186, 55.932203389830505, 56.779661016949156, 57.6271186440678, 58.47457627118644, 59.32203389830508, 60.16949152542372, 61.016949152542374, 61.86440677966102, 62.71186440677966, 63.559322033898304, 64.40677966101694, 65.2542372881356, 66.10169491525424, 66.94915254237289, 67.79661016949152, 68.64406779661016, 69.49152542372882, 70.33898305084746, 71.1864406779661, 72.03389830508475, 72.88135593220339, 73.72881355932203, 74.57627118644068, 75.42372881355932, 76.27118644067797, 77.11864406779661, 77.96610169491525, 78.8135593220339, 79.66101694915254, 80.50847457627118, 81.35593220338984, 82.20338983050848, 83.05084745762711, 83.89830508474576, 84.7457627118644, 85.59322033898306, 86.4406779661017, 87.28813559322035, 88.13559322033898, 88.98305084745762, 89.83050847457628, 90.67796610169492, 91.52542372881356, 92.37288135593221, 93.22033898305084, 94.0677966101695, 94.91525423728814, 95.76271186440678, 96.61016949152543, 97.45762711864407, 98.30508474576271, 99.15254237288136]}