{"ece": 0.07484295697477697, "acc": [0.0, 0.0, 0.5, 0.4, 0.4158415841584158, 0.5235732009925558, 0.5502283105022832, 0.6725274725274726, 0.7030651340996169, 0.8796536796536797], "conf": [0.0, 0.0, 0.2600911458333333, 0.3508928571428571, 0.4439975247524752, 0.5421836228287841, 0.639269406392694, 0.7401098901098901, 0.8419540229885057, 0.9515151515151515]}