{"auprc": 0.959973156452179, "fpr0": 0.0, "fpr10": 0.00019999999494757503, "fpr20": 0.0013000000035390258, "fpr30": 0.00279999990016222, "fpr40": 0.004999999888241291, "fpr50": 0.008500000461935997, "fpr60": 0.014700000174343586, "fpr70": 0.023900000378489494, "fpr80": 0.03929999843239784, "fpr90": 0.06390000134706497, "auroc": 0.962005078792572}