{"ausc": 0.9628037810325623, "accuracies": [0.8686898946762085, 0.8735108971595764, 0.8769841194152832, 0.881128191947937, 0.8856493830680847, 0.8899312019348145, 0.8939680457115173, 0.8966941833496094, 0.8992520570755005, 0.901529848575592, 0.9044979810714722, 0.9079552888870239, 0.9110299944877625, 0.9140469431877136, 0.9171075820922852, 0.9196641445159912, 0.9219239354133606, 0.9245699644088745, 0.9270309805870056, 0.9307133555412292, 0.9337519407272339, 0.9367271065711975, 0.939274787902832, 0.9405372738838196, 0.9428008794784546, 0.9454817175865173, 0.9469483494758606, 0.9487077593803406, 0.9502459764480591, 0.951556384563446, 0.9532858729362488, 0.9542554020881653, 0.9559069871902466, 0.9570619463920593, 0.9583708047866821, 0.9593057632446289, 0.9615108966827393, 0.9637597799301147, 0.9652069211006165, 0.9675477147102356, 0.9678934812545776, 0.9687044024467468, 0.9704163670539856, 0.9714138507843018, 0.9721299409866333, 0.9736464023590088, 0.9753602743148804, 0.9766318202018738, 0.9780928492546082, 0.9787982106208801, 0.9803141355514526, 0.9813867211341858, 0.9828287959098816, 0.9836142063140869, 0.9844468832015991, 0.9852805733680725, 0.9868369698524475, 0.9873927235603333, 0.9885193109512329, 0.9891051054000854, 0.9895117282867432, 0.9897416830062866, 0.9900001287460327, 0.9918164014816284, 0.9926984906196594, 0.9927612543106079, 0.9932806491851807, 0.9940232634544373, 0.9950053095817566, 0.9951551556587219, 0.9968467354774475, 0.9970232844352722, 0.997435450553894, 0.9971590042114258, 0.9978315830230713, 0.9977946281433105, 0.9977567791938782, 0.9984764456748962, 0.9981785416603088, 0.9981289505958557, 0.9980946779251099, 0.9980663657188416, 0.9985688328742981, 0.9985360503196716, 0.9985017776489258, 0.998465895652771, 0.9984052777290344, 0.9983810186386108, 0.9986677765846252, 0.9986321926116943, 0.9993069767951965, 1.0, 1.0, 1.0, 1.0, 1.0, 1.0, 1.0, 1.0, 1.0, 1.0, 1.0, 1.0, 1.0, 1.0, 1.0, 1.0, 1.0, 1.0, 1.0, 1.0, 1.0, 1.0, 1.0, 1.0, 1.0, 1.0, 1.0], "filter_out_rate": [0.0, 0.847457627118644, 1.694915254237288, 2.5423728813559325, 3.389830508474576, 4.23728813559322, 5.084745762711865, 5.932203389830509, 6.779661016949152, 7.627118644067797, 8.47457627118644, 9.322033898305085, 10.16949152542373, 11.016949152542372, 11.864406779661017, 12.711864406779661, 13.559322033898304, 14.40677966101695, 15.254237288135593, 16.101694915254235, 16.94915254237288, 17.796610169491526, 18.64406779661017, 19.491525423728813, 20.33898305084746, 21.1864406779661, 22.033898305084744, 22.88135593220339, 23.728813559322035, 24.576271186440678, 25.423728813559322, 26.27118644067797, 27.11864406779661, 27.966101694915253, 28.8135593220339, 29.66101694915254, 30.508474576271187, 31.35593220338983, 32.20338983050847, 33.05084745762712, 33.89830508474576, 34.74576271186441, 35.59322033898305, 36.440677966101696, 37.28813559322034, 38.13559322033898, 38.983050847457626, 39.83050847457627, 40.67796610169492, 41.52542372881356, 42.3728813559322, 43.22033898305085, 44.06779661016949, 44.91525423728814, 45.76271186440678, 46.61016949152542, 47.45762711864407, 48.30508474576271, 49.152542372881356, 50.0, 50.847457627118644, 51.69491525423729, 52.54237288135594, 53.38983050847458, 54.23728813559322, 55.08474576271186, 55.932203389830505, 56.779661016949156, 57.6271186440678, 58.47457627118644, 59.32203389830508, 60.16949152542372, 61.016949152542374, 61.86440677966102, 62.71186440677966, 63.559322033898304, 64.40677966101694, 65.2542372881356, 66.10169491525424, 66.94915254237289, 67.79661016949152, 68.64406779661016, 69.49152542372882, 70.33898305084746, 71.1864406779661, 72.03389830508475, 72.88135593220339, 73.72881355932203, 74.57627118644068, 75.42372881355932, 76.27118644067797, 77.11864406779661, 77.96610169491525, 78.8135593220339, 79.66101694915254, 80.50847457627118, 81.35593220338984, 82.20338983050848, 83.05084745762711, 83.89830508474576, 84.7457627118644, 85.59322033898306, 86.4406779661017, 87.28813559322035, 88.13559322033898, 88.98305084745762, 89.83050847457628, 90.67796610169492, 91.52542372881356, 92.37288135593221, 93.22033898305084, 94.0677966101695, 94.91525423728814, 95.76271186440678, 96.61016949152543, 97.45762711864407, 98.30508474576271, 99.15254237288136]}