{"ece": 0.07433350194844125, "acc": [0.0, 0.0, 0.42857142857142855, 0.30337078651685395, 0.38362068965517243, 0.49195402298850577, 0.5575916230366492, 0.6644736842105263, 0.7410207939508506, 0.87893864013267], "conf": [0.0, 0.0, 0.26004464285714285, 0.3530547752808989, 0.4423491379310345, 0.539080459770115, 0.6420157068062827, 0.7395833333333334, 0.8426275992438563, 0.9519071310116086]}