{"auprc": 0.974313497543335, "fpr0": 0.0, "fpr10": 0.00039999998989515007, "fpr20": 0.0008999999845400453, "fpr30": 0.0015999999595806003, "fpr40": 0.0031999999191612005, "fpr50": 0.006300000008195639, "fpr60": 0.010400000028312206, "fpr70": 0.01549999974668026, "fpr80": 0.024299999698996544, "fpr90": 0.042500000447034836, "auroc": 0.9770578145980835}