{"ausc": 0.9604325294494629, "accuracies": [0.8675881624221802, 0.8711891174316406, 0.8749491572380066, 0.8790769577026367, 0.8833746314048767, 0.8869085311889648, 0.8892391920089722, 0.8906547427177429, 0.8935897946357727, 0.895496666431427, 0.8978706002235413, 0.9002848863601685, 0.9032934904098511, 0.9052397608757019, 0.9099190831184387, 0.9124119877815247, 0.9143772721290588, 0.9167243838310242, 0.9194638133049011, 0.9217830300331116, 0.9241453409194946, 0.926072359085083, 0.9292452931404114, 0.9319902062416077, 0.9346551895141602, 0.9371421933174133, 0.9382856488227844, 0.9404670596122742, 0.9430769085884094, 0.9454739093780518, 0.9476646184921265, 0.9496322274208069, 0.9516475200653076, 0.9531642198562622, 0.9547117948532104, 0.9565697908401489, 0.9586043953895569, 0.9604019522666931, 0.9622409343719482, 0.9639415144920349, 0.9651269912719727, 0.967962384223938, 0.9690693616867065, 0.9703566431999207, 0.971657395362854, 0.9720907807350159, 0.9742486476898193, 0.9755182266235352, 0.9768069386482239, 0.9778201580047607, 0.9786916971206665, 0.9799010157585144, 0.9806542992591858, 0.9824572801589966, 0.9829119443893433, 0.9854835867881775, 0.9858068823814392, 0.98703932762146, 0.9879644513130188, 0.9883456826210022, 0.9898689389228821, 0.9906923174858093, 0.9929226636886597, 0.9934259057044983, 0.993719220161438, 0.9944426417350769, 0.9947590231895447, 0.9951028823852539, 0.9950271844863892, 0.9951478838920593, 0.9952878952026367, 0.9956535696983337, 0.9962742924690247, 0.9962053298950195, 0.9963756203651428, 0.9963107109069824, 0.9964898824691772, 0.9964094758033752, 0.9968592524528503, 0.9973394870758057, 0.9975558519363403, 0.9975153803825378, 0.9977393746376038, 0.9979733228683472, 0.9979191422462463, 0.9981677532196045, 0.9981305003166199, 0.9987413287162781, 0.9987097382545471, 0.9990138411521912, 0.9989787340164185, 0.9989508390426636, 0.9989112615585327, 0.9988795518875122, 0.9988459348678589, 0.9988102316856384, 0.9987722635269165, 0.9982905983924866, 0.9982316493988037, 0.9990842938423157, 0.9990503191947937, 0.9990138411521912, 0.9989743232727051, 0.9989084005355835, 0.9994425773620605, 0.999417245388031, 1.0, 1.0, 1.0, 1.0, 1.0, 1.0, 1.0, 1.0, 1.0, 1.0, 1.0, 1.0], "filter_out_rate": [0.0, 0.847457627118644, 1.694915254237288, 2.5423728813559325, 3.389830508474576, 4.23728813559322, 5.084745762711865, 5.932203389830509, 6.779661016949152, 7.627118644067797, 8.47457627118644, 9.322033898305085, 10.16949152542373, 11.016949152542372, 11.864406779661017, 12.711864406779661, 13.559322033898304, 14.40677966101695, 15.254237288135593, 16.101694915254235, 16.94915254237288, 17.796610169491526, 18.64406779661017, 19.491525423728813, 20.33898305084746, 21.1864406779661, 22.033898305084744, 22.88135593220339, 23.728813559322035, 24.576271186440678, 25.423728813559322, 26.27118644067797, 27.11864406779661, 27.966101694915253, 28.8135593220339, 29.66101694915254, 30.508474576271187, 31.35593220338983, 32.20338983050847, 33.05084745762712, 33.89830508474576, 34.74576271186441, 35.59322033898305, 36.440677966101696, 37.28813559322034, 38.13559322033898, 38.983050847457626, 39.83050847457627, 40.67796610169492, 41.52542372881356, 42.3728813559322, 43.22033898305085, 44.06779661016949, 44.91525423728814, 45.76271186440678, 46.61016949152542, 47.45762711864407, 48.30508474576271, 49.152542372881356, 50.0, 50.847457627118644, 51.69491525423729, 52.54237288135594, 53.38983050847458, 54.23728813559322, 55.08474576271186, 55.932203389830505, 56.779661016949156, 57.6271186440678, 58.47457627118644, 59.32203389830508, 60.16949152542372, 61.016949152542374, 61.86440677966102, 62.71186440677966, 63.559322033898304, 64.40677966101694, 65.2542372881356, 66.10169491525424, 66.94915254237289, 67.79661016949152, 68.64406779661016, 69.49152542372882, 70.33898305084746, 71.1864406779661, 72.03389830508475, 72.88135593220339, 73.72881355932203, 74.57627118644068, 75.42372881355932, 76.27118644067797, 77.11864406779661, 77.96610169491525, 78.8135593220339, 79.66101694915254, 80.50847457627118, 81.35593220338984, 82.20338983050848, 83.05084745762711, 83.89830508474576, 84.7457627118644, 85.59322033898306, 86.4406779661017, 87.28813559322035, 88.13559322033898, 88.98305084745762, 89.83050847457628, 90.67796610169492, 91.52542372881356, 92.37288135593221, 93.22033898305084, 94.0677966101695, 94.91525423728814, 95.76271186440678, 96.61016949152543, 97.45762711864407, 98.30508474576271, 99.15254237288136]}