{"ece": 0.16365559895833337, "acc": [0.0, 0.25, 0.2, 0.2453358208955224, 0.3227739726027397, 0.37886872998932764, 0.4565499351491569, 0.5328, 0.5788617886178862, 0.7210473313192346], "conf": [0.0, 0.1800537109375, 0.25892857142857145, 0.34421641791044777, 0.4396404109589041, 0.5386872998932765, 0.6387808041504539, 0.7408, 0.843089430894309, 0.9496475327291037]}