{"auprc": 0.6696544885635376, "fpr0": 0.0, "fpr10": 0.06960000097751617, "fpr20": 0.1168999969959259, "fpr30": 0.1589999943971634, "fpr40": 0.19920000433921814, "fpr50": 0.23160000145435333, "fpr60": 0.26420000195503235, "fpr70": 0.2953000068664551, "fpr80": 0.3246000111103058, "fpr90": 0.35280001163482666, "auroc": 0.4852393865585327}