{"ausc": 0.7444570064544678, "accuracies": [0.5524839758872986, 0.5551181435585022, 0.557183563709259, 0.5595897436141968, 0.5615178346633911, 0.5633729100227356, 0.5653635859489441, 0.568446695804596, 0.5702991485595703, 0.5713208913803101, 0.5722512006759644, 0.575498640537262, 0.5760388970375061, 0.5774804949760437, 0.5797345638275146, 0.5820286273956299, 0.5827609896659851, 0.5839686393737793, 0.5864801406860352, 0.5880969762802124, 0.5915241837501526, 0.5924993753433228, 0.5942187309265137, 0.5981686115264893, 0.5998520255088806, 0.6026886105537415, 0.6050779223442078, 0.6073876023292542, 0.6108974814414978, 0.6129241585731506, 0.6147305369377136, 0.6168384552001953, 0.6208600997924805, 0.6244264245033264, 0.6280247569084167, 0.62912517786026, 0.6331790089607239, 0.6377446055412292, 0.6409872174263, 0.6431454420089722, 0.6473855972290039, 0.652559220790863, 0.6550825834274292, 0.6597735285758972, 0.6644213795661926, 0.6677950024604797, 0.670465350151062, 0.6728830337524414, 0.6747261881828308, 0.6766160130500793, 0.6795405745506287, 0.6827032566070557, 0.6864574551582336, 0.6932178139686584, 0.695442795753479, 0.6979447603225708, 0.7021211981773376, 0.7054248452186584, 0.7128869295120239, 0.7175989151000977, 0.7233403325080872, 0.7299371361732483, 0.7337397336959839, 0.7388190031051636, 0.7429314851760864, 0.7477779388427734, 0.7544339299201965, 0.7634324431419373, 0.7693402171134949, 0.7751136422157288, 0.7818040251731873, 0.7847792506217957, 0.789118766784668, 0.794806718826294, 0.8007197380065918, 0.8090704083442688, 0.8154402375221252, 0.8221824765205383, 0.8288020491600037, 0.8344032168388367, 0.8393112421035767, 0.8473936319351196, 0.853091299533844, 0.8585202097892761, 0.8672299385070801, 0.8759756684303284, 0.8872210383415222, 0.8925515413284302, 0.9013554453849792, 0.9086347818374634, 0.9165410995483398, 0.9235169887542725, 0.9281451106071472, 0.9324526786804199, 0.9360644817352295, 0.9408769011497498, 0.945645272731781, 0.9490217566490173, 0.95489501953125, 0.9576977491378784, 0.9592936635017395, 0.9633106589317322, 0.9643542170524597, 0.9666360020637512, 0.969415545463562, 0.9703015089035034, 0.9732370376586914, 0.9742825031280518, 0.978399395942688, 0.9806397557258606, 0.9806393384933472, 0.984144926071167, 0.9866358637809753, 0.9887424111366272, 0.9896543622016907, 0.9931474328041077, 0.996244490146637, 0.9971510171890259], "filter_out_rate": [0.0, 0.847457627118644, 1.694915254237288, 2.5423728813559325, 3.389830508474576, 4.23728813559322, 5.084745762711865, 5.932203389830509, 6.779661016949152, 7.627118644067797, 8.47457627118644, 9.322033898305085, 10.16949152542373, 11.016949152542372, 11.864406779661017, 12.711864406779661, 13.559322033898304, 14.40677966101695, 15.254237288135593, 16.101694915254235, 16.94915254237288, 17.796610169491526, 18.64406779661017, 19.491525423728813, 20.33898305084746, 21.1864406779661, 22.033898305084744, 22.88135593220339, 23.728813559322035, 24.576271186440678, 25.423728813559322, 26.27118644067797, 27.11864406779661, 27.966101694915253, 28.8135593220339, 29.66101694915254, 30.508474576271187, 31.35593220338983, 32.20338983050847, 33.05084745762712, 33.89830508474576, 34.74576271186441, 35.59322033898305, 36.440677966101696, 37.28813559322034, 38.13559322033898, 38.983050847457626, 39.83050847457627, 40.67796610169492, 41.52542372881356, 42.3728813559322, 43.22033898305085, 44.06779661016949, 44.91525423728814, 45.76271186440678, 46.61016949152542, 47.45762711864407, 48.30508474576271, 49.152542372881356, 50.0, 50.847457627118644, 51.69491525423729, 52.54237288135594, 53.38983050847458, 54.23728813559322, 55.08474576271186, 55.932203389830505, 56.779661016949156, 57.6271186440678, 58.47457627118644, 59.32203389830508, 60.16949152542372, 61.016949152542374, 61.86440677966102, 62.71186440677966, 63.559322033898304, 64.40677966101694, 65.2542372881356, 66.10169491525424, 66.94915254237289, 67.79661016949152, 68.64406779661016, 69.49152542372882, 70.33898305084746, 71.1864406779661, 72.03389830508475, 72.88135593220339, 73.72881355932203, 74.57627118644068, 75.42372881355932, 76.27118644067797, 77.11864406779661, 77.96610169491525, 78.8135593220339, 79.66101694915254, 80.50847457627118, 81.35593220338984, 82.20338983050848, 83.05084745762711, 83.89830508474576, 84.7457627118644, 85.59322033898306, 86.4406779661017, 87.28813559322035, 88.13559322033898, 88.98305084745762, 89.83050847457628, 90.67796610169492, 91.52542372881356, 92.37288135593221, 93.22033898305084, 94.0677966101695, 94.91525423728814, 95.76271186440678, 96.61016949152543, 97.45762711864407, 98.30508474576271, 99.15254237288136]}