{"ece": 0.016708716490024957, "acc": [0.0, 0.0, 0.1724137931034483, 0.2358490566037736, 0.4295774647887324, 0.5264054514480409, 0.630192502532928, 0.6959910913140311, 0.8363228699551569, 0.9571129707112971], "conf": [0.0, 0.18001302083333334, 0.2517510775862069, 0.35524764150943394, 0.446830985915493, 0.5383304940374787, 0.6377912867274569, 0.737750556792873, 0.8402466367713004, 0.9513598326359832]}