{"auprc": 0.9847301244735718, "fpr0": 0.0, "fpr10": 0.00039999998989515007, "fpr20": 0.0007999999797903001, "fpr30": 0.0010999999940395355, "fpr40": 0.002300000051036477, "fpr50": 0.004100000020116568, "fpr60": 0.006099999882280827, "fpr70": 0.009200000204145908, "fpr80": 0.01489999983459711, "fpr90": 0.027499999850988388, "auroc": 0.9877921938896179}