{"ausc": 0.8723592162132263, "accuracies": [0.7554086446762085, 0.8141530156135559, 0.8187829852104187, 0.8224615454673767, 0.7705748677253723, 0.831978440284729, 0.8351197838783264, 0.8382072448730469, 0.7855769395828247, 0.8432449698448181, 0.8472403287887573, 0.8483454585075378, 0.7981874346733093, 0.8528427481651306, 0.8550382852554321, 0.8569321036338806, 0.8068910241127014, 0.8603603839874268, 0.8620045781135559, 0.8623852729797363, 0.8129153847694397, 0.8656840920448303, 0.8671988248825073, 0.8687423467636108, 0.8206360936164856, 0.8709088563919067, 0.8709001541137695, 0.872404158115387, 0.8245869278907776, 0.8738404512405396, 0.873863697052002, 0.8741491436958313, 0.8326417803764343, 0.8752791285514832, 0.8762648105621338, 0.8770020604133606, 0.8351097106933594, 0.8793713450431824, 0.8776097297668457, 0.8788009285926819, 0.8379267454147339, 0.8810033798217773, 0.8833332657814026, 0.883467972278595, 0.8417607545852661, 0.884364902973175, 0.8845188617706299, 0.883725106716156, 0.8407070636749268, 0.8861050605773926, 0.8852728605270386, 0.8862606883049011, 0.8453869223594666, 0.8856269717216492, 0.8849426507949829, 0.8865078687667847, 0.847873866558075, 0.8864129781723022, 0.8858807682991028, 0.8870219588279724, 0.8883398771286011, 0.8506375551223755, 0.8527687191963196, 0.8532551527023315, 0.894317626953125, 0.8563032150268555, 0.8591517806053162, 0.8597036600112915, 0.899562418460846, 0.8638252019882202, 0.8635404706001282, 0.8648055791854858, 0.9036016464233398, 0.8695138096809387, 0.8708012104034424, 0.873275101184845, 0.9030708074569702, 0.8743647933006287, 0.8780378699302673, 0.8783196806907654, 0.9091929793357849, 0.880305290222168, 0.8823134303092957, 0.8834007382392883, 0.9106242656707764, 0.885905921459198, 0.8882008790969849, 0.8904991149902344, 0.9189128279685974, 0.8960728049278259, 0.897929847240448, 0.8975628614425659, 0.9253109693527222, 0.9032872319221497, 0.9041245579719543, 0.9055758714675903, 0.9265531897544861, 0.9081477522850037, 0.9117056131362915, 0.9153819680213928, 0.9348954558372498, 0.9177287220954895, 0.9228816032409668, 0.927967369556427, 0.9292857050895691, 0.9283517599105835, 0.9390920996665955, 0.940479576587677, 0.9440837502479553, 0.9436085820198059, 0.946815013885498, 0.9508739113807678, 0.9556231498718262, 0.9575995206832886, 0.9641708135604858, 0.9672688245773315, 0.976683497428894, 0.9774720668792725], "filter_out_rate": [0.0, 0.847457627118644, 1.694915254237288, 2.5423728813559325, 3.389830508474576, 4.23728813559322, 5.084745762711865, 5.932203389830509, 6.779661016949152, 7.627118644067797, 8.47457627118644, 9.322033898305085, 10.16949152542373, 11.016949152542372, 11.864406779661017, 12.711864406779661, 13.559322033898304, 14.40677966101695, 15.254237288135593, 16.101694915254235, 16.94915254237288, 17.796610169491526, 18.64406779661017, 19.491525423728813, 20.33898305084746, 21.1864406779661, 22.033898305084744, 22.88135593220339, 23.728813559322035, 24.576271186440678, 25.423728813559322, 26.27118644067797, 27.11864406779661, 27.966101694915253, 28.8135593220339, 29.66101694915254, 30.508474576271187, 31.35593220338983, 32.20338983050847, 33.05084745762712, 33.89830508474576, 34.74576271186441, 35.59322033898305, 36.440677966101696, 37.28813559322034, 38.13559322033898, 38.983050847457626, 39.83050847457627, 40.67796610169492, 41.52542372881356, 42.3728813559322, 43.22033898305085, 44.06779661016949, 44.91525423728814, 45.76271186440678, 46.61016949152542, 47.45762711864407, 48.30508474576271, 49.152542372881356, 50.0, 50.847457627118644, 51.69491525423729, 52.54237288135594, 53.38983050847458, 54.23728813559322, 55.08474576271186, 55.932203389830505, 56.779661016949156, 57.6271186440678, 58.47457627118644, 59.32203389830508, 60.16949152542372, 61.016949152542374, 61.86440677966102, 62.71186440677966, 63.559322033898304, 64.40677966101694, 65.2542372881356, 66.10169491525424, 66.94915254237289, 67.79661016949152, 68.64406779661016, 69.49152542372882, 70.33898305084746, 71.1864406779661, 72.03389830508475, 72.88135593220339, 73.72881355932203, 74.57627118644068, 75.42372881355932, 76.27118644067797, 77.11864406779661, 77.96610169491525, 78.8135593220339, 79.66101694915254, 80.50847457627118, 81.35593220338984, 82.20338983050848, 83.05084745762711, 83.89830508474576, 84.7457627118644, 85.59322033898306, 86.4406779661017, 87.28813559322035, 88.13559322033898, 88.98305084745762, 89.83050847457628, 90.67796610169492, 91.52542372881356, 92.37288135593221, 93.22033898305084, 94.0677966101695, 94.91525423728814, 95.76271186440678, 96.61016949152543, 97.45762711864407, 98.30508474576271, 99.15254237288136]}