{"ece": 0.02006114445090366, "acc": [0.0, 0.5, 0.32142857142857145, 0.2909090909090909, 0.4461738002594034, 0.5083612040133779, 0.5995762711864406, 0.7168037602820212, 0.8307873090481787, 0.9439679817038308], "conf": [0.0, 0.1700439453125, 0.25279017857142855, 0.35255681818181817, 0.4487678339818418, 0.5392976588628763, 0.6377118644067796, 0.7403055229142186, 0.8419506462984724, 0.9508290451686678]}