{"auprc": 0.9693173170089722, "fpr0": 0.0, "fpr10": 0.0010000000474974513, "fpr20": 0.0020000000949949026, "fpr30": 0.00279999990016222, "fpr40": 0.005100000184029341, "fpr50": 0.007799999788403511, "fpr60": 0.01209999993443489, "fpr70": 0.017999999225139618, "fpr80": 0.03020000085234642, "fpr90": 0.04899999871850014, "auroc": 0.9738192558288574}