{"ausc": 0.8699226379394531, "accuracies": [0.7529046535491943, 0.7974964380264282, 0.8013837337493896, 0.8053332567214966, 0.7674731016159058, 0.8132167458534241, 0.8155736923217773, 0.8181818127632141, 0.7794871926307678, 0.8239603042602539, 0.8271403312683105, 0.8290597796440125, 0.7924403548240662, 0.8334448337554932, 0.836819589138031, 0.8388926386833191, 0.8012819886207581, 0.8447678685188293, 0.8481351137161255, 0.8505058288574219, 0.8111348748207092, 0.8541816473007202, 0.855466902256012, 0.8565323948860168, 0.8181705474853516, 0.8598455786705017, 0.8597285747528076, 0.8620208501815796, 0.8233333230018616, 0.8659672737121582, 0.8668235540390015, 0.8680940270423889, 0.8279802203178406, 0.8676027059555054, 0.869602382183075, 0.8707998991012573, 0.8295263648033142, 0.8713409304618835, 0.8717628121376038, 0.8717654347419739, 0.8335812091827393, 0.8723552227020264, 0.8723437786102295, 0.8744720816612244, 0.8398483395576477, 0.8762197494506836, 0.8784328103065491, 0.8794654607772827, 0.8466447591781616, 0.8796281814575195, 0.880548894405365, 0.8824903964996338, 0.8514952063560486, 0.8830509781837463, 0.8833546042442322, 0.8820141553878784, 0.8524566888809204, 0.8805477619171143, 0.8820968270301819, 0.884844958782196, 0.8873957395553589, 0.8577619791030884, 0.85882967710495, 0.860233724117279, 0.8906944394111633, 0.8643819093704224, 0.8654540777206421, 0.8672115802764893, 0.8976298570632935, 0.8676329255104065, 0.8688946962356567, 0.8737288117408752, 0.9081211686134338, 0.8755668997764587, 0.876794159412384, 0.877322256565094, 0.9060290455818176, 0.8782583475112915, 0.8802122473716736, 0.8816332817077637, 0.9096945524215698, 0.8842765688896179, 0.8856545686721802, 0.8869928121566772, 0.9087942838668823, 0.888249397277832, 0.8885217308998108, 0.8891398906707764, 0.9146425127983093, 0.8949286341667175, 0.8958619236946106, 0.8957650661468506, 0.9239312410354614, 0.8992379307746887, 0.9002724885940552, 0.9022528529167175, 0.9292539954185486, 0.9085648655891418, 0.9087800979614258, 0.9102197289466858, 0.9371961951255798, 0.9201623797416687, 0.9247135519981384, 0.9287914633750916, 0.931117594242096, 0.9398217797279358, 0.9422698616981506, 0.9466699361801147, 0.9565719366073608, 0.9559652805328369, 0.962091863155365, 0.9651761054992676, 0.9666558504104614, 0.9693531394004822, 0.9774938821792603, 0.981190025806427, 0.9855057001113892, 0.9853633046150208], "filter_out_rate": [0.0, 0.847457627118644, 1.694915254237288, 2.5423728813559325, 3.389830508474576, 4.23728813559322, 5.084745762711865, 5.932203389830509, 6.779661016949152, 7.627118644067797, 8.47457627118644, 9.322033898305085, 10.16949152542373, 11.016949152542372, 11.864406779661017, 12.711864406779661, 13.559322033898304, 14.40677966101695, 15.254237288135593, 16.101694915254235, 16.94915254237288, 17.796610169491526, 18.64406779661017, 19.491525423728813, 20.33898305084746, 21.1864406779661, 22.033898305084744, 22.88135593220339, 23.728813559322035, 24.576271186440678, 25.423728813559322, 26.27118644067797, 27.11864406779661, 27.966101694915253, 28.8135593220339, 29.66101694915254, 30.508474576271187, 31.35593220338983, 32.20338983050847, 33.05084745762712, 33.89830508474576, 34.74576271186441, 35.59322033898305, 36.440677966101696, 37.28813559322034, 38.13559322033898, 38.983050847457626, 39.83050847457627, 40.67796610169492, 41.52542372881356, 42.3728813559322, 43.22033898305085, 44.06779661016949, 44.91525423728814, 45.76271186440678, 46.61016949152542, 47.45762711864407, 48.30508474576271, 49.152542372881356, 50.0, 50.847457627118644, 51.69491525423729, 52.54237288135594, 53.38983050847458, 54.23728813559322, 55.08474576271186, 55.932203389830505, 56.779661016949156, 57.6271186440678, 58.47457627118644, 59.32203389830508, 60.16949152542372, 61.016949152542374, 61.86440677966102, 62.71186440677966, 63.559322033898304, 64.40677966101694, 65.2542372881356, 66.10169491525424, 66.94915254237289, 67.79661016949152, 68.64406779661016, 69.49152542372882, 70.33898305084746, 71.1864406779661, 72.03389830508475, 72.88135593220339, 73.72881355932203, 74.57627118644068, 75.42372881355932, 76.27118644067797, 77.11864406779661, 77.96610169491525, 78.8135593220339, 79.66101694915254, 80.50847457627118, 81.35593220338984, 82.20338983050848, 83.05084745762711, 83.89830508474576, 84.7457627118644, 85.59322033898306, 86.4406779661017, 87.28813559322035, 88.13559322033898, 88.98305084745762, 89.83050847457628, 90.67796610169492, 91.52542372881356, 92.37288135593221, 93.22033898305084, 94.0677966101695, 94.91525423728814, 95.76271186440678, 96.61016949152543, 97.45762711864407, 98.30508474576271, 99.15254237288136]}