{"ece": 0.023213772595092108, "acc": [0.0, 0.5, 0.20833333333333334, 0.28426395939086296, 0.4346590909090909, 0.5263620386643234, 0.595260663507109, 0.684931506849315, 0.8294930875576036, 0.9459459459459459], "conf": [0.0, 0.1700439453125, 0.25830078125, 0.35691624365482233, 0.44921875, 0.5408611599297012, 0.6374407582938388, 0.7374429223744292, 0.8410138248847926, 0.9512338425381903]}