{"auprc": 0.977931559085846, "fpr0": 0.0, "fpr10": 0.000699999975040555, "fpr20": 0.00139999995008111, "fpr30": 0.0019000000320374966, "fpr40": 0.0031999999191612005, "fpr50": 0.00430000014603138, "fpr60": 0.006099999882280827, "fpr70": 0.012299999594688416, "fpr80": 0.0215000007301569, "fpr90": 0.03819999843835831, "auroc": 0.9815717935562134}