{"ausc": 0.8879423141479492, "accuracies": [0.7519030570983887, 0.8047647476196289, 0.8092184066772461, 0.8134358525276184, 0.7679901123046875, 0.8213467597961426, 0.825031578540802, 0.8297308683395386, 0.7849358916282654, 0.8375349640846252, 0.8389829993247986, 0.8429760932922363, 0.7978559136390686, 0.8479374647140503, 0.8490778803825378, 0.8517131209373474, 0.8083615303039551, 0.8564217686653137, 0.8580290675163269, 0.8594317436218262, 0.8176437616348267, 0.8638743758201599, 0.8641590476036072, 0.8660397529602051, 0.8269039988517761, 0.8697874546051025, 0.8695162534713745, 0.8708810210227966, 0.8330510258674622, 0.8735827803611755, 0.8759555220603943, 0.876130223274231, 0.8367788791656494, 0.8791913986206055, 0.8821104764938354, 0.8849660158157349, 0.8469163775444031, 0.8882142305374146, 0.889666736125946, 0.8910191059112549, 0.851450502872467, 0.892473578453064, 0.8921182155609131, 0.8931246995925903, 0.8538163304328918, 0.8934838771820068, 0.8970266580581665, 0.897292971611023, 0.8608706593513489, 0.8990727663040161, 0.8992346525192261, 0.9007810950279236, 0.8670170903205872, 0.900179922580719, 0.9036679267883301, 0.9047728180885315, 0.8732565641403198, 0.9058839678764343, 0.9039602875709534, 0.9061059355735779, 0.9058153033256531, 0.8780912756919861, 0.8777918815612793, 0.8787123560905457, 0.9095553755760193, 0.8817480206489563, 0.8814775347709656, 0.882844090461731, 0.9137386679649353, 0.8844599723815918, 0.8875648379325867, 0.8883007764816284, 0.9171749949455261, 0.8944398760795593, 0.8964037895202637, 0.8975828289985657, 0.9229896664619446, 0.9032371640205383, 0.9075051546096802, 0.9060487151145935, 0.9300867915153503, 0.9089288711547852, 0.9087420701980591, 0.9106765985488892, 0.9329135417938232, 0.9120458960533142, 0.9136558771133423, 0.9177080988883972, 0.9383419752120972, 0.9234448671340942, 0.9275070428848267, 0.9300097227096558, 0.9495512843132019, 0.9365050196647644, 0.9385075569152832, 0.9407415390014648, 0.9572468400001526, 0.9481985569000244, 0.9513177871704102, 0.9549944996833801, 0.9650846719741821, 0.9537275433540344, 0.9568179249763489, 0.9586443901062012, 0.959558367729187, 0.9635334610939026, 0.9661403298377991, 0.9675772190093994, 0.9752064943313599, 0.9768936038017273, 0.9791635274887085, 0.9820330739021301, 0.9804991483688354, 0.9874932765960693, 0.9896942377090454, 0.9938487410545349, 0.9948200583457947, 0.9943020343780518], "filter_out_rate": [0.0, 0.847457627118644, 1.694915254237288, 2.5423728813559325, 3.389830508474576, 4.23728813559322, 5.084745762711865, 5.932203389830509, 6.779661016949152, 7.627118644067797, 8.47457627118644, 9.322033898305085, 10.16949152542373, 11.016949152542372, 11.864406779661017, 12.711864406779661, 13.559322033898304, 14.40677966101695, 15.254237288135593, 16.101694915254235, 16.94915254237288, 17.796610169491526, 18.64406779661017, 19.491525423728813, 20.33898305084746, 21.1864406779661, 22.033898305084744, 22.88135593220339, 23.728813559322035, 24.576271186440678, 25.423728813559322, 26.27118644067797, 27.11864406779661, 27.966101694915253, 28.8135593220339, 29.66101694915254, 30.508474576271187, 31.35593220338983, 32.20338983050847, 33.05084745762712, 33.89830508474576, 34.74576271186441, 35.59322033898305, 36.440677966101696, 37.28813559322034, 38.13559322033898, 38.983050847457626, 39.83050847457627, 40.67796610169492, 41.52542372881356, 42.3728813559322, 43.22033898305085, 44.06779661016949, 44.91525423728814, 45.76271186440678, 46.61016949152542, 47.45762711864407, 48.30508474576271, 49.152542372881356, 50.0, 50.847457627118644, 51.69491525423729, 52.54237288135594, 53.38983050847458, 54.23728813559322, 55.08474576271186, 55.932203389830505, 56.779661016949156, 57.6271186440678, 58.47457627118644, 59.32203389830508, 60.16949152542372, 61.016949152542374, 61.86440677966102, 62.71186440677966, 63.559322033898304, 64.40677966101694, 65.2542372881356, 66.10169491525424, 66.94915254237289, 67.79661016949152, 68.64406779661016, 69.49152542372882, 70.33898305084746, 71.1864406779661, 72.03389830508475, 72.88135593220339, 73.72881355932203, 74.57627118644068, 75.42372881355932, 76.27118644067797, 77.11864406779661, 77.96610169491525, 78.8135593220339, 79.66101694915254, 80.50847457627118, 81.35593220338984, 82.20338983050848, 83.05084745762711, 83.89830508474576, 84.7457627118644, 85.59322033898306, 86.4406779661017, 87.28813559322035, 88.13559322033898, 88.98305084745762, 89.83050847457628, 90.67796610169492, 91.52542372881356, 92.37288135593221, 93.22033898305084, 94.0677966101695, 94.91525423728814, 95.76271186440678, 96.61016949152543, 97.45762711864407, 98.30508474576271, 99.15254237288136]}