{"ece": 0.032664750624830714, "acc": [0.0, 0.0, 0.2222222222222222, 0.39009287925696595, 0.5290322580645161, 0.6772009029345373, 0.7103960396039604, 0.7899686520376176, 0.8448753462603878, 0.9759229534510433], "conf": [0.0, 0.1800537109375, 0.2621527777777778, 0.3492647058823529, 0.4475806451612903, 0.5454288939051919, 0.6423267326732673, 0.7413793103448276, 0.850415512465374, 0.9688603531300161]}