{"train_accuracy": 0.8901638454861112, "train_map_r": 0.5139526073029956, "val_accuracy": 0.8458542596726191, "val_map_r": 0.49237634205030534, "test_accuracy": 0.8388327205882353, "test_map_r": 0.4911452004522066, "train_loss": 0.48216735841111935, "val_loss": 0.8566028873125712, "train_loss_kl": 23.89480818078873, "val_loss_kl": 23.805853923161823}