{"auprc": 0.701804518699646, "fpr0": 0.0, "fpr10": 0.08879999816417694, "fpr20": 0.11140000075101852, "fpr30": 0.1216999962925911, "fpr40": 0.12999999523162842, "fpr50": 0.13519999384880066, "fpr60": 0.1404999941587448, "fpr70": 0.14669999480247498, "fpr80": 0.1542000025510788, "fpr90": 0.1639000028371811, "auroc": 0.8455827832221985}