{"ausc": 0.9739705324172974, "accuracies": [0.8678042888641357, 0.8684724569320679, 0.8693498373031616, 0.8700238466262817, 0.8709076046943665, 0.8723139762878418, 0.8732057809829712, 0.8739968538284302, 0.8746867179870605, 0.8760071992874146, 0.8767037391662598, 0.8777182698249817, 0.8787367939949036, 0.8792321085929871, 0.8805748820304871, 0.8818172812461853, 0.8830644488334656, 0.884210467338562, 0.8848284482955933, 0.8854489326477051, 0.8862857818603516, 0.8877692818641663, 0.888399600982666, 0.889462947845459, 0.8908540606498718, 0.8918188214302063, 0.8919212222099304, 0.8924578428268433, 0.893105685710907, 0.8939741253852844, 0.8943000435829163, 0.8956121206283569, 0.8964912295341492, 0.8975936770439148, 0.8981502056121826, 0.8991503715515137, 0.9003759622573853, 0.9007202982902527, 0.9016210436820984, 0.9020808339118958, 0.9027653932571411, 0.9041234254837036, 0.9045912027359009, 0.9051733613014221, 0.905645489692688, 0.9071341156959534, 0.9080641865730286, 0.9087719321250916, 0.9100498557090759, 0.9107649922370911, 0.9114833474159241, 0.912318766117096, 0.9130434989929199, 0.9143446683883667, 0.9150769114494324, 0.9163882732391357, 0.9177055358886719, 0.9185656309127808, 0.9189658761024475, 0.9202975034713745, 0.9215184450149536, 0.9222779273986816, 0.9231578707695007, 0.9233384132385254, 0.9252819418907166, 0.9264099597930908, 0.927661120891571, 0.9290360808372498, 0.9293503761291504, 0.9307353496551514, 0.9318884611129761, 0.933285653591156, 0.9343301653862, 0.9350197315216064, 0.9359530210494995, 0.9366493225097656, 0.937107503414154, 0.9380519390106201, 0.93900066614151, 0.9404399991035461, 0.9410331845283508, 0.9417511820793152, 0.9428396821022034, 0.9436878561973572, 0.9446629881858826, 0.9451496601104736, 0.9463800191879272, 0.9463778138160706, 0.9474925994873047, 0.9479905962944031, 0.9484908580780029, 0.9493687152862549, 0.950376033782959, 0.9510112404823303, 0.9515235424041748, 0.9519122242927551, 0.952808678150177, 0.9534558653831482, 0.9543604850769043, 0.9546322822570801, 0.9549054503440857, 0.9553080201148987, 0.9562257528305054, 0.9570196866989136, 0.9582043886184692, 0.9591361880302429, 0.9594244956970215, 0.9601038694381714, 0.9610474109649658, 0.9613426327705383, 0.962293803691864, 0.9631184935569763, 0.9638158082962036, 0.9646484851837158, 0.9652209281921387, 0.9657961130142212, 0.9669058918952942, 0.9681544899940491, 0.9696767926216125, 0.9709388613700867, 0.9716702699661255, 0.972540020942688, 0.972739577293396, 0.9734812378883362, 0.9740911722183228, 0.9744322896003723, 0.9746387004852295, 0.9748461842536926, 0.9747807383537292, 0.9760890603065491, 0.9761641621589661, 0.9767923951148987, 0.9767312407493591, 0.9769476652145386, 0.9771651029586792, 0.9773837924003601, 0.9776036143302917, 0.9778245687484741, 0.9777653217315674, 0.9781289100646973, 0.9780701994895935, 0.9778691530227661, 0.978378415107727, 0.9787477254867554, 0.9795479774475098, 0.9796357154846191, 0.9798676371574402, 0.9799566864967346, 0.9803354144096375, 0.9807142019271851, 0.9806609153747559, 0.9804636240005493, 0.980701744556427, 0.9806435108184814, 0.9807363748550415, 0.9809772372245789, 0.9810717701911926, 0.9810182452201843, 0.9812604188919067, 0.9812073707580566, 0.980851411819458, 0.9806482195854187, 0.9804455637931824, 0.9811360239982605, 0.9810776114463806, 0.981626033782959, 0.9818781018257141, 0.9819811582565308, 0.9822333455085754, 0.9821802377700806, 0.9821262359619141, 0.9822281002998352, 0.9823310971260071, 0.9819657206535339, 0.9820683002471924, 0.982018232345581, 0.9821218252182007, 0.9820683002471924, 0.9815438985824585, 0.9816467761993408, 0.9826931357383728, 0.9826483726501465, 0.9827576875686646, 0.9831855893135071, 0.9829763174057007, 0.982923686504364, 0.9830317497253418, 0.9836257100105286, 0.9838959574699402, 0.9840095043182373, 0.9839597940444946, 0.9839082956314087, 0.9846797585487366, 0.9849564433097839, 0.9852441549301147, 0.9851979613304138, 0.985318124294281, 0.9851043820381165, 0.9857290387153625, 0.9855151772499084, 0.9851323962211609, 0.9855923056602478, 0.9855446815490723, 0.9863482117652893, 0.986299991607666, 0.9866042733192444, 0.986731767654419, 0.987027108669281, 0.9869844317436218, 0.9869402050971985, 0.9874208569526672, 0.9873783588409424, 0.9875133037567139, 0.9874715209007263, 0.9876065254211426, 0.987385094165802, 0.9871681332588196, 0.9871246218681335, 0.9870806336402893, 0.9872168302536011, 0.9871729016304016, 0.9871286153793335, 0.9874472618103027, 0.9875876903533936, 0.987540602684021, 0.9874990582466125, 0.9874577522277832, 0.987597644329071, 0.987737238407135, 0.9876904487609863, 0.9880220293998718, 0.9879813194274902, 0.9879416227340698, 0.9878990054130554, 0.9886099100112915, 0.9887595176696777, 0.9889112710952759, 0.9890678524971008, 0.9890243411064148, 0.9889882802963257, 0.989528238773346, 0.9894852042198181, 0.9898396730422974, 0.9901938438415527, 0.9903541207313538, 0.9909064769744873, 0.9910686016082764, 0.9912333488464355, 0.9914031028747559, 0.9923862814903259, 0.9925611615180969, 0.9927343130111694, 0.992706298828125, 0.9928821921348572, 0.9932633638381958, 0.993240237236023, 0.9934202432632446, 0.9938072562217712, 0.9941973686218262, 0.994382381439209, 0.9947777986526489, 0.9947494864463806, 0.9947282671928406, 0.9947072267532349, 0.9946893453598022, 0.994667649269104, 0.9948599934577942, 0.9948381185531616, 0.9948169589042664, 0.9950147867202759, 0.9952117800712585, 0.995191752910614, 0.9953910708427429, 0.995812177658081, 0.9957982897758484, 0.9957805275917053, 0.9957626461982727, 0.9957447052001953, 0.9957265257835388, 0.9957080483436584, 0.9956896901130676, 0.9956709146499634, 0.9956522583961487, 0.9956331849098206, 0.9956141114234924, 0.9965221285820007, 0.9965067505836487, 0.9964911937713623, 0.9957706928253174, 0.9964576363563538, 0.9966797828674316, 0.9966647624969482, 0.9959319233894348, 0.996634304523468, 0.9966188669204712, 0.9966033101081848, 0.995856523513794, 0.9965717196464539, 0.9965556263923645, 0.9965394735336304, 0.9957783222198486, 0.9967560768127441, 0.9969912171363831, 0.997228741645813, 0.996962308883667, 0.9972019195556641, 0.9971883893013, 0.9971746206283569, 0.9969028830528259, 0.9971467852592468, 0.9971325397491455, 0.9973800778388977, 0.9971038699150085, 0.9973539113998413, 0.9973404407501221, 0.9973270297050476, 0.9973132610321045, 0.9975694417953491, 0.9975569844245911, 0.9975443482398987, 0.9972572326660156, 0.9975184202194214, 0.9975053668022156, 0.997492253780365, 0.9971989989280701, 0.9974654316902161, 0.997734785079956, 0.9977224469184875, 0.9974239468574524, 0.9976975321769714, 0.997684895992279, 0.9976721405982971, 0.997366726398468, 0.997646152973175, 0.9976328611373901, 0.9976194500923157, 0.9976058602333069, 0.9978929758071899, 0.9978809356689453, 0.9978687167167664, 0.9975501894950867, 0.9978436827659607, 0.9978310465812683, 0.9981296062469482, 0.9984317421913147, 0.9981071352958679, 0.998095691204071, 0.9980842471122742, 0.9983934164047241, 0.9980606436729431, 0.9980486631393433, 0.9980364441871643, 0.9983531832695007, 0.9980117678642273, 0.9986674785614014, 0.9986590147018433, 0.9986503720283508, 0.9986417889595032, 0.9986329078674316, 0.9986240863800049, 0.9986150860786438, 0.9986058473587036, 0.9985941648483276, 0.9985847473144531, 0.9985750913619995, 0.9985654950141907, 0.9985555410385132, 0.9985429644584656, 0.9985328316688538, 0.9985225796699524, 0.9985148906707764, 0.9988800883293152, 0.9988721609115601, 0.9988639950752258, 0.9988558888435364, 0.998847484588623, 0.9988390207290649, 0.9988304972648621, 0.9988216757774353, 0.9988128542900085, 0.9988037943840027, 0.9987947344779968, 0.9987854361534119, 0.9987760782241821, 0.9987664222717285, 0.9991711974143982, 0.9991645812988281, 0.9991579651832581, 0.9991511106491089, 0.9991441965103149, 0.9991371631622314, 0.9991264343261719, 0.9991191029548645, 0.9991116523742676, 0.9991041421890259, 0.9990963935852051, 0.999088704586029, 0.9990806579589844, 0.9990725517272949, 0.9990643858909607, 