{"ece": 0.08024264918364399, "acc": [0.0, 0.1724137931034483, 0.25378558449424593, 0.3541666666666667, 0.4185430463576159, 0.4547069271758437, 0.5592233009708738, 0.625, 0.6467391304347826, 0.714148219441771], "conf": [0.0, 0.17304238505747127, 0.24076317383403997, 0.3376736111111111, 0.4377483443708609, 0.5377442273534636, 0.6393203883495145, 0.7413461538461539, 0.8410326086956522, 0.9494706448508181]}