{"auprc": 0.6497005820274353, "fpr0": 0.0, "fpr10": 0.06870000064373016, "fpr20": 0.13079999387264252, "fpr30": 0.18729999661445618, "fpr40": 0.23800000548362732, "fpr50": 0.28189998865127563, "fpr60": 0.32179999351501465, "fpr70": 0.35499998927116394, "fpr80": 0.38580000400543213, "fpr90": 0.4147999882698059, "auroc": 0.4563164710998535}