{"ausc": 0.720144510269165, "accuracies": [0.5155248641967773, 0.5177670121192932, 0.5207570195198059, 0.52369225025177, 0.5253308415412903, 0.5278298854827881, 0.5301597118377686, 0.5327399969100952, 0.5333333015441895, 0.5366300344467163, 0.5390047430992126, 0.5418584942817688, 0.5449823141098022, 0.547491729259491, 0.5504947900772095, 0.5526435375213623, 0.5555174350738525, 0.5575190782546997, 0.5599067807197571, 0.562455952167511, 0.5656457543373108, 0.5680565237998962, 0.5718432068824768, 0.5744810700416565, 0.576553225517273, 0.5792880654335022, 0.5824534893035889, 0.5839045643806458, 0.58717942237854, 0.5896140933036804, 0.5907902121543884, 0.5935765504837036, 0.5972222089767456, 0.6004048585891724, 0.6035187840461731, 0.6065618991851807, 0.6102285385131836, 0.6151028275489807, 0.6183328628540039, 0.6202381253242493, 0.623936653137207, 0.6275711059570312, 0.631142795085907, 0.633685290813446, 0.6372578144073486, 0.640149712562561, 0.6426451206207275, 0.6461499333381653, 0.6505376100540161, 0.6561118960380554, 0.6615691781044006, 0.6644605398178101, 0.6689338684082031, 0.6725572347640991, 0.6752200126647949, 0.6788505911827087, 0.682363748550415, 0.6874246001243591, 0.6919466853141785, 0.6962504982948303, 0.7013236880302429, 0.7054384350776672, 0.7110558748245239, 0.717419445514679, 0.7214885354042053, 0.7284418940544128, 0.7331950664520264, 0.7399873733520508, 0.7469276785850525, 0.7519436478614807, 0.7573995590209961, 0.7627728581428528, 0.7696084976196289, 0.7745044231414795, 0.7823341488838196, 0.7895199656486511, 0.794645369052887, 0.8010620474815369, 0.8097575306892395, 0.8148611783981323, 0.8183358311653137, 0.8250723481178284, 0.8305912613868713, 0.8365925550460815, 0.8471945524215698, 0.8535868525505066, 0.8567771911621094, 0.8657609224319458, 0.8712897896766663, 0.8767814636230469, 0.8831759691238403, 0.8922430276870728, 0.898338794708252, 0.9041392803192139, 0.9078549146652222, 0.9142563939094543, 0.9169653654098511, 0.9195233583450317, 0.9199432134628296, 0.9229597449302673, 0.926416277885437, 0.9329982399940491, 0.9367222785949707, 0.9389935731887817, 0.9416488409042358, 0.9427930116653442, 0.9471558928489685, 0.9510313868522644, 0.9552618265151978, 0.9612967371940613, 0.9650505185127258, 0.966393768787384, 0.9722222685813904, 0.9813938736915588, 0.985770583152771, 0.9887335300445557, 0.9903069734573364, 0.9923076033592224], "filter_out_rate": [0.0, 0.847457627118644, 1.694915254237288, 2.5423728813559325, 3.389830508474576, 4.23728813559322, 5.084745762711865, 5.932203389830509, 6.779661016949152, 7.627118644067797, 8.47457627118644, 9.322033898305085, 10.16949152542373, 11.016949152542372, 11.864406779661017, 12.711864406779661, 13.559322033898304, 14.40677966101695, 15.254237288135593, 16.101694915254235, 16.94915254237288, 17.796610169491526, 18.64406779661017, 19.491525423728813, 20.33898305084746, 21.1864406779661, 22.033898305084744, 22.88135593220339, 23.728813559322035, 24.576271186440678, 25.423728813559322, 26.27118644067797, 27.11864406779661, 27.966101694915253, 28.8135593220339, 29.66101694915254, 30.508474576271187, 31.35593220338983, 32.20338983050847, 33.05084745762712, 33.89830508474576, 34.74576271186441, 35.59322033898305, 36.440677966101696, 37.28813559322034, 38.13559322033898, 38.983050847457626, 39.83050847457627, 40.67796610169492, 41.52542372881356, 42.3728813559322, 43.22033898305085, 44.06779661016949, 44.91525423728814, 45.76271186440678, 46.61016949152542, 47.45762711864407, 48.30508474576271, 49.152542372881356, 50.0, 50.847457627118644, 51.69491525423729, 52.54237288135594, 53.38983050847458, 54.23728813559322, 55.08474576271186, 55.932203389830505, 56.779661016949156, 57.6271186440678, 58.47457627118644, 59.32203389830508, 60.16949152542372, 61.016949152542374, 61.86440677966102, 62.71186440677966, 63.559322033898304, 64.40677966101694, 65.2542372881356, 66.10169491525424, 66.94915254237289, 67.79661016949152, 68.64406779661016, 69.49152542372882, 70.33898305084746, 71.1864406779661, 72.03389830508475, 72.88135593220339, 73.72881355932203, 74.57627118644068, 75.42372881355932, 76.27118644067797, 77.11864406779661, 77.96610169491525, 78.8135593220339, 79.66101694915254, 80.50847457627118, 81.35593220338984, 82.20338983050848, 83.05084745762711, 83.89830508474576, 84.7457627118644, 85.59322033898306, 86.4406779661017, 87.28813559322035, 88.13559322033898, 88.98305084745762, 89.83050847457628, 90.67796610169492, 91.52542372881356, 92.37288135593221, 93.22033898305084, 94.0677966101695, 94.91525423728814, 95.76271186440678, 96.61016949152543, 97.45762711864407, 98.30508474576271, 99.15254237288136]}