{"ece": 0.09584558266198889, "acc": [0.0, 0.0, 0.3333333333333333, 0.2459016393442623, 0.3505747126436782, 0.4828571428571429, 0.5614525139664804, 0.6446700507614214, 0.7526652452025586, 0.8337975858867224], "conf": [0.0, 0.0, 0.2600911458333333, 0.3547643442622951, 0.44396551724137934, 0.54, 0.6424581005586593, 0.7404822335025381, 0.841684434968017, 0.9498607242339833]}