{"auprc": 0.9882508516311646, "fpr0": 0.0, "fpr10": 9.999999747378752e-05, "fpr20": 0.00039999998989515007, "fpr30": 0.0006000000284984708, "fpr40": 0.0015999999595806003, "fpr50": 0.0019000000320374966, "fpr60": 0.003100000089034438, "fpr70": 0.005799999926239252, "fpr80": 0.011599999852478504, "fpr90": 0.022199999541044235, "auroc": 0.9892699718475342}