{"ausc": 0.9634788036346436, "accuracies": [0.8732972741127014, 0.8776498436927795, 0.8813593983650208, 0.8844102621078491, 0.8874069452285767, 0.8909736275672913, 0.8947035670280457, 0.8977537751197815, 0.8996795415878296, 0.9028226137161255, 0.9046067595481873, 0.9072977900505066, 0.9116931557655334, 0.9152732491493225, 0.9181287884712219, 0.9212616086006165, 0.9238781929016113, 0.9271194338798523, 0.9284382462501526, 0.9303692579269409, 0.932451605796814, 0.9351683259010315, 0.937459409236908, 0.9398046731948853, 0.9416912794113159, 0.9448594450950623, 0.9463297724723816, 0.9471908211708069, 0.9499960541725159, 0.9516938328742981, 0.9526398777961731, 0.9538671970367432, 0.9560377597808838, 0.9563857913017273, 0.9591964483261108, 0.9616328477859497, 0.9630284309387207, 0.96445631980896, 0.9666155576705933, 0.9679617285728455, 0.9697788953781128, 0.970902681350708, 0.9720454812049866, 0.9732203483581543, 0.9748939871788025, 0.9760802984237671, 0.9776687622070312, 0.9789422750473022, 0.9798192977905273, 0.9813429713249207, 0.982435941696167, 0.9833491444587708, 0.9848284721374512, 0.9861620664596558, 0.9872043132781982, 0.9882560968399048, 0.9897212386131287, 0.9895586967468262, 0.9903261065483093, 0.9913261532783508, 0.9915652275085449, 0.9914191961288452, 0.9916903972625732, 0.9937480092048645, 0.9942483901977539, 0.99458909034729, 0.9955716133117676, 0.9954975843429565, 0.9958627223968506, 0.9964625239372253, 0.9964236617088318, 0.996589183807373, 0.9969854354858398, 0.99740070104599, 0.9975892901420593, 0.9975431561470032, 0.9979881644248962, 0.9981992840766907, 0.9979060292243958, 0.9983856081962585, 0.9983385801315308, 0.9983018636703491, 0.998820960521698, 0.9990984797477722, 0.9990768432617188, 0.9990541338920593, 0.9990302920341492, 0.9993252754211426, 0.9993069767951965, 0.9993069767951965, 0.9993069767951965, 0.9992877244949341, 0.9992673993110657, 0.9992673993110657, 0.9992458820343018, 0.999222993850708, 0.9991987347602844, 0.9987593293190002, 0.9986737370491028, 0.9990842938423157, 0.9990503191947937, 0.9990138411521912, 0.9990138411521912, 0.9989743232727051, 1.0, 1.0, 1.0, 1.0, 1.0, 1.0, 1.0, 1.0, 1.0, 1.0, 1.0, 1.0, 1.0, 1.0], "filter_out_rate": [0.0, 0.847457627118644, 1.694915254237288, 2.5423728813559325, 3.389830508474576, 4.23728813559322, 5.084745762711865, 5.932203389830509, 6.779661016949152, 7.627118644067797, 8.47457627118644, 9.322033898305085, 10.16949152542373, 11.016949152542372, 11.864406779661017, 12.711864406779661, 13.559322033898304, 14.40677966101695, 15.254237288135593, 16.101694915254235, 16.94915254237288, 17.796610169491526, 18.64406779661017, 19.491525423728813, 20.33898305084746, 21.1864406779661, 22.033898305084744, 22.88135593220339, 23.728813559322035, 24.576271186440678, 25.423728813559322, 26.27118644067797, 27.11864406779661, 27.966101694915253, 28.8135593220339, 29.66101694915254, 30.508474576271187, 31.35593220338983, 32.20338983050847, 33.05084745762712, 33.89830508474576, 34.74576271186441, 35.59322033898305, 36.440677966101696, 37.28813559322034, 38.13559322033898, 38.983050847457626, 39.83050847457627, 40.67796610169492, 41.52542372881356, 42.3728813559322, 43.22033898305085, 44.06779661016949, 44.91525423728814, 45.76271186440678, 46.61016949152542, 47.45762711864407, 48.30508474576271, 49.152542372881356, 50.0, 50.847457627118644, 51.69491525423729, 52.54237288135594, 53.38983050847458, 54.23728813559322, 55.08474576271186, 55.932203389830505, 56.779661016949156, 57.6271186440678, 58.47457627118644, 59.32203389830508, 60.16949152542372, 61.016949152542374, 61.86440677966102, 62.71186440677966, 63.559322033898304, 64.40677966101694, 65.2542372881356, 66.10169491525424, 66.94915254237289, 67.79661016949152, 68.64406779661016, 69.49152542372882, 70.33898305084746, 71.1864406779661, 72.03389830508475, 72.88135593220339, 73.72881355932203, 74.57627118644068, 75.42372881355932, 76.27118644067797, 77.11864406779661, 77.96610169491525, 78.8135593220339, 79.66101694915254, 80.50847457627118, 81.35593220338984, 82.20338983050848, 83.05084745762711, 83.89830508474576, 84.7457627118644, 85.59322033898306, 86.4406779661017, 87.28813559322035, 88.13559322033898, 88.98305084745762, 89.83050847457628, 90.67796610169492, 91.52542372881356, 92.37288135593221, 93.22033898305084, 94.0677966101695, 94.91525423728814, 95.76271186440678, 96.61016949152543, 97.45762711864407, 98.30508474576271, 99.15254237288136]}