{"ece": 0.06991891122913507, "acc": [0.0, 0.0, 0.2222222222222222, 0.3103448275862069, 0.3869565217391304, 0.48293963254593175, 0.5775401069518716, 0.684331797235023, 0.7436823104693141, 0.8784665579119086], "conf": [0.0, 0.0, 0.2578125, 0.34770114942528735, 0.4421195652173913, 0.541994750656168, 0.6393716577540107, 0.7430875576036866, 0.8411552346570397, 0.9510603588907015]}