{"auprc": 0.979738712310791, "fpr0": 0.0, "fpr10": 9.999999747378752e-05, "fpr20": 0.0005000000237487257, "fpr30": 0.0010000000474974513, "fpr40": 0.002099999925121665, "fpr50": 0.004399999976158142, "fpr60": 0.0071000000461936, "fpr70": 0.012299999594688416, "fpr80": 0.02070000022649765, "fpr90": 0.03660000115633011, "auroc": 0.9817073941230774}