{"ausc": 0.9622962474822998, "accuracies": [0.8736979365348816, 0.8775489926338196, 0.8814611434936523, 0.884205162525177, 0.8870967030525208, 0.8911819458007812, 0.8939680457115173, 0.8968001008033752, 0.8983973860740662, 0.9016375541687012, 0.9046066403388977, 0.9076266288757324, 0.9106985330581665, 0.9128206968307495, 0.9156545996665955, 0.9176310300827026, 0.9202151894569397, 0.922961413860321, 0.9248165488243103, 0.9268319606781006, 0.929473876953125, 0.9313443303108215, 0.933115541934967, 0.9354090690612793, 0.9378626942634583, 0.9396156668663025, 0.9414129257202148, 0.9433726072311401, 0.9453703761100769, 0.9465019106864929, 0.9479181170463562, 0.9489685297012329, 0.9507028460502625, 0.9531412124633789, 0.9568690657615662, 0.9588893055915833, 0.9616456627845764, 0.9639037847518921, 0.9643552899360657, 0.9661118984222412, 0.96718829870224, 0.9687229990959167, 0.9701531529426575, 0.9715953469276428, 0.9746201634407043, 0.9750822186470032, 0.9766421318054199, 0.9785612225532532, 0.9795722961425781, 0.9802821278572083, 0.9821582436561584, 0.982751190662384, 0.9831977486610413, 0.9836466908454895, 0.9846392869949341, 0.9856538772583008, 0.9866997003555298, 0.9872485399246216, 0.9875850081443787, 0.9889276027679443, 0.9896945357322693, 0.9899390935897827, 0.991906464099884, 0.992387056350708, 0.9936909079551697, 0.9948364496231079, 0.9947518706321716, 0.9948635697364807, 0.9956420660018921, 0.9960243105888367, 0.9961832761764526, 0.9961193799972534, 0.9967443943023682, 0.9966841340065002, 0.9978402853012085, 0.9982876181602478, 0.9982542395591736, 0.9982200264930725, 0.9986967444419861, 0.9986752271652222, 0.9986472725868225, 0.9988908171653748, 0.9991450309753418, 0.9991255402565002, 0.998813807964325, 0.9987857341766357, 0.9990842938423157, 0.9990618824958801, 0.9990385174751282, 0.9993425011634827, 0.9993252754211426, 0.9992973208427429, 0.9992775321006775, 0.9992673993110657, 0.9992458820343018, 0.999222993850708, 0.9987980723381042, 0.9987593293190002, 0.9987179636955261, 0.9986737370491028, 0.9986094236373901, 0.999506950378418, 0.9994871616363525, 0.9994657635688782, 1.0, 1.0, 1.0, 1.0, 1.0, 1.0, 1.0, 1.0, 1.0, 1.0, 1.0, 1.0, 1.0, 1.0], "filter_out_rate": [0.0, 0.847457627118644, 1.694915254237288, 2.5423728813559325, 3.389830508474576, 4.23728813559322, 5.084745762711865, 5.932203389830509, 6.779661016949152, 7.627118644067797, 8.47457627118644, 9.322033898305085, 10.16949152542373, 11.016949152542372, 11.864406779661017, 12.711864406779661, 13.559322033898304, 14.40677966101695, 15.254237288135593, 16.101694915254235, 16.94915254237288, 17.796610169491526, 18.64406779661017, 19.491525423728813, 20.33898305084746, 21.1864406779661, 22.033898305084744, 22.88135593220339, 23.728813559322035, 24.576271186440678, 25.423728813559322, 26.27118644067797, 27.11864406779661, 27.966101694915253, 28.8135593220339, 29.66101694915254, 30.508474576271187, 31.35593220338983, 32.20338983050847, 33.05084745762712, 33.89830508474576, 34.74576271186441, 35.59322033898305, 36.440677966101696, 37.28813559322034, 38.13559322033898, 38.983050847457626, 39.83050847457627, 40.67796610169492, 41.52542372881356, 42.3728813559322, 43.22033898305085, 44.06779661016949, 44.91525423728814, 45.76271186440678, 46.61016949152542, 47.45762711864407, 48.30508474576271, 49.152542372881356, 50.0, 50.847457627118644, 51.69491525423729, 52.54237288135594, 53.38983050847458, 54.23728813559322, 55.08474576271186, 55.932203389830505, 56.779661016949156, 57.6271186440678, 58.47457627118644, 59.32203389830508, 60.16949152542372, 61.016949152542374, 61.86440677966102, 62.71186440677966, 63.559322033898304, 64.40677966101694, 65.2542372881356, 66.10169491525424, 66.94915254237289, 67.79661016949152, 68.64406779661016, 69.49152542372882, 70.33898305084746, 71.1864406779661, 72.03389830508475, 72.88135593220339, 73.72881355932203, 74.57627118644068, 75.42372881355932, 76.27118644067797, 77.11864406779661, 77.96610169491525, 78.8135593220339, 79.66101694915254, 80.50847457627118, 81.35593220338984, 82.20338983050848, 83.05084745762711, 83.89830508474576, 84.7457627118644, 85.59322033898306, 86.4406779661017, 87.28813559322035, 88.13559322033898, 88.98305084745762, 89.83050847457628, 90.67796610169492, 91.52542372881356, 92.37288135593221, 93.22033898305084, 94.0677966101695, 94.91525423728814, 95.76271186440678, 96.61016949152543, 97.45762711864407, 98.30508474576271, 99.15254237288136]}