{"ece": 0.08767827333430107, "acc": [0.0, 0.16853932584269662, 0.21938479396401625, 0.3421450151057402, 0.4007936507936508, 0.4787052810902896, 0.5221238938053098, 0.5820224719101124, 0.6101364522417154, 0.677277716794731], "conf": [0.0, 0.17424508426966293, 0.243905977945444, 0.3357250755287009, 0.43783068783068785, 0.5387563884156729, 0.6388274336283186, 0.7404494382022472, 0.8396686159844055, 0.9495060373216246]}