{"auprc": 0.6375513076782227, "fpr0": 0.0, "fpr10": 0.08340000361204147, "fpr20": 0.15299999713897705, "fpr30": 0.2151000052690506, "fpr40": 0.2702000141143799, "fpr50": 0.31450000405311584, "fpr60": 0.35409998893737793, "fpr70": 0.3894999921321869, "fpr80": 0.41990000009536743, "fpr90": 0.4449000060558319, "auroc": 0.4450520873069763}