{"ausc": 0.7211706042289734, "accuracies": [0.5052083134651184, 0.507369339466095, 0.5098697543144226, 0.5112820267677307, 0.5137510299682617, 0.5162601470947266, 0.5179697275161743, 0.5206611752510071, 0.5238247513771057, 0.5256410241127014, 0.5280312895774841, 0.532325267791748, 0.5355879664421082, 0.5389074087142944, 0.5410481095314026, 0.5428863167762756, 0.5446428656578064, 0.5477015376091003, 0.550582766532898, 0.550576388835907, 0.5547245740890503, 0.5591900944709778, 0.563014030456543, 0.5659341216087341, 0.5697731375694275, 0.5734379291534424, 0.5766717195510864, 0.581238865852356, 0.5846154093742371, 0.5871536135673523, 0.5892202854156494, 0.59331214427948, 0.5952190160751343, 0.598515510559082, 0.6009274125099182, 0.6038047671318054, 0.6075807809829712, 0.6112989783287048, 0.6146723628044128, 0.6199942231178284, 0.6245629191398621, 0.6290892362594604, 0.6319319605827332, 0.6368975639343262, 0.6395949721336365, 0.6414362788200378, 0.6436294913291931, 0.647619903087616, 0.6509108543395996, 0.6537941694259644, 0.6552742123603821, 0.6609553098678589, 0.6647616624832153, 0.6686694622039795, 0.6735491752624512, 0.6802847981452942, 0.6854611039161682, 0.6900247931480408, 0.6948850750923157, 0.6990074515342712, 0.7019371390342712, 0.7065285444259644, 0.7115265130996704, 0.7171258926391602, 0.7198692560195923, 0.7250909805297852, 0.7316470742225647, 0.7373337149620056, 0.744975209236145, 0.7504178285598755, 0.7571069002151489, 0.7624273300170898, 0.7663071751594543, 0.7692200541496277, 0.7756425142288208, 0.7832018136978149, 0.7872658967971802, 0.796401858329773, 0.805324912071228, 0.8109861612319946, 0.8198695182800293, 0.826770007610321, 0.8372529149055481, 0.8458718657493591, 0.8522295951843262, 0.8606639504432678, 0.8667075037956238, 0.87880939245224, 0.8830061554908752, 0.8893274068832397, 0.8998298645019531, 0.9041004776954651, 0.9113286137580872, 0.9177499413490295, 0.9227566123008728, 0.9266993403434753, 0.9329315423965454, 0.9359105229377747, 0.9393977522850037, 0.9441894888877869, 0.9476370215415955, 0.9510406851768494, 0.9548833966255188, 0.9599730372428894, 0.9627798795700073, 0.9623864889144897, 0.9672171473503113, 0.9660347104072571, 0.9659684300422668, 0.973499596118927, 0.9751969575881958, 0.9797354340553284, 0.9842396974563599, 0.9839860796928406, 0.9892863631248474, 0.9932789206504822, 0.991724967956543, 0.9987179636955261], "filter_out_rate": [0.0, 0.847457627118644, 1.694915254237288, 2.5423728813559325, 3.389830508474576, 4.23728813559322, 5.084745762711865, 5.932203389830509, 6.779661016949152, 7.627118644067797, 8.47457627118644, 9.322033898305085, 10.16949152542373, 11.016949152542372, 11.864406779661017, 12.711864406779661, 13.559322033898304, 14.40677966101695, 15.254237288135593, 16.101694915254235, 16.94915254237288, 17.796610169491526, 18.64406779661017, 19.491525423728813, 20.33898305084746, 21.1864406779661, 22.033898305084744, 22.88135593220339, 23.728813559322035, 24.576271186440678, 25.423728813559322, 26.27118644067797, 27.11864406779661, 27.966101694915253, 28.8135593220339, 29.66101694915254, 30.508474576271187, 31.35593220338983, 32.20338983050847, 33.05084745762712, 33.89830508474576, 34.74576271186441, 35.59322033898305, 36.440677966101696, 37.28813559322034, 38.13559322033898, 38.983050847457626, 39.83050847457627, 40.67796610169492, 41.52542372881356, 42.3728813559322, 43.22033898305085, 44.06779661016949, 44.91525423728814, 45.76271186440678, 46.61016949152542, 47.45762711864407, 48.30508474576271, 49.152542372881356, 50.0, 50.847457627118644, 51.69491525423729, 52.54237288135594, 53.38983050847458, 54.23728813559322, 55.08474576271186, 55.932203389830505, 56.779661016949156, 57.6271186440678, 58.47457627118644, 59.32203389830508, 60.16949152542372, 61.016949152542374, 61.86440677966102, 62.71186440677966, 63.559322033898304, 64.40677966101694, 65.2542372881356, 66.10169491525424, 66.94915254237289, 67.79661016949152, 68.64406779661016, 69.49152542372882, 70.33898305084746, 71.1864406779661, 72.03389830508475, 72.88135593220339, 73.72881355932203, 74.57627118644068, 75.42372881355932, 76.27118644067797, 77.11864406779661, 77.96610169491525, 78.8135593220339, 79.66101694915254, 80.50847457627118, 81.35593220338984, 82.20338983050848, 83.05084745762711, 83.89830508474576, 84.7457627118644, 85.59322033898306, 86.4406779661017, 87.28813559322035, 88.13559322033898, 88.98305084745762, 89.83050847457628, 90.67796610169492, 91.52542372881356, 92.37288135593221, 93.22033898305084, 94.0677966101695, 94.91525423728814, 95.76271186440678, 96.61016949152543, 97.45762711864407, 98.30508474576271, 99.15254237288136]}