{"ece": 0.06982281483611272, "acc": [0.0, 0.19661016949152543, 0.23195329087048833, 0.34108527131782945, 0.46390374331550804, 0.4550359712230216, 0.5407407407407407, 0.5866666666666667, 0.6536885245901639, 0.7238095238095238], "conf": [0.0, 0.1722457627118644, 0.24150743099787686, 0.33585271317829457, 0.43616310160427807, 0.5364208633093526, 0.6388888888888888, 0.7377777777777778, 0.8411885245901639, 0.9482142857142857]}