{"auprc": 0.6621301174163818, "fpr0": 0.0, "fpr10": 0.07349999994039536, "fpr20": 0.13449999690055847, "fpr30": 0.18870000541210175, "fpr40": 0.23309999704360962, "fpr50": 0.271699994802475, "fpr60": 0.30730000138282776, "fpr70": 0.33719998598098755, "fpr80": 0.3659000098705292, "fpr90": 0.3910999894142151, "auroc": 0.49248549342155457}