{"ausc": 0.7120427489280701, "accuracies": [0.4992988705635071, 0.502220869064331, 0.5052910447120667, 0.5073845982551575, 0.5096153616905212, 0.5120908617973328, 0.5148171782493591, 0.5174825191497803, 0.5210469961166382, 0.523055374622345, 0.5245545506477356, 0.5280517935752869, 0.53061443567276, 0.53266441822052, 0.5357624292373657, 0.537326991558075, 0.5392628312110901, 0.5405405759811401, 0.544172465801239, 0.5456364154815674, 0.5473646521568298, 0.5491253137588501, 0.5533382296562195, 0.5553113222122192, 0.5575690865516663, 0.5598704814910889, 0.5627199411392212, 0.5666412711143494, 0.5708974003791809, 0.573815107345581, 0.5759493708610535, 0.577451765537262, 0.5797275900840759, 0.5832659006118774, 0.5868295431137085, 0.5918384194374084, 0.5957081913948059, 0.5991578102111816, 0.6043983697891235, 0.6077351570129395, 0.6109988689422607, 0.6147797703742981, 0.6185011863708496, 0.6215560436248779, 0.6258513927459717, 0.6285611391067505, 0.6324805021286011, 0.6369044184684753, 0.6411251425743103, 0.6425902247428894, 0.6472203135490417, 0.6516356468200684, 0.6561155915260315, 0.6600762605667114, 0.6644499897956848, 0.6714498996734619, 0.6760463118553162, 0.6820963621139526, 0.6876159310340881, 0.6928935647010803, 0.7000361680984497, 0.7035495638847351, 0.706764817237854, 0.7103015780448914, 0.71593177318573, 0.722877025604248, 0.7273911833763123, 0.733086347579956, 0.739542543888092, 0.743321418762207, 0.7490144371986389, 0.754672646522522, 0.7610098719596863, 0.7643109560012817, 0.7705615162849426, 0.7814503312110901, 0.7878718972206116, 0.7955983281135559, 0.7999593615531921, 0.8067354559898376, 0.8135364055633545, 0.8197396397590637, 0.8285472393035889, 0.8377580642700195, 0.843435525894165, 0.8513913154602051, 0.8580867052078247, 0.8653571009635925, 0.8712527751922607, 0.8782644271850586, 0.8866737484931946, 0.8937684893608093, 0.8987640142440796, 0.9039334058761597, 0.9099644422531128, 0.9152868390083313, 0.9168168902397156, 0.9223255515098572, 0.9296531677246094, 0.9338050484657288, 0.9370059370994568, 0.9404138326644897, 0.9421165585517883, 0.9391025900840759, 0.9436297416687012, 0.9464949369430542, 0.9514418244361877, 0.9574256539344788, 0.9597106575965881, 0.9630163908004761, 0.9667317271232605, 0.9616304039955139, 0.9696070551872253, 0.9732836484909058, 0.9813199043273926, 0.9795544147491455, 0.9829383492469788, 0.9807266592979431], "filter_out_rate": [0.0, 0.847457627118644, 1.694915254237288, 2.5423728813559325, 3.389830508474576, 4.23728813559322, 5.084745762711865, 5.932203389830509, 6.779661016949152, 7.627118644067797, 8.47457627118644, 9.322033898305085, 10.16949152542373, 11.016949152542372, 11.864406779661017, 12.711864406779661, 13.559322033898304, 14.40677966101695, 15.254237288135593, 16.101694915254235, 16.94915254237288, 17.796610169491526, 18.64406779661017, 19.491525423728813, 20.33898305084746, 21.1864406779661, 22.033898305084744, 22.88135593220339, 23.728813559322035, 24.576271186440678, 25.423728813559322, 26.27118644067797, 27.11864406779661, 27.966101694915253, 28.8135593220339, 29.66101694915254, 30.508474576271187, 31.35593220338983, 32.20338983050847, 33.05084745762712, 33.89830508474576, 34.74576271186441, 35.59322033898305, 36.440677966101696, 37.28813559322034, 38.13559322033898, 38.983050847457626, 39.83050847457627, 40.67796610169492, 41.52542372881356, 42.3728813559322, 43.22033898305085, 44.06779661016949, 44.91525423728814, 45.76271186440678, 46.61016949152542, 47.45762711864407, 48.30508474576271, 49.152542372881356, 50.0, 50.847457627118644, 51.69491525423729, 52.54237288135594, 53.38983050847458, 54.23728813559322, 55.08474576271186, 55.932203389830505, 56.779661016949156, 57.6271186440678, 58.47457627118644, 59.32203389830508, 60.16949152542372, 61.016949152542374, 61.86440677966102, 62.71186440677966, 63.559322033898304, 64.40677966101694, 65.2542372881356, 66.10169491525424, 66.94915254237289, 67.79661016949152, 68.64406779661016, 69.49152542372882, 70.33898305084746, 71.1864406779661, 72.03389830508475, 72.88135593220339, 73.72881355932203, 74.57627118644068, 75.42372881355932, 76.27118644067797, 77.11864406779661, 77.96610169491525, 78.8135593220339, 79.66101694915254, 80.50847457627118, 81.35593220338984, 82.20338983050848, 83.05084745762711, 83.89830508474576, 84.7457627118644, 85.59322033898306, 86.4406779661017, 87.28813559322035, 88.13559322033898, 88.98305084745762, 89.83050847457628, 90.67796610169492, 91.52542372881356, 92.37288135593221, 93.22033898305084, 94.0677966101695, 94.91525423728814, 95.76271186440678, 96.61016949152543, 97.45762711864407, 98.30508474576271, 99.15254237288136]}