{"ece": 0.0972764221372162, "acc": [0.0, 0.0, 0.3333333333333333, 0.3050847457627119, 0.30726256983240224, 0.46875, 0.6098901098901099, 0.6036036036036037, 0.7252747252747253, 0.8539944903581267], "conf": [0.0, 0.0, 0.2633463541666667, 0.3572563559322034, 0.44553072625698326, 0.5404829545454546, 0.6418269230769231, 0.7421171171171171, 0.8406593406593407, 0.9513314967860422]}