{"auprc": 0.9816176891326904, "fpr0": 0.0, "fpr10": 0.0, "fpr20": 0.00019999999494757503, "fpr30": 0.000699999975040555, "fpr40": 0.0007999999797903001, "fpr50": 0.0024999999441206455, "fpr60": 0.00430000014603138, "fpr70": 0.008999999612569809, "fpr80": 0.01600000075995922, "fpr90": 0.03220000118017197, "auroc": 0.9818827509880066}