{"ausc": 0.962135910987854, "accuracies": [0.8660857081413269, 0.8701795935630798, 0.8755596876144409, 0.8787693381309509, 0.8825476169586182, 0.8871170282363892, 0.8903951644897461, 0.8923501372337341, 0.896367609500885, 0.8995906114578247, 0.9028683304786682, 0.9055446982383728, 0.9083775281906128, 0.9108138680458069, 0.9119433760643005, 0.915021538734436, 0.9176968336105347, 0.9215754270553589, 0.9234265089035034, 0.9253116250038147, 0.9283002018928528, 0.9317038059234619, 0.9340832233428955, 0.9357753396034241, 0.9394664168357849, 0.9421148896217346, 0.9448152184486389, 0.9469344019889832, 0.9499935507774353, 0.9513013958930969, 0.9532832503318787, 0.9561125636100769, 0.9571243524551392, 0.9593719840049744, 0.9603036642074585, 0.9617992043495178, 0.9626256227493286, 0.9637612700462341, 0.9650500416755676, 0.9672366380691528, 0.9683220982551575, 0.9692732691764832, 0.9723419547080994, 0.9732456803321838, 0.9733604192733765, 0.9739519953727722, 0.975022554397583, 0.9764315485954285, 0.9778819680213928, 0.9793786406517029, 0.981553316116333, 0.9822943210601807, 0.9837540984153748, 0.984734058380127, 0.9856192469596863, 0.9868415594100952, 0.987905740737915, 0.9884682893753052, 0.9886834621429443, 0.9898430109024048, 0.9904624819755554, 0.9905300736427307, 0.9909553527832031, 0.9912310838699341, 0.9917004108428955, 0.9922075271606445, 0.9926978945732117, 0.993834376335144, 0.9937336444854736, 0.9953644871711731, 0.9955082535743713, 0.9958943128585815, 0.9965066909790039, 0.9962089657783508, 0.9963794350624084, 0.9963197112083435, 0.9974797368049622, 0.9981992840766907, 0.9981623888015747, 0.9981239438056946, 0.9991873502731323, 0.9991697669029236, 0.9991514682769775, 0.9991188049316406, 0.9990981817245483, 0.9990913271903992, 0.9990842938423157, 0.9990620017051697, 0.9990385174751282, 0.9990138411521912, 0.9989878535270691, 0.9989604353904724, 0.9992877244949341, 0.9989010691642761, 0.9988688230514526, 0.998834490776062, 0.9987980723381042, 0.9991728663444519, 0.9991453289985657, 1.0, 1.0, 1.0, 1.0, 1.0, 1.0, 1.0, 1.0, 1.0, 1.0, 1.0, 1.0, 1.0, 1.0, 1.0, 1.0, 1.0, 1.0, 1.0], "filter_out_rate": [0.0, 0.847457627118644, 1.694915254237288, 2.5423728813559325, 3.389830508474576, 4.23728813559322, 5.084745762711865, 5.932203389830509, 6.779661016949152, 7.627118644067797, 8.47457627118644, 9.322033898305085, 10.16949152542373, 11.016949152542372, 11.864406779661017, 12.711864406779661, 13.559322033898304, 14.40677966101695, 15.254237288135593, 16.101694915254235, 16.94915254237288, 17.796610169491526, 18.64406779661017, 19.491525423728813, 20.33898305084746, 21.1864406779661, 22.033898305084744, 22.88135593220339, 23.728813559322035, 24.576271186440678, 25.423728813559322, 26.27118644067797, 27.11864406779661, 27.966101694915253, 28.8135593220339, 29.66101694915254, 30.508474576271187, 31.35593220338983, 32.20338983050847, 33.05084745762712, 33.89830508474576, 34.74576271186441, 35.59322033898305, 36.440677966101696, 37.28813559322034, 38.13559322033898, 38.983050847457626, 39.83050847457627, 40.67796610169492, 41.52542372881356, 42.3728813559322, 43.22033898305085, 44.06779661016949, 44.91525423728814, 45.76271186440678, 46.61016949152542, 47.45762711864407, 48.30508474576271, 49.152542372881356, 50.0, 50.847457627118644, 51.69491525423729, 52.54237288135594, 53.38983050847458, 54.23728813559322, 55.08474576271186, 55.932203389830505, 56.779661016949156, 57.6271186440678, 58.47457627118644, 59.32203389830508, 60.16949152542372, 61.016949152542374, 61.86440677966102, 62.71186440677966, 63.559322033898304, 64.40677966101694, 65.2542372881356, 66.10169491525424, 66.94915254237289, 67.79661016949152, 68.64406779661016, 69.49152542372882, 70.33898305084746, 71.1864406779661, 72.03389830508475, 72.88135593220339, 73.72881355932203, 74.57627118644068, 75.42372881355932, 76.27118644067797, 77.11864406779661, 77.96610169491525, 78.8135593220339, 79.66101694915254, 80.50847457627118, 81.35593220338984, 82.20338983050848, 83.05084745762711, 83.89830508474576, 84.7457627118644, 85.59322033898306, 86.4406779661017, 87.28813559322035, 88.13559322033898, 88.98305084745762, 89.83050847457628, 90.67796610169492, 91.52542372881356, 92.37288135593221, 93.22033898305084, 94.0677966101695, 94.91525423728814, 95.76271186440678, 96.61016949152543, 97.45762711864407, 98.30508474576271, 99.15254237288136]}