{"ece": 0.023526066527446304, "acc": [0.0, 0.0, 0.22727272727272727, 0.3155339805825243, 0.42058823529411765, 0.49326599326599324, 0.6003770028275212, 0.7154663518299882, 0.8289183222958058, 0.947603121516165], "conf": [0.0, 0.0, 0.2599431818181818, 0.35072815533980584, 0.4452205882352941, 0.5382996632996633, 0.6376060320452404, 0.7390791027154664, 0.8410596026490066, 0.9526198439241917]}