{"auprc": 0.9824921488761902, "fpr0": 0.0, "fpr10": 0.0005000000237487257, "fpr20": 0.0012000000569969416, "fpr30": 0.0015999999595806003, "fpr40": 0.002199999988079071, "fpr50": 0.004100000020116568, "fpr60": 0.006599999964237213, "fpr70": 0.010499999858438969, "fpr80": 0.01850000023841858, "fpr90": 0.031199999153614044, "auroc": 0.9855566620826721}