{"ausc": 0.8827806115150452, "accuracies": [0.7537059187889099, 0.8039571046829224, 0.8078957796096802, 0.8121026158332825, 0.7701613306999207, 0.8208256363868713, 0.8255569338798523, 0.8296248316764832, 0.7847222685813904, 0.835811197757721, 0.8380051851272583, 0.8392505049705505, 0.7985190153121948, 0.8444816470146179, 0.8476158380508423, 0.850003182888031, 0.8100848197937012, 0.8548069596290588, 0.8563995361328125, 0.8595516681671143, 0.8188386559486389, 0.86063152551651, 0.8614947199821472, 0.8620080947875977, 0.8236845135688782, 0.8646805882453918, 0.8651121258735657, 0.8669383525848389, 0.8298225402832031, 0.8717617988586426, 0.8733229041099548, 0.8735942244529724, 0.837772786617279, 0.8787420392036438, 0.8803184628486633, 0.882483184337616, 0.8464754819869995, 0.8855373859405518, 0.8873828053474426, 0.8890007138252258, 0.8530396819114685, 0.8923262357711792, 0.8931635618209839, 0.8928086757659912, 0.858047604560852, 0.8963847756385803, 0.8977562189102173, 0.898557722568512, 0.8623031377792358, 0.9009957909584045, 0.9026591181755066, 0.9035413861274719, 0.8686274886131287, 0.9045411944389343, 0.9048047065734863, 0.9050827026367188, 0.8691110610961914, 0.9049345254898071, 0.9057703018188477, 0.9081002473831177, 0.9097636342048645, 0.877894401550293, 0.8779079914093018, 0.877405047416687, 0.9098666310310364, 0.8789912462234497, 0.8811717629432678, 0.883386492729187, 0.9157658219337463, 0.8856984376907349, 0.8870120048522949, 0.8875480890274048, 0.9197677969932556, 0.8874635100364685, 0.8914964199066162, 0.8925556540489197, 0.9234599471092224, 0.8974339365959167, 0.8997913002967834, 0.9016508460044861, 0.9281486868858337, 0.904704749584198, 0.9055441617965698, 0.9031944274902344, 0.9315260052680969, 0.9076820611953735, 0.9081106185913086, 0.910905122756958, 0.9369679689407349, 0.9151908755302429, 0.9167479276657104, 0.9206969141960144, 0.943230926990509, 0.9253663420677185, 0.9254626631736755, 0.9268568754196167, 0.9444794058799744, 0.9313724040985107, 0.9337625503540039, 0.9356653094291687, 0.9503507614135742, 0.9419952034950256, 0.9413856267929077, 0.9428777694702148, 0.9438952803611755, 0.9444137215614319, 0.9428812861442566, 0.9430617094039917, 0.9481496810913086, 0.9488642811775208, 0.9564294815063477, 0.9575443863868713, 0.9608854651451111, 0.9664802551269531, 0.9677348732948303, 0.9686315655708313, 0.96860271692276, 0.9677836298942566], "filter_out_rate": [0.0, 0.847457627118644, 1.694915254237288, 2.5423728813559325, 3.389830508474576, 4.23728813559322, 5.084745762711865, 5.932203389830509, 6.779661016949152, 7.627118644067797, 8.47457627118644, 9.322033898305085, 10.16949152542373, 11.016949152542372, 11.864406779661017, 12.711864406779661, 13.559322033898304, 14.40677966101695, 15.254237288135593, 16.101694915254235, 16.94915254237288, 17.796610169491526, 18.64406779661017, 19.491525423728813, 20.33898305084746, 21.1864406779661, 22.033898305084744, 22.88135593220339, 23.728813559322035, 24.576271186440678, 25.423728813559322, 26.27118644067797, 27.11864406779661, 27.966101694915253, 28.8135593220339, 29.66101694915254, 30.508474576271187, 31.35593220338983, 32.20338983050847, 33.05084745762712, 33.89830508474576, 34.74576271186441, 35.59322033898305, 36.440677966101696, 37.28813559322034, 38.13559322033898, 38.983050847457626, 39.83050847457627, 40.67796610169492, 41.52542372881356, 42.3728813559322, 43.22033898305085, 44.06779661016949, 44.91525423728814, 45.76271186440678, 46.61016949152542, 47.45762711864407, 48.30508474576271, 49.152542372881356, 50.0, 50.847457627118644, 51.69491525423729, 52.54237288135594, 53.38983050847458, 54.23728813559322, 55.08474576271186, 55.932203389830505, 56.779661016949156, 57.6271186440678, 58.47457627118644, 59.32203389830508, 60.16949152542372, 61.016949152542374, 61.86440677966102, 62.71186440677966, 63.559322033898304, 64.40677966101694, 65.2542372881356, 66.10169491525424, 66.94915254237289, 67.79661016949152, 68.64406779661016, 69.49152542372882, 70.33898305084746, 71.1864406779661, 72.03389830508475, 72.88135593220339, 73.72881355932203, 74.57627118644068, 75.42372881355932, 76.27118644067797, 77.11864406779661, 77.96610169491525, 78.8135593220339, 79.66101694915254, 80.50847457627118, 81.35593220338984, 82.20338983050848, 83.05084745762711, 83.89830508474576, 84.7457627118644, 85.59322033898306, 86.4406779661017, 87.28813559322035, 88.13559322033898, 88.98305084745762, 89.83050847457628, 90.67796610169492, 91.52542372881356, 92.37288135593221, 93.22033898305084, 94.0677966101695, 94.91525423728814, 95.76271186440678, 96.61016949152543, 97.45762711864407, 98.30508474576271, 99.15254237288136]}