{"ece": 0.09534899393717451, "acc": [0.0, 0.0, 0.2857142857142857, 0.3333333333333333, 0.3804347826086957, 0.4975369458128079, 0.5252525252525253, 0.6215596330275229, 0.7399193548387096, 0.8445262189512419], "conf": [0.0, 0.0, 0.271484375, 0.3489583333333333, 0.4483695652173913, 0.5387931034482759, 0.6385732323232324, 0.7402522935779816, 0.842741935483871, 0.9503219871205152]}