{"auprc": 0.9779215455055237, "fpr0": 0.0, "fpr10": 9.999999747378752e-05, "fpr20": 0.0006000000284984708, "fpr30": 0.0020000000949949026, "fpr40": 0.00279999990016222, "fpr50": 0.004900000058114529, "fpr60": 0.007899999618530273, "fpr70": 0.011900000274181366, "fpr80": 0.01889999955892563, "fpr90": 0.037300001829862595, "auroc": 0.9796274304389954}