{"ausc": 0.959372341632843, "accuracies": [0.8652844429016113, 0.8690692186355591, 0.8716931343078613, 0.8744615316390991, 0.8771711587905884, 0.8802376985549927, 0.8836696147918701, 0.8866285681724548, 0.8887820243835449, 0.8924800157546997, 0.895480215549469, 0.8986412286758423, 0.9003094434738159, 0.9036788940429688, 0.9058704972267151, 0.9095756411552429, 0.911401093006134, 0.9127973914146423, 0.9167831540107727, 0.9197835922241211, 0.922127366065979, 0.9249940514564514, 0.9285195469856262, 0.9311355352401733, 0.9334319829940796, 0.9351505637168884, 0.9382855296134949, 0.9404581785202026, 0.9421703815460205, 0.9432696104049683, 0.9458398818969727, 0.9475244283676147, 0.9488388299942017, 0.951134204864502, 0.9525030851364136, 0.9541662335395813, 0.9564574956893921, 0.9572367668151855, 0.9587709307670593, 0.9613386988639832, 0.9620440602302551, 0.9632226824760437, 0.9656090140342712, 0.9677888751029968, 0.9689306616783142, 0.9699376225471497, 0.9712759852409363, 0.9728070497512817, 0.974080502986908, 0.976536750793457, 0.9786895513534546, 0.9800823926925659, 0.9818658828735352, 0.9822975397109985, 0.9830993413925171, 0.9844419956207275, 0.9861984252929688, 0.986892580986023, 0.9859737753868103, 0.9874303936958313, 0.9887688755989075, 0.9891881942749023, 0.9897961616516113, 0.9909967184066772, 0.9920845031738281, 0.9929879903793335, 0.9932940602302551, 0.9955154657363892, 0.9963093400001526, 0.9964970350265503, 0.99642413854599, 0.9965895414352417, 0.9962905645370483, 0.9959849119186401, 0.9959094524383545, 0.9963197112083435, 0.996238112449646, 0.9966757297515869, 0.9968696236610413, 0.9965192079544067, 0.9983488917350769, 0.9988581538200378, 0.998832106590271, 0.999089777469635, 0.9990832805633545, 0.9990764260292053, 0.9990537762641907, 0.9993589520454407, 0.9993425011634827, 0.9993252754211426, 0.9993069767951965, 0.9992877244949341, 0.9992673993110657, 0.9992458820343018, 0.9992458820343018, 0.999222993850708, 0.9991987347602844, 0.9991728663444519, 0.9995726346969604, 0.9995421171188354, 0.9995251893997192, 1.0, 1.0, 1.0, 1.0, 1.0, 1.0, 1.0, 1.0, 1.0, 1.0, 1.0, 1.0, 1.0, 1.0, 1.0, 1.0, 1.0], "filter_out_rate": [0.0, 0.847457627118644, 1.694915254237288, 2.5423728813559325, 3.389830508474576, 4.23728813559322, 5.084745762711865, 5.932203389830509, 6.779661016949152, 7.627118644067797, 8.47457627118644, 9.322033898305085, 10.16949152542373, 11.016949152542372, 11.864406779661017, 12.711864406779661, 13.559322033898304, 14.40677966101695, 15.254237288135593, 16.101694915254235, 16.94915254237288, 17.796610169491526, 18.64406779661017, 19.491525423728813, 20.33898305084746, 21.1864406779661, 22.033898305084744, 22.88135593220339, 23.728813559322035, 24.576271186440678, 25.423728813559322, 26.27118644067797, 27.11864406779661, 27.966101694915253, 28.8135593220339, 29.66101694915254, 30.508474576271187, 31.35593220338983, 32.20338983050847, 33.05084745762712, 33.89830508474576, 34.74576271186441, 35.59322033898305, 36.440677966101696, 37.28813559322034, 38.13559322033898, 38.983050847457626, 39.83050847457627, 40.67796610169492, 41.52542372881356, 42.3728813559322, 43.22033898305085, 44.06779661016949, 44.91525423728814, 45.76271186440678, 46.61016949152542, 47.45762711864407, 48.30508474576271, 49.152542372881356, 50.0, 50.847457627118644, 51.69491525423729, 52.54237288135594, 53.38983050847458, 54.23728813559322, 55.08474576271186, 55.932203389830505, 56.779661016949156, 57.6271186440678, 58.47457627118644, 59.32203389830508, 60.16949152542372, 61.016949152542374, 61.86440677966102, 62.71186440677966, 63.559322033898304, 64.40677966101694, 65.2542372881356, 66.10169491525424, 66.94915254237289, 67.79661016949152, 68.64406779661016, 69.49152542372882, 70.33898305084746, 71.1864406779661, 72.03389830508475, 72.88135593220339, 73.72881355932203, 74.57627118644068, 75.42372881355932, 76.27118644067797, 77.11864406779661, 77.96610169491525, 78.8135593220339, 79.66101694915254, 80.50847457627118, 81.35593220338984, 82.20338983050848, 83.05084745762711, 83.89830508474576, 84.7457627118644, 85.59322033898306, 86.4406779661017, 87.28813559322035, 88.13559322033898, 88.98305084745762, 89.83050847457628, 90.67796610169492, 91.52542372881356, 92.37288135593221, 93.22033898305084, 94.0677966101695, 94.91525423728814, 95.76271186440678, 96.61016949152543, 97.45762711864407, 98.30508474576271, 99.15254237288136]}