{"train_accuracy": 0.8693204365079366, "train_map_r": 0.7853406562898143, "val_accuracy": 0.9004254995723977, "val_map_r": 0.8299672299139069, "test_accuracy": 0.8545268425841673, "test_map_r": 0.7723247811609159, "train_loss": -25.98872908592224, "val_loss": -30.383856180024907}