{"auprc": 0.7291432619094849, "fpr0": 0.0, "fpr10": 0.02630000002682209, "fpr20": 0.04540000110864639, "fpr30": 0.06689999997615814, "fpr40": 0.08799999952316284, "fpr50": 0.11559999734163284, "fpr60": 0.14100000262260437, "fpr70": 0.1655000001192093, "fpr80": 0.18860000371932983, "fpr90": 0.22050000727176666, "auroc": 0.7904964089393616}