{"ece": 0.1351471684405193, "acc": [0.0, 0.0, 0.5, 0.29411764705882354, 0.38613861386138615, 0.453125, 0.5018587360594795, 0.6023054755043228, 0.6666666666666666, 0.8168744007670182], "conf": [0.0, 0.0, 0.280029296875, 0.3506433823529412, 0.4501856435643564, 0.5380859375, 0.641728624535316, 0.7413544668587896, 0.8431712962962963, 0.9539789069990412]}