{"auprc": 0.9525600671768188, "fpr0": 0.0, "fpr10": 0.0012000000569969416, "fpr20": 0.003100000089034438, "fpr30": 0.004900000058114529, "fpr40": 0.008799999952316284, "fpr50": 0.014399999752640724, "fpr60": 0.023000000044703484, "fpr70": 0.03440000116825104, "fpr80": 0.05009999871253967, "fpr90": 0.0722000002861023, "auroc": 0.9599835276603699}