{"ausc": 0.9645584225654602, "accuracies": [0.8925280570983887, 0.8966282606124878, 0.9003866910934448, 0.9033846855163574, 0.9062240719795227, 0.9091099500656128, 0.9119378328323364, 0.915977954864502, 0.9170939922332764, 0.9196293950080872, 0.920686662197113, 0.921981155872345, 0.9240716099739075, 0.9250836372375488, 0.928250253200531, 0.9306784272193909, 0.9322344660758972, 0.9341650009155273, 0.9363636374473572, 0.9386026263237, 0.9418330192565918, 0.9433261156082153, 0.9459361433982849, 0.9468864798545837, 0.948964536190033, 0.9504605531692505, 0.9509804844856262, 0.9530337452888489, 0.9547436237335205, 0.9558404088020325, 0.9570906162261963, 0.9581007361412048, 0.9596673846244812, 0.9612670540809631, 0.963037371635437, 0.9645697474479675, 0.9652948379516602, 0.9663112163543701, 0.9669355750083923, 0.967423141002655, 0.9689483642578125, 0.9705086946487427, 0.970758318901062, 0.9708648324012756, 0.9720438718795776, 0.9726278781890869, 0.973073422908783, 0.9738505482673645, 0.9744909405708313, 0.9764396548271179, 0.9772898554801941, 0.978495180606842, 0.9793791174888611, 0.9804710149765015, 0.9814121723175049, 0.9822032451629639, 0.9833746552467346, 0.984576404094696, 0.9852734208106995, 0.9852473735809326, 0.9863604307174683, 0.9867298603057861, 0.987110435962677, 0.9877000451087952, 0.9887054562568665, 0.9891282320022583, 0.9901885986328125, 0.9902220368385315, 0.9904772639274597, 0.9916249513626099, 0.9921690821647644, 0.9927166700363159, 0.9925767183303833, 0.9926684498786926, 0.9925081133842468, 0.9936113357543945, 0.9947140216827393, 0.9948750138282776, 0.9950101971626282, 0.9954186677932739, 0.9961331486701965, 0.996326744556427, 0.996547281742096, 0.9964680075645447, 0.9964063763618469, 0.9960151314735413, 0.9965193271636963, 0.9964230060577393, 0.9959846138954163, 0.9955395460128784, 0.9971787929534912, 0.9971096515655518, 0.9970259070396423, 0.9973019361495972, 0.9972273707389832, 0.9975298643112183, 0.99747633934021, 0.9974044561386108, 0.9981820583343506, 0.9986082315444946, 0.9985560178756714, 0.9989743232727051, 0.9989315867424011, 0.9988598227500916, 0.998834490776062, 0.9987789988517761, 0.9987179636955261, 0.9986842274665833, 0.9986466765403748, 0.9978963136672974, 0.9976904392242432, 0.9975427389144897, 0.9973748922348022, 0.9990138411521912, 0.9989317059516907, 0.998834490776062, 0.9987179636955261, 0.9983974099159241], "filter_out_rate": [0.0, 0.847457627118644, 1.694915254237288, 2.5423728813559325, 3.389830508474576, 4.23728813559322, 5.084745762711865, 5.932203389830509, 6.779661016949152, 7.627118644067797, 8.47457627118644, 9.322033898305085, 10.16949152542373, 11.016949152542372, 11.864406779661017, 12.711864406779661, 13.559322033898304, 14.40677966101695, 15.254237288135593, 16.101694915254235, 16.94915254237288, 17.796610169491526, 18.64406779661017, 19.491525423728813, 20.33898305084746, 21.1864406779661, 22.033898305084744, 22.88135593220339, 23.728813559322035, 24.576271186440678, 25.423728813559322, 26.27118644067797, 27.11864406779661, 27.966101694915253, 28.8135593220339, 29.66101694915254, 30.508474576271187, 31.35593220338983, 32.20338983050847, 33.05084745762712, 33.89830508474576, 34.74576271186441, 35.59322033898305, 36.440677966101696, 37.28813559322034, 38.13559322033898, 38.983050847457626, 39.83050847457627, 40.67796610169492, 41.52542372881356, 42.3728813559322, 43.22033898305085, 44.06779661016949, 44.91525423728814, 45.76271186440678, 46.61016949152542, 47.45762711864407, 48.30508474576271, 49.152542372881356, 50.0, 50.847457627118644, 51.69491525423729, 52.54237288135594, 53.38983050847458, 54.23728813559322, 55.08474576271186, 55.932203389830505, 56.779661016949156, 57.6271186440678, 58.47457627118644, 59.32203389830508, 60.16949152542372, 61.016949152542374, 61.86440677966102, 62.71186440677966, 63.559322033898304, 64.40677966101694, 65.2542372881356, 66.10169491525424, 66.94915254237289, 67.79661016949152, 68.64406779661016, 69.49152542372882, 70.33898305084746, 71.1864406779661, 72.03389830508475, 72.88135593220339, 73.72881355932203, 74.57627118644068, 75.42372881355932, 76.27118644067797, 77.11864406779661, 77.96610169491525, 78.8135593220339, 79.66101694915254, 80.50847457627118, 81.35593220338984, 82.20338983050848, 83.05084745762711, 83.89830508474576, 84.7457627118644, 85.59322033898306, 86.4406779661017, 87.28813559322035, 88.13559322033898, 88.98305084745762, 89.83050847457628, 90.67796610169492, 91.52542372881356, 92.37288135593221, 93.22033898305084, 94.0677966101695, 94.91525423728814, 95.76271186440678, 96.61016949152543, 97.45762711864407, 98.30508474576271, 99.15254237288136]}