{"ece": 0.05417058113004966, "acc": [0.0, 0.19095477386934673, 0.2534883720930233, 0.3707627118644068, 0.4578034682080925, 0.4930232558139535, 0.5543278084714549, 0.6912280701754386, 0.7214285714285714, 0.7909967845659164], "conf": [0.0, 0.1727386934673367, 0.24345930232558138, 0.336864406779661, 0.4367052023121387, 0.5375968992248062, 0.638121546961326, 0.7394736842105263, 0.8433035714285714, 0.9480171489817792]}