{"auprc": 0.652807354927063, "fpr0": 0.0, "fpr10": 0.07180000096559525, "fpr20": 0.13230000436306, "fpr30": 0.1850000023841858, "fpr40": 0.22939999401569366, "fpr50": 0.267300009727478, "fpr60": 0.30169999599456787, "fpr70": 0.336899995803833, "fpr80": 0.366100013256073, "fpr90": 0.392300009727478, "auroc": 0.4604003131389618}