{"ausc": 0.7248914241790771, "accuracies": [0.5234375, 0.5262467265129089, 0.5287953019142151, 0.5310768485069275, 0.5338090062141418, 0.5364811420440674, 0.5386716723442078, 0.5413223505020142, 0.5441238880157471, 0.5460030436515808, 0.5472620725631714, 0.5490905046463013, 0.5516136288642883, 0.5528427958488464, 0.5560053586959839, 0.5580893158912659, 0.5597527623176575, 0.5624855160713196, 0.565384566783905, 0.5689249634742737, 0.5722934007644653, 0.5740475058555603, 0.5763183236122131, 0.5772894620895386, 0.5781558752059937, 0.5794125199317932, 0.5829562544822693, 0.5855547189712524, 0.5903846621513367, 0.5932400822639465, 0.5974621176719666, 0.6012424230575562, 0.6044337153434753, 0.6060728430747986, 0.6082923412322998, 0.6089054942131042, 0.6128762364387512, 0.617216169834137, 0.6202279329299927, 0.6244598031044006, 0.626748263835907, 0.6289419531822205, 0.6317829489707947, 0.6369532346725464, 0.641330897808075, 0.6441148519515991, 0.6486866474151611, 0.6524217128753662, 0.65625, 0.6606038212776184, 0.6645748019218445, 0.6695410013198853, 0.6739698648452759, 0.6762879490852356, 0.6797126531600952, 0.6846364140510559, 0.6904091238975525, 0.6954032778739929, 0.7016775608062744, 0.7064151167869568, 0.7113415002822876, 0.7162207365036011, 0.7219592332839966, 0.7274945378303528, 0.7328056693077087, 0.7377621531486511, 0.7437170743942261, 0.7479736804962158, 0.754481852054596, 0.7602262496948242, 0.7656404376029968, 0.7701355218887329, 0.7785577178001404, 0.7835745811462402, 0.7887130379676819, 0.7954856157302856, 0.8032317757606506, 0.8104963898658752, 0.8157798647880554, 0.8245411515235901, 0.829814612865448, 0.8338178992271423, 0.8405366539955139, 0.8454751968383789, 0.8528065085411072, 0.8579431176185608, 0.86314457654953, 0.8702348470687866, 0.8759118318557739, 0.880815863609314, 0.890131413936615, 0.892942488193512, 0.8985618948936462, 0.9038509726524353, 0.909489095211029, 0.9145452976226807, 0.9179937839508057, 0.922821044921875, 0.9288784861564636, 0.9331579208374023, 0.9358530044555664, 0.9364062547683716, 0.9405006766319275, 0.9409584403038025, 0.9434648156166077, 0.9496625065803528, 0.9481189250946045, 0.952102541923523, 0.9511862397193909, 0.9571167230606079, 0.9560466408729553, 0.9616463780403137, 0.9645516872406006, 0.969087541103363, 0.9788865447044373, 0.9826340079307556, 0.9828671216964722, 0.9841879606246948], "filter_out_rate": [0.0, 0.847457627118644, 1.694915254237288, 2.5423728813559325, 3.389830508474576, 4.23728813559322, 5.084745762711865, 5.932203389830509, 6.779661016949152, 7.627118644067797, 8.47457627118644, 9.322033898305085, 10.16949152542373, 11.016949152542372, 11.864406779661017, 12.711864406779661, 13.559322033898304, 14.40677966101695, 15.254237288135593, 16.101694915254235, 16.94915254237288, 17.796610169491526, 18.64406779661017, 19.491525423728813, 20.33898305084746, 21.1864406779661, 22.033898305084744, 22.88135593220339, 23.728813559322035, 24.576271186440678, 25.423728813559322, 26.27118644067797, 27.11864406779661, 27.966101694915253, 28.8135593220339, 29.66101694915254, 30.508474576271187, 31.35593220338983, 32.20338983050847, 33.05084745762712, 33.89830508474576, 34.74576271186441, 35.59322033898305, 36.440677966101696, 37.28813559322034, 38.13559322033898, 38.983050847457626, 39.83050847457627, 40.67796610169492, 41.52542372881356, 42.3728813559322, 43.22033898305085, 44.06779661016949, 44.91525423728814, 45.76271186440678, 46.61016949152542, 47.45762711864407, 48.30508474576271, 49.152542372881356, 50.0, 50.847457627118644, 51.69491525423729, 52.54237288135594, 53.38983050847458, 54.23728813559322, 55.08474576271186, 55.932203389830505, 56.779661016949156, 57.6271186440678, 58.47457627118644, 59.32203389830508, 60.16949152542372, 61.016949152542374, 61.86440677966102, 62.71186440677966, 63.559322033898304, 64.40677966101694, 65.2542372881356, 66.10169491525424, 66.94915254237289, 67.79661016949152, 68.64406779661016, 69.49152542372882, 70.33898305084746, 71.1864406779661, 72.03389830508475, 72.88135593220339, 73.72881355932203, 74.57627118644068, 75.42372881355932, 76.27118644067797, 77.11864406779661, 77.96610169491525, 78.8135593220339, 79.66101694915254, 80.50847457627118, 81.35593220338984, 82.20338983050848, 83.05084745762711, 83.89830508474576, 84.7457627118644, 85.59322033898306, 86.4406779661017, 87.28813559322035, 88.13559322033898, 88.98305084745762, 89.83050847457628, 90.67796610169492, 91.52542372881356, 92.37288135593221, 93.22033898305084, 94.0677966101695, 94.91525423728814, 95.76271186440678, 96.61016949152543, 97.45762711864407, 98.30508474576271, 99.15254237288136]}