{"ece": 0.018557599714214713, "acc": [0.0, 0.3333333333333333, 0.21875, 0.30851063829787234, 0.3997093023255814, 0.5301837270341208, 0.6361867704280155, 0.7062084257206208, 0.8230184581976113, 0.9400244798041616], "conf": [0.0, 0.15999348958333334, 0.25244140625, 0.3537234042553192, 0.44585755813953487, 0.5398075240594926, 0.6391050583657587, 0.7394678492239468, 0.8398479913137894, 0.9522643818849449]}