{"auprc": 0.9787288904190063, "fpr0": 0.0, "fpr10": 0.0010999999940395355, "fpr20": 0.0017999999690800905, "fpr30": 0.0024999999441206455, "fpr40": 0.0038999998942017555, "fpr50": 0.005799999926239252, "fpr60": 0.00860000029206276, "fpr70": 0.014000000432133675, "fpr80": 0.021900000050663948, "fpr90": 0.03280000016093254, "auroc": 0.9836742877960205}