{"ausc": 0.875160813331604, "accuracies": [0.7550080418586731, 0.8072884678840637, 0.8121692538261414, 0.8167179822921753, 0.7725392580032349, 0.824369490146637, 0.8261875510215759, 0.8289890885353088, 0.7829059958457947, 0.8329023718833923, 0.8374620079994202, 0.8392505049705505, 0.7981874346733093, 0.8477145433425903, 0.8487403988838196, 0.8503517508506775, 0.8074633479118347, 0.852737307548523, 0.8540685772895813, 0.8556690812110901, 0.8139837980270386, 0.8586148023605347, 0.8590952754020691, 0.8604395985603333, 0.8198844790458679, 0.8631965517997742, 0.8641177415847778, 0.8658187985420227, 0.8257550001144409, 0.8667351007461548, 0.8690394759178162, 0.8715222477912903, 0.8307846188545227, 0.8720576167106628, 0.8715147376060486, 0.8734341859817505, 0.8360652327537537, 0.8745781183242798, 0.8758987188339233, 0.8773719668388367, 0.8425921201705933, 0.8807445168495178, 0.8805500864982605, 0.8826150894165039, 0.8485296368598938, 0.8846870064735413, 0.8862367272377014, 0.8867541551589966, 0.8514909744262695, 0.8882771730422974, 0.8905752301216125, 0.8924694657325745, 0.8595839142799377, 0.8950289487838745, 0.8951623439788818, 0.8975920081138611, 0.8682863116264343, 0.9004489183425903, 0.9010006785392761, 0.9017613530158997, 0.9016315937042236, 0.8705887198448181, 0.8726824522018433, 0.8723095655441284, 0.9044885039329529, 0.8716825842857361, 0.8714204430580139, 0.8705458045005798, 0.9044313430786133, 0.8741043210029602, 0.8715817332267761, 0.8713290691375732, 0.9038094878196716, 0.8738836646080017, 0.8765058517456055, 0.878006100654602, 0.9132310748100281, 0.8803489804267883, 0.8828158378601074, 0.8810732960700989, 0.914014458656311, 0.8861784338951111, 0.8884122967720032, 0.8888450860977173, 0.921811044216156, 0.8936302065849304, 0.895553469657898, 0.8946253657341003, 0.921646773815155, 0.8975918292999268, 0.8984600901603699, 0.9019078016281128, 0.9269328117370605, 0.9061793088912964, 0.9106743931770325, 0.9150027632713318, 0.9340288043022156, 0.9185898900032043, 0.918682873249054, 0.9207689166069031, 0.9420350193977356, 0.9248753190040588, 0.9283300638198853, 0.9352729916572571, 0.9399461150169373, 0.9444602727890015, 0.9447901844978333, 0.9465004205703735, 0.9440649151802063, 0.9502695798873901, 0.9519352912902832, 0.9568874835968018, 0.956098198890686, 0.9589219689369202, 0.9624136090278625, 0.9680458307266235, 0.9696923494338989, 0.9738090634346008], "filter_out_rate": [0.0, 0.847457627118644, 1.694915254237288, 2.5423728813559325, 3.389830508474576, 4.23728813559322, 5.084745762711865, 5.932203389830509, 6.779661016949152, 7.627118644067797, 8.47457627118644, 9.322033898305085, 10.16949152542373, 11.016949152542372, 11.864406779661017, 12.711864406779661, 13.559322033898304, 14.40677966101695, 15.254237288135593, 16.101694915254235, 16.94915254237288, 17.796610169491526, 18.64406779661017, 19.491525423728813, 20.33898305084746, 21.1864406779661, 22.033898305084744, 22.88135593220339, 23.728813559322035, 24.576271186440678, 25.423728813559322, 26.27118644067797, 27.11864406779661, 27.966101694915253, 28.8135593220339, 29.66101694915254, 30.508474576271187, 31.35593220338983, 32.20338983050847, 33.05084745762712, 33.89830508474576, 34.74576271186441, 35.59322033898305, 36.440677966101696, 37.28813559322034, 38.13559322033898, 38.983050847457626, 39.83050847457627, 40.67796610169492, 41.52542372881356, 42.3728813559322, 43.22033898305085, 44.06779661016949, 44.91525423728814, 45.76271186440678, 46.61016949152542, 47.45762711864407, 48.30508474576271, 49.152542372881356, 50.0, 50.847457627118644, 51.69491525423729, 52.54237288135594, 53.38983050847458, 54.23728813559322, 55.08474576271186, 55.932203389830505, 56.779661016949156, 57.6271186440678, 58.47457627118644, 59.32203389830508, 60.16949152542372, 61.016949152542374, 61.86440677966102, 62.71186440677966, 63.559322033898304, 64.40677966101694, 65.2542372881356, 66.10169491525424, 66.94915254237289, 67.79661016949152, 68.64406779661016, 69.49152542372882, 70.33898305084746, 71.1864406779661, 72.03389830508475, 72.88135593220339, 73.72881355932203, 74.57627118644068, 75.42372881355932, 76.27118644067797, 77.11864406779661, 77.96610169491525, 78.8135593220339, 79.66101694915254, 80.50847457627118, 81.35593220338984, 82.20338983050848, 83.05084745762711, 83.89830508474576, 84.7457627118644, 85.59322033898306, 86.4406779661017, 87.28813559322035, 88.13559322033898, 88.98305084745762, 89.83050847457628, 90.67796610169492, 91.52542372881356, 92.37288135593221, 93.22033898305084, 94.0677966101695, 94.91525423728814, 95.76271186440678, 96.61016949152543, 97.45762711864407, 98.30508474576271, 99.15254237288136]}