{"ece": 0.06904400254583465, "acc": [0.0, 0.0, 0.0, 0.3076923076923077, 0.3476190476190476, 0.4902439024390244, 0.5784061696658098, 0.69, 0.7625231910946196, 0.8761279737489746], "conf": [0.0, 0.0, 0.280029296875, 0.35010302197802196, 0.44761904761904764, 0.5414634146341464, 0.6417095115681234, 0.74, 0.8427643784786641, 0.9507793273174734]}