{"auprc": 0.9794612526893616, "fpr0": 0.0, "fpr10": 9.999999747378752e-05, "fpr20": 0.0006000000284984708, "fpr30": 0.0012000000569969416, "fpr40": 0.002099999925121665, "fpr50": 0.004100000020116568, "fpr60": 0.007000000216066837, "fpr70": 0.012400000356137753, "fpr80": 0.020999999716877937, "fpr90": 0.03840000182390213, "auroc": 0.9816112518310547}