{"ausc": 0.9644050598144531, "accuracies": [0.8776041865348816, 0.8816878199577332, 0.8859381079673767, 0.8902564644813538, 0.8931968808174133, 0.8969147801399231, 0.9005885124206543, 0.9028395414352417, 0.9051281809806824, 0.9078862071037292, 0.9111256003379822, 0.9138724207878113, 0.9176613092422485, 0.9196209907531738, 0.9216150045394897, 0.9233037233352661, 0.9259385466575623, 0.9295448660850525, 0.9315850734710693, 0.933897852897644, 0.9360162019729614, 0.9380542039871216, 0.9401305913925171, 0.942246675491333, 0.9445266723632812, 0.9458550810813904, 0.9488362073898315, 0.9513733983039856, 0.9526818990707397, 0.9537591934204102, 0.9561503529548645, 0.9575430154800415, 0.9593734741210938, 0.9609754681587219, 0.9617906212806702, 0.9638593792915344, 0.9656822085380554, 0.9669967889785767, 0.9687632918357849, 0.9702877402305603, 0.9713981747627258, 0.9719308018684387, 0.9745727777481079, 0.9762639999389648, 0.9761205911636353, 0.9770640134811401, 0.9781805872917175, 0.978697657585144, 0.9805194139480591, 0.9825307130813599, 0.9841198325157166, 0.9847691059112549, 0.9850625395774841, 0.9857191443443298, 0.9867568612098694, 0.9876229763031006, 0.9883451461791992, 0.9887189865112305, 0.9891113042831421, 0.9898787140846252, 0.9912338256835938, 0.9916395545005798, 0.9921241998672485, 0.9923800230026245, 0.9932734966278076, 0.9933679103851318, 0.9932798743247986, 0.9933889508247375, 0.9936673045158386, 0.9946933388710022, 0.9955201745033264, 0.9956690669059753, 0.9958198666572571, 0.9962348937988281, 0.9966437220573425, 0.9968217015266418, 0.9967646598815918, 0.9974246025085449, 0.9973717927932739, 0.9975786209106445, 0.9975500106811523, 0.9974774122238159, 0.9979986548423767, 0.9982379078865051, 0.9982178807258606, 0.9981756210327148, 0.998131275177002, 0.9980769157409668, 0.9980522394180298, 0.9980016946792603, 0.9979483485221863, 0.9978921413421631, 0.9985652565956116, 0.998524010181427, 0.9984802603721619, 0.9980453252792358, 0.9979838728904724, 0.9979183673858643, 0.9978485107421875, 0.9973316788673401, 0.9972358345985413, 0.9976075887680054, 0.9974359273910522, 0.9984616041183472, 1.0, 1.0, 1.0, 1.0, 1.0, 1.0, 1.0, 1.0, 1.0, 1.0, 1.0, 1.0, 1.0, 1.0], "filter_out_rate": [0.0, 0.847457627118644, 1.694915254237288, 2.5423728813559325, 3.389830508474576, 4.23728813559322, 5.084745762711865, 5.932203389830509, 6.779661016949152, 7.627118644067797, 8.47457627118644, 9.322033898305085, 10.16949152542373, 11.016949152542372, 11.864406779661017, 12.711864406779661, 13.559322033898304, 14.40677966101695, 15.254237288135593, 16.101694915254235, 16.94915254237288, 17.796610169491526, 18.64406779661017, 19.491525423728813, 20.33898305084746, 21.1864406779661, 22.033898305084744, 22.88135593220339, 23.728813559322035, 24.576271186440678, 25.423728813559322, 26.27118644067797, 27.11864406779661, 27.966101694915253, 28.8135593220339, 29.66101694915254, 30.508474576271187, 31.35593220338983, 32.20338983050847, 33.05084745762712, 33.89830508474576, 34.74576271186441, 35.59322033898305, 36.440677966101696, 37.28813559322034, 38.13559322033898, 38.983050847457626, 39.83050847457627, 40.67796610169492, 41.52542372881356, 42.3728813559322, 43.22033898305085, 44.06779661016949, 44.91525423728814, 45.76271186440678, 46.61016949152542, 47.45762711864407, 48.30508474576271, 49.152542372881356, 50.0, 50.847457627118644, 51.69491525423729, 52.54237288135594, 53.38983050847458, 54.23728813559322, 55.08474576271186, 55.932203389830505, 56.779661016949156, 57.6271186440678, 58.47457627118644, 59.32203389830508, 60.16949152542372, 61.016949152542374, 61.86440677966102, 62.71186440677966, 63.559322033898304, 64.40677966101694, 65.2542372881356, 66.10169491525424, 66.94915254237289, 67.79661016949152, 68.64406779661016, 69.49152542372882, 70.33898305084746, 71.1864406779661, 72.03389830508475, 72.88135593220339, 73.72881355932203, 74.57627118644068, 75.42372881355932, 76.27118644067797, 77.11864406779661, 77.96610169491525, 78.8135593220339, 79.66101694915254, 80.50847457627118, 81.35593220338984, 82.20338983050848, 83.05084745762711, 83.89830508474576, 84.7457627118644, 85.59322033898306, 86.4406779661017, 87.28813559322035, 88.13559322033898, 88.98305084745762, 89.83050847457628, 90.67796610169492, 91.52542372881356, 92.37288135593221, 93.22033898305084, 94.0677966101695, 94.91525423728814, 95.76271186440678, 96.61016949152543, 97.45762711864407, 98.30508474576271, 99.15254237288136]}