{"ece": 0.05272668657526808, "acc": [0.0, 0.22674418604651161, 0.2397582269979852, 0.33214793741109533, 0.44845908607863977, 0.5292397660818714, 0.5838926174496645, 0.6534839924670434, 0.7073170731707317, 0.7535934291581109], "conf": [0.0, 0.17332848837209303, 0.24546675621222297, 0.33748221906116643, 0.4365037194473964, 0.5391081871345029, 0.639261744966443, 0.7391713747645952, 0.8401567944250871, 0.9491786447638604]}