{"auprc": 0.6354014277458191, "fpr0": 0.0, "fpr10": 0.08209999650716782, "fpr20": 0.1525000035762787, "fpr30": 0.21359999477863312, "fpr40": 0.26420000195503235, "fpr50": 0.30959999561309814, "fpr60": 0.34700000286102295, "fpr70": 0.37959998846054077, "fpr80": 0.4104999899864197, "fpr90": 0.435699999332428, "auroc": 0.43187177181243896}