{"ausc": 0.7305188179016113, "accuracies": [0.52734375, 0.529880940914154, 0.5327634811401367, 0.5352820754051208, 0.5374276041984558, 0.5385657548904419, 0.5416141152381897, 0.5431235432624817, 0.5448717474937439, 0.5482655167579651, 0.5514993667602539, 0.5543502569198608, 0.5573607087135315, 0.560869574546814, 0.5635402202606201, 0.5654640793800354, 0.5669642686843872, 0.56930011510849, 0.571212112903595, 0.5731592178344727, 0.5749049782752991, 0.5775221586227417, 0.5806725025177002, 0.5832722783088684, 0.586168646812439, 0.5891212224960327, 0.592383086681366, 0.594440221786499, 0.5982050895690918, 0.6010100841522217, 0.604788064956665, 0.606661319732666, 0.610576868057251, 0.6134952902793884, 0.6164757609367371, 0.6182795763015747, 0.6224916577339172, 0.626937210559845, 0.6299145221710205, 0.6303658485412598, 0.6353438496589661, 0.6391099095344543, 0.6419200301170349, 0.6452488899230957, 0.6517093777656555, 0.6560087203979492, 0.6583801507949829, 0.6619183421134949, 0.6663461327552795, 0.6699123382568359, 0.6745561957359314, 0.678654670715332, 0.6840418577194214, 0.6882051229476929, 0.6914413571357727, 0.6956445574760437, 0.7006766200065613, 0.703626811504364, 0.7084646821022034, 0.7131314277648926, 0.7153260707855225, 0.7203202843666077, 0.7253422141075134, 0.7291420698165894, 0.7333192825317383, 0.7382462620735168, 0.7428439259529114, 0.7503362894058228, 0.7564409971237183, 0.765310525894165, 0.7706215977668762, 0.7789359092712402, 0.7811369299888611, 0.7845611572265625, 0.7902151346206665, 0.7969939112663269, 0.8039306402206421, 0.8083198666572571, 0.8105047345161438, 0.818735659122467, 0.830413818359375, 0.8344395756721497, 0.8410841226577759, 0.8491372466087341, 0.8581173419952393, 0.8635038733482361, 0.8686171174049377, 0.8733403086662292, 0.8797420859336853, 0.8857882618904114, 0.8945199847221375, 0.9004380702972412, 0.9049659967422485, 0.912367582321167, 0.9188067317008972, 0.9215364456176758, 0.9258072972297668, 0.930070161819458, 0.9354551434516907, 0.9373772740364075, 0.9404527544975281, 0.9460968375205994, 0.9509559273719788, 0.9455691576004028, 0.9504367113113403, 0.9541913270950317, 0.9547097682952881, 0.9617425203323364, 0.9639565944671631, 0.9654820561408997, 0.9672542214393616, 0.9691293239593506, 0.9691720604896545, 0.9756190180778503, 0.977300226688385, 0.9802387952804565, 0.9771432280540466, 0.9888888597488403], "filter_out_rate": [0.0, 0.847457627118644, 1.694915254237288, 2.5423728813559325, 3.389830508474576, 4.23728813559322, 5.084745762711865, 5.932203389830509, 6.779661016949152, 7.627118644067797, 8.47457627118644, 9.322033898305085, 10.16949152542373, 11.016949152542372, 11.864406779661017, 12.711864406779661, 13.559322033898304, 14.40677966101695, 15.254237288135593, 16.101694915254235, 16.94915254237288, 17.796610169491526, 18.64406779661017, 19.491525423728813, 20.33898305084746, 21.1864406779661, 22.033898305084744, 22.88135593220339, 23.728813559322035, 24.576271186440678, 25.423728813559322, 26.27118644067797, 27.11864406779661, 27.966101694915253, 28.8135593220339, 29.66101694915254, 30.508474576271187, 31.35593220338983, 32.20338983050847, 33.05084745762712, 33.89830508474576, 34.74576271186441, 35.59322033898305, 36.440677966101696, 37.28813559322034, 38.13559322033898, 38.983050847457626, 39.83050847457627, 40.67796610169492, 41.52542372881356, 42.3728813559322, 43.22033898305085, 44.06779661016949, 44.91525423728814, 45.76271186440678, 46.61016949152542, 47.45762711864407, 48.30508474576271, 49.152542372881356, 50.0, 50.847457627118644, 51.69491525423729, 52.54237288135594, 53.38983050847458, 54.23728813559322, 55.08474576271186, 55.932203389830505, 56.779661016949156, 57.6271186440678, 58.47457627118644, 59.32203389830508, 60.16949152542372, 61.016949152542374, 61.86440677966102, 62.71186440677966, 63.559322033898304, 64.40677966101694, 65.2542372881356, 66.10169491525424, 66.94915254237289, 67.79661016949152, 68.64406779661016, 69.49152542372882, 70.33898305084746, 71.1864406779661, 72.03389830508475, 72.88135593220339, 73.72881355932203, 74.57627118644068, 75.42372881355932, 76.27118644067797, 77.11864406779661, 77.96610169491525, 78.8135593220339, 79.66101694915254, 80.50847457627118, 81.35593220338984, 82.20338983050848, 83.05084745762711, 83.89830508474576, 84.7457627118644, 85.59322033898306, 86.4406779661017, 87.28813559322035, 88.13559322033898, 88.98305084745762, 89.83050847457628, 90.67796610169492, 91.52542372881356, 92.37288135593221, 93.22033898305084, 94.0677966101695, 94.91525423728814, 95.76271186440678, 96.61016949152543, 97.45762711864407, 98.30508474576271, 99.15254237288136]}