{"ece": 0.034592235579917786, "acc": [0.0, 0.22764227642276422, 0.252008765522279, 0.3290519877675841, 0.44630281690140844, 0.5315985130111525, 0.6008708272859217, 0.7037617554858934, 0.7366771159874608, 0.8286290322580645], "conf": [0.0, 0.17339939024390244, 0.24780861943024104, 0.3376146788990826, 0.4352992957746479, 0.5365551425030979, 0.6389695210449927, 0.7413793103448276, 0.8409090909090909, 0.9475806451612904]}