{"auprc": 0.6665272116661072, "fpr0": 0.0, "fpr10": 0.06159999966621399, "fpr20": 0.11209999769926071, "fpr30": 0.16009999811649323, "fpr40": 0.20260000228881836, "fpr50": 0.2433999925851822, "fpr60": 0.28040000796318054, "fpr70": 0.3122999966144562, "fpr80": 0.3409999907016754, "fpr90": 0.36419999599456787, "auroc": 0.47101911902427673}