{"ausc": 0.7250381112098694, "accuracies": [0.5297476053237915, 0.5338179469108582, 0.5364265441894531, 0.5388718247413635, 0.5432175397872925, 0.5453408360481262, 0.5480244159698486, 0.5499046444892883, 0.5523504018783569, 0.5549450516700745, 0.5583442449569702, 0.5588429570198059, 0.5621131658554077, 0.5641025900840759, 0.5653396248817444, 0.5676196813583374, 0.5706273317337036, 0.5728805065155029, 0.5764568448066711, 0.5772759914398193, 0.5789410471916199, 0.5808770656585693, 0.5823656916618347, 0.5842490792274475, 0.5875246524810791, 0.5903659462928772, 0.5940171480178833, 0.5974866151809692, 0.5991025567054749, 0.6001036167144775, 0.6026949882507324, 0.6069256663322449, 0.6095085144042969, 0.6124156713485718, 0.615793764591217, 0.618141770362854, 0.6209587454795837, 0.6224288940429688, 0.6257835030555725, 0.6300777792930603, 0.6340326070785522, 0.6361283659934998, 0.6381581425666809, 0.6409898400306702, 0.6442804336547852, 0.64679354429245, 0.6514005661010742, 0.655167818069458, 0.6585524082183838, 0.6620206832885742, 0.6654157638549805, 0.6680206060409546, 0.6714170575141907, 0.6765950322151184, 0.6803677082061768, 0.6848949790000916, 0.6903138756752014, 0.6944435238838196, 0.6984976530075073, 0.7026799917221069, 0.7062650918960571, 0.7119008302688599, 0.7148377299308777, 0.7196776270866394, 0.7237675189971924, 0.73114013671875, 0.7342506051063538, 0.7395334243774414, 0.7447196245193481, 0.7490397095680237, 0.7542722225189209, 0.7583770155906677, 0.7621272802352905, 0.7673215866088867, 0.7759828567504883, 0.7810891270637512, 0.7863305807113647, 0.7920870780944824, 0.7998022437095642, 0.8052269220352173, 0.8129344582557678, 0.8183283805847168, 0.8245333433151245, 0.8321282863616943, 0.8391095399856567, 0.8469954133033752, 0.8546893000602722, 0.8599573969841003, 0.8662320375442505, 0.8708595633506775, 0.8747930526733398, 0.8819220066070557, 0.8890677094459534, 0.8933393955230713, 0.9012994766235352, 0.9093427658081055, 0.918104887008667, 0.921890914440155, 0.9276723861694336, 0.925305962562561, 0.9322395324707031, 0.9352813959121704, 0.9411767721176147, 0.9391336441040039, 0.9429368376731873, 0.9534342885017395, 0.9567898511886597, 0.9577955603599548, 0.9650735855102539, 0.9685488939285278, 0.9707025289535522, 0.9709269404411316, 0.9707775712013245, 0.9771702289581299, 0.9795352220535278, 0.9837943911552429, 0.9880892634391785, 0.9870467782020569], "filter_out_rate": [0.0, 0.847457627118644, 1.694915254237288, 2.5423728813559325, 3.389830508474576, 4.23728813559322, 5.084745762711865, 5.932203389830509, 6.779661016949152, 7.627118644067797, 8.47457627118644, 9.322033898305085, 10.16949152542373, 11.016949152542372, 11.864406779661017, 12.711864406779661, 13.559322033898304, 14.40677966101695, 15.254237288135593, 16.101694915254235, 16.94915254237288, 17.796610169491526, 18.64406779661017, 19.491525423728813, 20.33898305084746, 21.1864406779661, 22.033898305084744, 22.88135593220339, 23.728813559322035, 24.576271186440678, 25.423728813559322, 26.27118644067797, 27.11864406779661, 27.966101694915253, 28.8135593220339, 29.66101694915254, 30.508474576271187, 31.35593220338983, 32.20338983050847, 33.05084745762712, 33.89830508474576, 34.74576271186441, 35.59322033898305, 36.440677966101696, 37.28813559322034, 38.13559322033898, 38.983050847457626, 39.83050847457627, 40.67796610169492, 41.52542372881356, 42.3728813559322, 43.22033898305085, 44.06779661016949, 44.91525423728814, 45.76271186440678, 46.61016949152542, 47.45762711864407, 48.30508474576271, 49.152542372881356, 50.0, 50.847457627118644, 51.69491525423729, 52.54237288135594, 53.38983050847458, 54.23728813559322, 55.08474576271186, 55.932203389830505, 56.779661016949156, 57.6271186440678, 58.47457627118644, 59.32203389830508, 60.16949152542372, 61.016949152542374, 61.86440677966102, 62.71186440677966, 63.559322033898304, 64.40677966101694, 65.2542372881356, 66.10169491525424, 66.94915254237289, 67.79661016949152, 68.64406779661016, 69.49152542372882, 70.33898305084746, 71.1864406779661, 72.03389830508475, 72.88135593220339, 73.72881355932203, 74.57627118644068, 75.42372881355932, 76.27118644067797, 77.11864406779661, 77.96610169491525, 78.8135593220339, 79.66101694915254, 80.50847457627118, 81.35593220338984, 82.20338983050848, 83.05084745762711, 83.89830508474576, 84.7457627118644, 85.59322033898306, 86.4406779661017, 87.28813559322035, 88.13559322033898, 88.98305084745762, 89.83050847457628, 90.67796610169492, 91.52542372881356, 92.37288135593221, 93.22033898305084, 94.0677966101695, 94.91525423728814, 95.76271186440678, 96.61016949152543, 97.45762711864407, 98.30508474576271, 99.15254237288136]}