{"ece": 0.05724779211956521, "acc": [0.0, 0.16489361702127658, 0.25680933852140075, 0.3449527959331881, 0.4272930648769575, 0.5539971949509116, 0.5716845878136201, 0.6169772256728778, 0.6833333333333333, 0.7721393034825871], "conf": [0.0, 0.17337101063829788, 0.24335278858625162, 0.3382352941176471, 0.43652125279642057, 0.538218793828892, 0.6384408602150538, 0.7406832298136646, 0.8429166666666666, 0.9487562189054727]}