{"auprc": 0.6497372984886169, "fpr0": 0.0, "fpr10": 0.07400000095367432, "fpr20": 0.13220000267028809, "fpr30": 0.1851000040769577, "fpr40": 0.23270000517368317, "fpr50": 0.2750999927520752, "fpr60": 0.31439998745918274, "fpr70": 0.34709998965263367, "fpr80": 0.3756999969482422, "fpr90": 0.40230000019073486, "auroc": 0.4546959698200226}