{"ausc": 0.7274675965309143, "accuracies": [0.5277444124221802, 0.5304865837097168, 0.5332722663879395, 0.5355897545814514, 0.5380479097366333, 0.5396081209182739, 0.5411937832832336, 0.5435473322868347, 0.5450854301452637, 0.5483732223510742, 0.5505214929580688, 0.5513916611671448, 0.5526083111763, 0.5551839470863342, 0.5566801428794861, 0.5595642924308777, 0.5616987347602844, 0.5647955536842346, 0.5672494173049927, 0.5710420608520508, 0.5739554166793823, 0.5772825479507446, 0.5792210698127747, 0.5825397372245789, 0.5843195915222168, 0.5857605338096619, 0.58810955286026, 0.5915206670761108, 0.5941025018692017, 0.5981611013412476, 0.600601851940155, 0.6037536263465881, 0.6059027314186096, 0.6079623103141785, 0.6108837723731995, 0.612765371799469, 0.6160814166069031, 0.6208791732788086, 0.6233618259429932, 0.6266205906867981, 0.6305361390113831, 0.6318892240524292, 0.6368041634559631, 0.6408281326293945, 0.6438795328140259, 0.6474660038948059, 0.6512982845306396, 0.6528509855270386, 0.6565259099006653, 0.6599672436714172, 0.6636077761650085, 0.6678978800773621, 0.6728520393371582, 0.6758420467376709, 0.682380199432373, 0.6861096620559692, 0.689764678478241, 0.6929216384887695, 0.6992965936660767, 0.7033028602600098, 0.7107589244842529, 0.7142956852912903, 0.7186838984489441, 0.7234252095222473, 0.7289854288101196, 0.7343456149101257, 0.7411746978759766, 0.7428828477859497, 0.7466254234313965, 0.7519530057907104, 0.7584359049797058, 0.7643871903419495, 0.7703242897987366, 0.7772685885429382, 0.7830541729927063, 0.7886616587638855, 0.7944537401199341, 0.7986260652542114, 0.8050913214683533, 0.8118945360183716, 0.8220905661582947, 0.8301289677619934, 0.8368415832519531, 0.8445050120353699, 0.8504683375358582, 0.8574708700180054, 0.8642364740371704, 0.8724629282951355, 0.8783046007156372, 0.8842222690582275, 0.8905868530273438, 0.8971917629241943, 0.905488133430481, 0.9171113967895508, 0.9202823042869568, 0.9246799945831299, 0.9324148297309875, 0.9369637966156006, 0.9416071772575378, 0.9456316828727722, 0.9486660957336426, 0.9526761174201965, 0.9558906555175781, 0.9601765275001526, 0.9595135450363159, 0.9620273113250732, 0.9633765816688538, 0.9614506363868713, 0.9648779630661011, 0.9663011431694031, 0.970866858959198, 0.9704002737998962, 0.975583016872406, 0.980492115020752, 0.9834765791893005, 0.9872511625289917, 0.9853924512863159, 0.9902421832084656], "filter_out_rate": [0.0, 0.847457627118644, 1.694915254237288, 2.5423728813559325, 3.389830508474576, 4.23728813559322, 5.084745762711865, 5.932203389830509, 6.779661016949152, 7.627118644067797, 8.47457627118644, 9.322033898305085, 10.16949152542373, 11.016949152542372, 11.864406779661017, 12.711864406779661, 13.559322033898304, 14.40677966101695, 15.254237288135593, 16.101694915254235, 16.94915254237288, 17.796610169491526, 18.64406779661017, 19.491525423728813, 20.33898305084746, 21.1864406779661, 22.033898305084744, 22.88135593220339, 23.728813559322035, 24.576271186440678, 25.423728813559322, 26.27118644067797, 27.11864406779661, 27.966101694915253, 28.8135593220339, 29.66101694915254, 30.508474576271187, 31.35593220338983, 32.20338983050847, 33.05084745762712, 33.89830508474576, 34.74576271186441, 35.59322033898305, 36.440677966101696, 37.28813559322034, 38.13559322033898, 38.983050847457626, 39.83050847457627, 40.67796610169492, 41.52542372881356, 42.3728813559322, 43.22033898305085, 44.06779661016949, 44.91525423728814, 45.76271186440678, 46.61016949152542, 47.45762711864407, 48.30508474576271, 49.152542372881356, 50.0, 50.847457627118644, 51.69491525423729, 52.54237288135594, 53.38983050847458, 54.23728813559322, 55.08474576271186, 55.932203389830505, 56.779661016949156, 57.6271186440678, 58.47457627118644, 59.32203389830508, 60.16949152542372, 61.016949152542374, 61.86440677966102, 62.71186440677966, 63.559322033898304, 64.40677966101694, 65.2542372881356, 66.10169491525424, 66.94915254237289, 67.79661016949152, 68.64406779661016, 69.49152542372882, 70.33898305084746, 71.1864406779661, 72.03389830508475, 72.88135593220339, 73.72881355932203, 74.57627118644068, 75.42372881355932, 76.27118644067797, 77.11864406779661, 77.96610169491525, 78.8135593220339, 79.66101694915254, 80.50847457627118, 81.35593220338984, 82.20338983050848, 83.05084745762711, 83.89830508474576, 84.7457627118644, 85.59322033898306, 86.4406779661017, 87.28813559322035, 88.13559322033898, 88.98305084745762, 89.83050847457628, 90.67796610169492, 91.52542372881356, 92.37288135593221, 93.22033898305084, 94.0677966101695, 94.91525423728814, 95.76271186440678, 96.61016949152543, 97.45762711864407, 98.30508474576271, 99.15254237288136]}