{"ece": 0.008084894287833804, "acc": [0.0, 0.0, 0.0, 0.0, 0.4, 0.4897959183673469, 0.6666666666666666, 0.7491467576791809, 0.8689432395016151, 0.9564176245210728], "conf": [0.0, 0.0, 0.0, 0.3684895833333333, 0.4579326923076923, 0.5480442176870748, 0.650497512437811, 0.7534129692832765, 0.8555606829718505, 0.9521072796934866]}