{"train_accuracy": 0.9990234375, "train_map_r": 0.9977164774001865, "val_accuracy": 0.878173828125, "val_map_r": 0.8026158183769531, "test_accuracy": 0.8710018382352942, "test_map_r": 0.7932367888447034, "train_loss": 0.04700210294024455, "val_loss": 1.452828918894132, "train_loss_kl": 18.67599028729378, "val_loss_kl": 18.767403682072956}