{"auprc": 0.3790619671344757, "fpr0": 0.0, "fpr10": 0.09969999641180038, "fpr20": 0.19539999961853027, "fpr30": 0.28279998898506165, "fpr40": 0.36480000615119934, "fpr50": 0.435699999332428, "fpr60": 0.4991999864578247, "fpr70": 0.5526999831199646, "fpr80": 0.5924999713897705, "fpr90": 0.6266999840736389, "auroc": 0.3248390257358551}