{"ausc": 0.7645674347877502, "accuracies": [0.8746916055679321, 0.8744463920593262, 0.8742002248764038, 0.8739530444145203, 0.8737050294876099, 0.8737672567367554, 0.8735178112983704, 0.8732673525810242, 0.8730158805847168, 0.8727633953094482, 0.8725100159645081, 0.8722554445266724, 0.8719999194145203, 0.8717435598373413, 0.8714859485626221, 0.8712273836135864, 0.8709677457809448, 0.8708133697509766, 0.8705518841743469, 0.8702893257141113, 0.870025634765625, 0.8697609305381775, 0.8694952130317688, 0.8692283630371094, 0.8689603209495544, 0.8686912655830383, 0.8684210777282715, 0.8681496977806091, 0.8678773641586304, 0.8676037788391113, 0.8673290610313416, 0.8670532703399658, 0.8667762875556946, 0.8666079640388489, 0.8663290143013, 0.8660486936569214, 0.8657674193382263, 0.8653740286827087, 0.8650898933410645, 0.864804744720459, 0.8645183444023132, 0.8642306923866272, 0.8639416694641113, 0.863651692867279, 0.8633603453636169, 0.8630677461624146, 0.8627738952636719, 0.8624788522720337, 0.8621823191642761, 0.8621121644973755, 0.861699640750885, 0.8613997101783752, 0.8610984683036804, 0.8606812357902527, 0.8604918122291565, 0.8601866364479065, 0.8598800301551819, 0.8595719337463379, 0.8592626452445984, 0.8590682148933411, 0.858756422996521, 0.8585599660873413, 0.8580116629600525, 0.8575781583786011, 0.857377827167511, 0.8570587038993835, 0.8566203117370605, 0.8564162850379944, 0.8560929298400879, 0.8558869361877441, 0.8557990193367004, 0.8554719686508179, 0.8552631735801697, 0.8549333810806274, 0.8546022176742554, 0.8542695045471191, 0.8539353609085083, 0.8537204265594482, 0.8533835411071777, 0.8530448079109192, 0.8529483675956726, 0.8523629903793335, 0.8517746925354004, 0.8515519499778748, 0.8510822653770447, 0.8508566617965698, 0.8503830432891846, 0.8500310182571411, 0.8496772646903992, 0.849197506904602, 0.8488401174545288, 0.8484809994697571, 0.8481203317642212, 0.8476322293281555, 0.8475193977355957, 0.8475324511528015, 0.8471659421920776, 0.8467977643013, 0.8464276194572449, 0.846055805683136, 0.8456822633743286, 0.8453066945075989, 0.8450577259063721, 0.8448075652122498, 0.8442981839179993, 0.8440450429916382, 0.8441794514656067, 0.8437946438789368, 0.8435381650924683, 0.8432806134223938, 0.8427599668502808, 0.8422365784645081, 0.8418421745300293, 0.8414456248283386, 0.8410473465919495, 0.8407795429229736, 0.8403775095939636, 0.8401065468788147, 0.8397008180618286, 0.8391590118408203, 0.8391514420509338, 0.8386054635047913, 0.8381916880607605, 0.837775707244873, 0.8372219204902649, 0.8370733261108398, 0.8366512656211853, 0.8362269401550293, 0.8356394171714783, 0.8352102041244507, 0.8346409797668457, 0.8343454003334045, 0.8341871500015259, 0.833749532699585, 0.8331703543663025, 0.8327279090881348, 0.8324008584022522, 0.8320941925048828, 0.831645131111145, 0.8311936259269714, 0.8310227394104004, 0.8305671215057373, 0.8305366635322571, 0.8300772309303284, 0.8295891880989075, 0.829150915145874, 0.8286839723587036, 0.8282145261764526, 0.8277425169944763, 0.8272677659988403, 0.826790452003479, 0.8263105154037476, 0.8258278369903564, 0.8252221941947937, 0.8250279426574707, 0.8245378136634827, 0.8240448832511902, 0.8235491514205933, 0.8231993317604065, 0.8231180906295776, 0.8226154446601868, 0.8221099376678467, 0.8216015696525574, 0.8210902214050293, 0.8204248547554016, 0.819907009601593, 0.8193864226341248, 0.8188627362251282, 0.8181830644607544, 0.8178061842918396, 0.8174271583557129, 0.8168917894363403, 0.8161981701850891, 0.8156557679176331, 0.8149545788764954, 0.8144052624702454, 0.8138527274131775, 0.8132968544960022, 0.8127377033233643, 0.8121752142906189, 0.8116093277931213, 0.8111990094184875, 0.8106266856193542, 0.8100509643554688, 0.8094406127929688, 0.8088576793670654, 0.8082709908485413, 0.8078427314758301, 0.8074118494987488, 0.8068149089813232, 0.8063780069351196, 0.8057745099067688, 0.805138349533081, 0.8046926259994507, 0.8039126396179199, 0.8032935261726379, 0.8025041222572327, 0.8018768429756165, 0.8012453317642212, 0.8006099462509155, 0.7999704480171204, 0.7993268966674805, 0.7986791729927063, 0.7980272173881531, 0.797370970249176, 0.7967106103897095, 0.79604572057724, 0.7953765392303467, 0.7950092554092407, 0.7943321466445923, 0.7936505675315857, 0.7929643988609314, 0.7922730445861816, 0.7915776968002319, 0.7908776998519897, 0.7899956703186035, 0.7892855405807495, 0.788570761680603, 0.7876718640327454, 0.7869465351104736, 0.7862169146537781, 0.7854816317558289, 0.784741222858429, 0.7843599915504456, 0.7836104035377502, 0.7830390930175781, 0.7824639081954956, 0.7815146446228027, 0.7807445526123047, 0.7799690961837769, 0.7791886925697327, 0.7778403162956238, 0.7773846983909607, 0.7771518230438232, 0.7763494253158569, 0.7759203910827637, 0.7754889726638794, 0.7750544548034668, 0.7742323875427246, 0.7734045386314392, 0.7723762392997742, 0.7713825106620789, 0.7713174819946289, 0.7707074880599976, 0.770047664642334, 0.7691856026649475, 0.7683172821998596, 0.7678394913673401, 0.7669593691825867, 0.7662734985351562, 0.766147792339325, 0.765454113483429, 0.7643488049507141, 0.7637900114059448, 0.7636482119560242, 0.7627272605895996, 0.7625702023506165, 0.7618440389633179, 0.7613192796707153, 0.7612106204032898, 0.7602614760398865, 0.758884608745575, 0.7578855156898499, 0.7566974759101868, 0.7561742663383484, 0.7553640007972717, 0.755226194858551, 0.7544417977333069, 0.754080593585968, 0.7532833814620972, 0.7524794936180115, 0.7518900632858276, 0.750635027885437, 0.7495341300964355, 0.7495880126953125, 0.7494194507598877, 0.7480839490890503, 0.7474411725997925, 0.7470330595970154, 0.7459447979927063, 0.7452998161315918, 0.7435100078582764, 0.7423356771469116, 0.7416670322418213, 0.7399020195007324, 0.7441703081130981, 0.742805004119873, 0.741589367389679, 0.7363675236701965, 0.7396812438964844, 0.738741397857666, 0.737573504447937, 0.7320001721382141, 0.7363181114196777, 0.7343795895576477, 0.733148992061615, 0.7276893258094788, 0.7324168682098389, 0.7314099073410034, 0.730393648147583, 0.7243859767913818, 0.7267507910728455, 0.7267106175422668, 0.7259073853492737, 0.720667839050293, 0.7246716022491455, 0.724972128868103, 0.7240363955497742, 0.7190437316894531, 0.7226821780204773, 0.7219082713127136, 0.7203344106674194, 0.7165530323982239, 0.720101535320282, 0.7192136645317078, 0.7179973721504211, 0.7133933901786804, 0.7170765399932861, 0.7151194214820862, 0.7136359810829163, 0.707716703414917, 0.710892379283905, 0.710281491279602, 0.7108885049819946, 0.7062333226203918, 0.7122365832328796, 0.710965633392334, 0.7098809480667114, 0.7042431831359863, 0.7078421711921692, 0.7070233225822449, 0.7062007784843445, 0.7013907432556152, 0.705586850643158, 0.7033223509788513, 0.7029994130134583, 0.6997790932655334, 0.7021862864494324, 0.7030007243156433, 0.7018872499465942, 0.6984992623329163, 0.6992071270942688, 0.6993898153305054, 0.69854736328125, 0.6964151263237, 0.6975508332252502, 0.6960330605506897, 0.698375403881073, 0.6961034536361694, 0.6998822093009949, 0.6984099745750427, 0.6978499889373779, 0.6974614262580872, 0.6976897716522217, 0.697437047958374, 0.6973608136177063, 0.6932791471481323, 0.6956109404563904, 0.6948845386505127, 0.6946131587028503, 0.6923839449882507, 0.6928045153617859, 0.6908572316169739, 0.6900019645690918, 0.6900274157524109, 0.6900629997253418, 0.692889928817749, 0.6929321885108948, 0.6904112100601196, 0.6912088990211487, 0.6901355981826782, 0.6893163323402405, 0.6901227831840515, 0.6919345259666443, 0.6908391118049622, 0.6890538930892944, 0.6910551190376282, 0.6884805560112, 0.6888149380683899, 0.6876118779182434, 0.6894688606262207, 0.6866599321365356, 0.6879094839096069, 0.6889455914497375, 0.6901242733001709, 0.689002513885498, 0.6877724528312683, 0.6866108179092407, 0.6849105954170227, 0.6835259199142456, 0.681985080242157, 0.684166431427002, 0.685196578502655, 0.685104489326477, 0.6851082444190979, 0.6853407025337219, 0.6851122379302979, 0.6860515475273132, 0.6852359175682068, 0.6861860156059265, 0.6843079924583435,