{"ece": 0.08609479663920543, "acc": [0.0, 0.0, 0.0, 0.38235294117647056, 0.4329896907216495, 0.49866666666666665, 0.543859649122807, 0.6522781774580336, 0.7142857142857143, 0.8610007942811755], "conf": [0.0, 0.0, 0.2666015625, 0.3492647058823529, 0.44329896907216493, 0.5436666666666666, 0.6394110275689223, 0.7416067146282974, 0.8425751879699248, 0.9515488482922955]}