{"auprc": 0.9748402237892151, "fpr0": 0.0, "fpr10": 0.0006000000284984708, "fpr20": 0.001500000013038516, "fpr30": 0.002899999963119626, "fpr40": 0.00430000014603138, "fpr50": 0.006899999920278788, "fpr60": 0.010300000198185444, "fpr70": 0.015799999237060547, "fpr80": 0.02459999918937683, "fpr90": 0.04050000011920929, "auroc": 0.9791442155838013}