{"ausc": 0.9632455110549927, "accuracies": [0.8731971383094788, 0.877246081829071, 0.8810542225837708, 0.8838974237442017, 0.8872001767158508, 0.8902439475059509, 0.8930222988128662, 0.8953167796134949, 0.8983973860740662, 0.9019607305526733, 0.9053673148155212, 0.9079553484916687, 0.9105879664421082, 0.9122631549835205, 0.9148674011230469, 0.9174041748046875, 0.9195283651351929, 0.9220373630523682, 0.9244754314422607, 0.9258996844291687, 0.9287751317024231, 0.9311047196388245, 0.935534656047821, 0.937973141670227, 0.940453827381134, 0.9437257647514343, 0.9464417695999146, 0.9478153586387634, 0.9510177969932556, 0.9527245759963989, 0.9540748596191406, 0.954792320728302, 0.9555259943008423, 0.9578803777694702, 0.9589280486106873, 0.9610934257507324, 0.9631831645965576, 0.9651702642440796, 0.9673388600349426, 0.9698507785797119, 0.9711085557937622, 0.9720903038978577, 0.9728049039840698, 0.973241925239563, 0.9746125936508179, 0.9769300818443298, 0.9778929352760315, 0.9793644547462463, 0.9802214503288269, 0.9817304611206055, 0.9821481108665466, 0.9837373495101929, 0.9853588938713074, 0.9856816530227661, 0.9868698120117188, 0.9877618551254272, 0.9888439774513245, 0.9899407625198364, 0.9899914860725403, 0.9917474389076233, 0.9922053217887878, 0.9928590655326843, 0.9929590225219727, 0.993635892868042, 0.9945273995399475, 0.9956769943237305, 0.9958058595657349, 0.995732843875885, 0.9963052272796631, 0.9969126582145691, 0.9968586564064026, 0.9968149065971375, 0.9972277879714966, 0.9978716969490051, 0.9985529780387878, 0.9985252022743225, 0.9984963536262512, 0.9984660744667053, 0.9984244108200073, 0.9983914494514465, 0.9986299276351929, 0.9986000061035156, 0.998847484588623, 0.9985295534133911, 0.9984950423240662, 0.9987637400627136, 0.9987331032752991, 0.9987015128135681, 0.999005138874054, 0.9989787340164185, 0.9989508390426636, 0.9989213943481445, 0.9989010691642761, 0.9988688230514526, 0.998834490776062, 0.9987980723381042, 0.9987722635269165, 0.9983181953430176, 0.9991453289985657, 0.9991157650947571, 1.0, 1.0, 1.0, 1.0, 1.0, 1.0, 1.0, 1.0, 1.0, 1.0, 1.0, 1.0, 1.0, 1.0, 1.0, 1.0, 1.0, 1.0], "filter_out_rate": [0.0, 0.847457627118644, 1.694915254237288, 2.5423728813559325, 3.389830508474576, 4.23728813559322, 5.084745762711865, 5.932203389830509, 6.779661016949152, 7.627118644067797, 8.47457627118644, 9.322033898305085, 10.16949152542373, 11.016949152542372, 11.864406779661017, 12.711864406779661, 13.559322033898304, 14.40677966101695, 15.254237288135593, 16.101694915254235, 16.94915254237288, 17.796610169491526, 18.64406779661017, 19.491525423728813, 20.33898305084746, 21.1864406779661, 22.033898305084744, 22.88135593220339, 23.728813559322035, 24.576271186440678, 25.423728813559322, 26.27118644067797, 27.11864406779661, 27.966101694915253, 28.8135593220339, 29.66101694915254, 30.508474576271187, 31.35593220338983, 32.20338983050847, 33.05084745762712, 33.89830508474576, 34.74576271186441, 35.59322033898305, 36.440677966101696, 37.28813559322034, 38.13559322033898, 38.983050847457626, 39.83050847457627, 40.67796610169492, 41.52542372881356, 42.3728813559322, 43.22033898305085, 44.06779661016949, 44.91525423728814, 45.76271186440678, 46.61016949152542, 47.45762711864407, 48.30508474576271, 49.152542372881356, 50.0, 50.847457627118644, 51.69491525423729, 52.54237288135594, 53.38983050847458, 54.23728813559322, 55.08474576271186, 55.932203389830505, 56.779661016949156, 57.6271186440678, 58.47457627118644, 59.32203389830508, 60.16949152542372, 61.016949152542374, 61.86440677966102, 62.71186440677966, 63.559322033898304, 64.40677966101694, 65.2542372881356, 66.10169491525424, 66.94915254237289, 67.79661016949152, 68.64406779661016, 69.49152542372882, 70.33898305084746, 71.1864406779661, 72.03389830508475, 72.88135593220339, 73.72881355932203, 74.57627118644068, 75.42372881355932, 76.27118644067797, 77.11864406779661, 77.96610169491525, 78.8135593220339, 79.66101694915254, 80.50847457627118, 81.35593220338984, 82.20338983050848, 83.05084745762711, 83.89830508474576, 84.7457627118644, 85.59322033898306, 86.4406779661017, 87.28813559322035, 88.13559322033898, 88.98305084745762, 89.83050847457628, 90.67796610169492, 91.52542372881356, 92.37288135593221, 93.22033898305084, 94.0677966101695, 94.91525423728814, 95.76271186440678, 96.61016949152543, 97.45762711864407, 98.30508474576271, 99.15254237288136]}