{"ece": 0.07728707011620604, "acc": [0.0, 0.0, 0.2857142857142857, 0.2682926829268293, 0.3901098901098901, 0.4552058111380145, 0.6026315789473684, 0.6476426799007444, 0.7584905660377359, 0.8694187026116259], "conf": [0.0, 0.0, 0.26283482142857145, 0.3519435975609756, 0.44402472527472525, 0.5426755447941889, 0.6424342105263158, 0.7406947890818859, 0.8424528301886792, 0.9502948609941028]}