{"auprc": 0.9715560078620911, "fpr0": 0.0, "fpr10": 0.0003000000142492354, "fpr20": 0.0013000000035390258, "fpr30": 0.0026000000070780516, "fpr40": 0.004000000189989805, "fpr50": 0.007300000172108412, "fpr60": 0.01140000019222498, "fpr70": 0.01889999955892563, "fpr80": 0.028300000354647636, "fpr90": 0.04809999838471413, "auroc": 0.9756428003311157}