{"ausc": 0.9632406234741211, "accuracies": [0.8761017918586731, 0.8806782960891724, 0.8844119310379028, 0.8882051110267639, 0.890612006187439, 0.8939962983131409, 0.8964901566505432, 0.8999789357185364, 0.9029914736747742, 0.9057316184043884, 0.9084092974662781, 0.91091388463974, 0.9126879572868347, 0.9148271083831787, 0.917453944683075, 0.9194462895393372, 0.9217033386230469, 0.9246939420700073, 0.9259905815124512, 0.9290754795074463, 0.9320988655090332, 0.9351786375045776, 0.93650221824646, 0.9391941428184509, 0.9409516453742981, 0.9431106448173523, 0.9449285864830017, 0.9476833939552307, 0.9495985507965088, 0.9509036540985107, 0.952623724937439, 0.954251229763031, 0.957114577293396, 0.9577397108078003, 0.9582431316375732, 0.9605435132980347, 0.9619120955467224, 0.963886559009552, 0.9657686948776245, 0.9675460457801819, 0.9693636894226074, 0.9707776308059692, 0.971179187297821, 0.9721953272819519, 0.974145770072937, 0.9758395552635193, 0.9767987132072449, 0.9782545566558838, 0.9791097640991211, 0.9812663197517395, 0.9821670651435852, 0.9832617044448853, 0.9848704934120178, 0.9857072830200195, 0.9870836138725281, 0.9883201718330383, 0.9892478585243225, 0.989802360534668, 0.9901942014694214, 0.991190493106842, 0.9915942549705505, 0.9920556545257568, 0.992321789264679, 0.9923956394195557, 0.992084801197052, 0.9929846525192261, 0.9930488467216492, 0.9944177269935608, 0.9950012564659119, 0.995147705078125, 0.9953231811523438, 0.9959353804588318, 0.9960914254188538, 0.9962443709373474, 0.9961742758750916, 0.9965855479240417, 0.996519148349762, 0.996701180934906, 0.9974090456962585, 0.9970939755439758, 0.99729984998703, 0.9975204467773438, 0.9974728226661682, 0.9974097013473511, 0.9979193210601807, 0.9978770613670349, 0.9984510540962219, 0.9984045028686523, 0.9983723759651184, 0.9983385801315308, 0.9979569911956787, 0.9979011416435242, 0.9989004731178284, 0.9988681077957153, 0.9988337755203247, 0.9987972974777222, 0.9987455606460571, 0.9987317323684692, 0.9986883997917175, 0.9991000294685364, 0.9990503191947937, 0.9990138411521912, 0.9989529848098755, 0.9994657635688782, 0.9994425773620605, 0.999417245388031, 0.999417245388031, 1.0, 1.0, 1.0, 1.0, 1.0, 1.0, 1.0, 1.0, 1.0, 1.0, 1.0], "filter_out_rate": [0.0, 0.847457627118644, 1.694915254237288, 2.5423728813559325, 3.389830508474576, 4.23728813559322, 5.084745762711865, 5.932203389830509, 6.779661016949152, 7.627118644067797, 8.47457627118644, 9.322033898305085, 10.16949152542373, 11.016949152542372, 11.864406779661017, 12.711864406779661, 13.559322033898304, 14.40677966101695, 15.254237288135593, 16.101694915254235, 16.94915254237288, 17.796610169491526, 18.64406779661017, 19.491525423728813, 20.33898305084746, 21.1864406779661, 22.033898305084744, 22.88135593220339, 23.728813559322035, 24.576271186440678, 25.423728813559322, 26.27118644067797, 27.11864406779661, 27.966101694915253, 28.8135593220339, 29.66101694915254, 30.508474576271187, 31.35593220338983, 32.20338983050847, 33.05084745762712, 33.89830508474576, 34.74576271186441, 35.59322033898305, 36.440677966101696, 37.28813559322034, 38.13559322033898, 38.983050847457626, 39.83050847457627, 40.67796610169492, 41.52542372881356, 42.3728813559322, 43.22033898305085, 44.06779661016949, 44.91525423728814, 45.76271186440678, 46.61016949152542, 47.45762711864407, 48.30508474576271, 49.152542372881356, 50.0, 50.847457627118644, 51.69491525423729, 52.54237288135594, 53.38983050847458, 54.23728813559322, 55.08474576271186, 55.932203389830505, 56.779661016949156, 57.6271186440678, 58.47457627118644, 59.32203389830508, 60.16949152542372, 61.016949152542374, 61.86440677966102, 62.71186440677966, 63.559322033898304, 64.40677966101694, 65.2542372881356, 66.10169491525424, 66.94915254237289, 67.79661016949152, 68.64406779661016, 69.49152542372882, 70.33898305084746, 71.1864406779661, 72.03389830508475, 72.88135593220339, 73.72881355932203, 74.57627118644068, 75.42372881355932, 76.27118644067797, 77.11864406779661, 77.96610169491525, 78.8135593220339, 79.66101694915254, 80.50847457627118, 81.35593220338984, 82.20338983050848, 83.05084745762711, 83.89830508474576, 84.7457627118644, 85.59322033898306, 86.4406779661017, 87.28813559322035, 88.13559322033898, 88.98305084745762, 89.83050847457628, 90.67796610169492, 91.52542372881356, 92.37288135593221, 93.22033898305084, 94.0677966101695, 94.91525423728814, 95.76271186440678, 96.61016949152543, 97.45762711864407, 98.30508474576271, 99.15254237288136]}