{"ece": 0.019264697444920424, "acc": [0.0, 0.0, 0.16666666666666666, 0.3564356435643564, 0.43454038997214484, 0.5049019607843137, 0.6260869565217392, 0.7236061684460261, 0.8154205607476636, 0.9394124847001224], "conf": [0.0, 0.0, 0.2542317708333333, 0.3567450495049505, 0.44603064066852366, 0.5400326797385621, 0.6391304347826087, 0.7402135231316725, 0.8422897196261683, 0.9528763769889841]}