{"auprc": 0.9844706654548645, "fpr0": 0.0, "fpr10": 9.999999747378752e-05, "fpr20": 0.000699999975040555, "fpr30": 0.0017000000225380063, "fpr40": 0.00279999990016222, "fpr50": 0.00419999985024333, "fpr60": 0.006200000178068876, "fpr70": 0.010099999606609344, "fpr80": 0.016899999231100082, "fpr90": 0.02710000053048134, "auroc": 0.987224280834198}