{"ausc": 0.8762158155441284, "accuracies": [0.7484976053237915, 0.8034524321556091, 0.8057590126991272, 0.8110769391059875, 0.7641645669937134, 0.8178028464317322, 0.8221942186355591, 0.827929675579071, 0.7776709198951721, 0.8339796662330627, 0.8357235789299011, 0.8371685743331909, 0.7879089117050171, 0.8413600325584412, 0.8417679071426392, 0.8443385362625122, 0.7973901033401489, 0.8480018377304077, 0.8493006825447083, 0.8501529097557068, 0.8051993250846863, 0.8545411229133606, 0.855950653553009, 0.8559219241142273, 0.8117603659629822, 0.858849823474884, 0.8599798679351807, 0.8621478080749512, 0.8179487586021423, 0.8646723628044128, 0.8648613095283508, 0.8670367002487183, 0.8253205418586731, 0.8685560822486877, 0.8692034482955933, 0.8701406717300415, 0.8281772136688232, 0.8722050189971924, 0.8734785914421082, 0.876368522644043, 0.8364648222923279, 0.8783833384513855, 0.8794906735420227, 0.8814210295677185, 0.8405985832214355, 0.884579598903656, 0.8856460452079773, 0.8858104348182678, 0.8495780825614929, 0.8892384171485901, 0.8901034593582153, 0.8904977440834045, 0.8547683358192444, 0.8920027613639832, 0.8926252722740173, 0.8934356570243835, 0.8596688508987427, 0.8968837261199951, 0.8979852199554443, 0.8983182907104492, 0.8984910249710083, 0.8649379014968872, 0.866722583770752, 0.8663854598999023, 0.9028692841529846, 0.8696078658103943, 0.8693395853042603, 0.8730331659317017, 0.906162440776825, 0.8732265830039978, 0.8743862509727478, 0.8761777877807617, 0.911977231502533, 0.8792875409126282, 0.8799319267272949, 0.881471574306488, 0.9155780076980591, 0.8876789808273315, 0.8880996704101562, 0.8886736631393433, 0.9190945625305176, 0.8942158818244934, 0.8956306576728821, 0.8959675431251526, 0.9257792234420776, 0.8994001746177673, 0.8999063372612, 0.903984546661377, 0.9330378770828247, 0.9080665707588196, 0.9112650752067566, 0.9148613214492798, 0.9409893751144409, 0.9199723601341248, 0.9203304648399353, 0.9230995178222656, 0.9452516436576843, 0.9312155246734619, 0.9339789152145386, 0.9358488917350769, 0.9511036276817322, 0.9390442967414856, 0.9401035904884338, 0.9417153596878052, 0.9454312324523926, 0.9488627910614014, 0.9491894841194153, 0.9489842653274536, 0.9527918696403503, 0.9597023129463196, 0.960382342338562, 0.9646670818328857, 0.9668496251106262, 0.9660786390304565, 0.9738613963127136, 0.9808372259140015, 0.9781889319419861, 0.9770401120185852], "filter_out_rate": [0.0, 0.847457627118644, 1.694915254237288, 2.5423728813559325, 3.389830508474576, 4.23728813559322, 5.084745762711865, 5.932203389830509, 6.779661016949152, 7.627118644067797, 8.47457627118644, 9.322033898305085, 10.16949152542373, 11.016949152542372, 11.864406779661017, 12.711864406779661, 13.559322033898304, 14.40677966101695, 15.254237288135593, 16.101694915254235, 16.94915254237288, 17.796610169491526, 18.64406779661017, 19.491525423728813, 20.33898305084746, 21.1864406779661, 22.033898305084744, 22.88135593220339, 23.728813559322035, 24.576271186440678, 25.423728813559322, 26.27118644067797, 27.11864406779661, 27.966101694915253, 28.8135593220339, 29.66101694915254, 30.508474576271187, 31.35593220338983, 32.20338983050847, 33.05084745762712, 33.89830508474576, 34.74576271186441, 35.59322033898305, 36.440677966101696, 37.28813559322034, 38.13559322033898, 38.983050847457626, 39.83050847457627, 40.67796610169492, 41.52542372881356, 42.3728813559322, 43.22033898305085, 44.06779661016949, 44.91525423728814, 45.76271186440678, 46.61016949152542, 47.45762711864407, 48.30508474576271, 49.152542372881356, 50.0, 50.847457627118644, 51.69491525423729, 52.54237288135594, 53.38983050847458, 54.23728813559322, 55.08474576271186, 55.932203389830505, 56.779661016949156, 57.6271186440678, 58.47457627118644, 59.32203389830508, 60.16949152542372, 61.016949152542374, 61.86440677966102, 62.71186440677966, 63.559322033898304, 64.40677966101694, 65.2542372881356, 66.10169491525424, 66.94915254237289, 67.79661016949152, 68.64406779661016, 69.49152542372882, 70.33898305084746, 71.1864406779661, 72.03389830508475, 72.88135593220339, 73.72881355932203, 74.57627118644068, 75.42372881355932, 76.27118644067797, 77.11864406779661, 77.96610169491525, 78.8135593220339, 79.66101694915254, 80.50847457627118, 81.35593220338984, 82.20338983050848, 83.05084745762711, 83.89830508474576, 84.7457627118644, 85.59322033898306, 86.4406779661017, 87.28813559322035, 88.13559322033898, 88.98305084745762, 89.83050847457628, 90.67796610169492, 91.52542372881356, 92.37288135593221, 93.22033898305084, 94.0677966101695, 94.91525423728814, 95.76271186440678, 96.61016949152543, 97.45762711864407, 98.30508474576271, 99.15254237288136]}