{"ece": 0.06194166666666667, "acc": [0.0, 0.14285714285714285, 0.24221233312142404, 0.36731843575418993, 0.4622222222222222, 0.5370919881305638, 0.5859649122807018, 0.675, 0.6765734265734266, 0.7308429118773946], "conf": [0.0, 0.1732142857142857, 0.24443738080101715, 0.3346717877094972, 0.43916666666666665, 0.5363501483679525, 0.6403508771929824, 0.7388392857142857, 0.8409090909090909, 0.9482758620689655]}