{"auprc": 0.6251645684242249, "fpr0": 0.0, "fpr10": 0.08649999648332596, "fpr20": 0.15770000219345093, "fpr30": 0.22360000014305115, "fpr40": 0.28060001134872437, "fpr50": 0.3292999863624573, "fpr60": 0.37209999561309814, "fpr70": 0.40779998898506165, "fpr80": 0.4359999895095825, "fpr90": 0.4616999924182892, "auroc": 0.41085734963417053}