{"ausc": 0.7173687815666199, "accuracies": [0.515625, 0.518372654914856, 0.520553469657898, 0.5224615335464478, 0.5256410241127014, 0.5277256965637207, 0.5308952927589417, 0.5337994694709778, 0.5368589758872986, 0.5392157435417175, 0.5425901412963867, 0.5458031892776489, 0.5474138259887695, 0.5493868589401245, 0.5508321523666382, 0.5537780523300171, 0.5570055246353149, 0.5597134828567505, 0.5609557032585144, 0.5618677735328674, 0.5648148655891418, 0.5667385458946228, 0.5694242715835571, 0.5709401369094849, 0.5743343830108643, 0.5771719813346863, 0.5796882510185242, 0.5827621221542358, 0.5855128169059753, 0.5896140933036804, 0.593406617641449, 0.5963521003723145, 0.6000267267227173, 0.6035087704658508, 0.6074740886688232, 0.6109732389450073, 0.614130437374115, 0.6182023286819458, 0.6244646310806274, 0.6264387965202332, 0.6310803890228271, 0.6361249685287476, 0.640243411064148, 0.6411405801773071, 0.6423624753952026, 0.6462416648864746, 0.6469301581382751, 0.6509596109390259, 0.6515660285949707, 0.6545722484588623, 0.6591485738754272, 0.6631613969802856, 0.666995108127594, 0.6709402203559875, 0.6758489608764648, 0.6789042353630066, 0.6853080987930298, 0.6894340515136719, 0.6930535435676575, 0.6969583034515381, 0.6994805335998535, 0.7039250135421753, 0.7093418836593628, 0.7149674892425537, 0.7215821146965027, 0.7242145538330078, 0.731500506401062, 0.7371368408203125, 0.7408699989318848, 0.7431740164756775, 0.7508920431137085, 0.7570056319236755, 0.764245331287384, 0.7750049829483032, 0.779486358165741, 0.784561038017273, 0.7877029776573181, 0.795544445514679, 0.8033887147903442, 0.8062501549720764, 0.810937762260437, 0.8148922920227051, 0.8210848569869995, 0.8275987505912781, 0.8361897468566895, 0.8427121043205261, 0.8512614369392395, 0.8544589281082153, 0.864366888999939, 0.8682971000671387, 0.8734868168830872, 0.883030354976654, 0.8884801864624023, 0.8947368264198303, 0.8978402614593506, 0.9004927277565002, 0.9038236737251282, 0.9051037430763245, 0.9105572700500488, 0.9159843325614929, 0.9184945821762085, 0.9249029755592346, 0.9288404583930969, 0.9267536997795105, 0.9303781390190125, 0.9360324144363403, 0.941481351852417, 0.9499467015266418, 0.9539076089859009, 0.9579144716262817, 0.962468683719635, 0.9613291621208191, 0.964296281337738, 0.969875156879425, 0.9721156358718872, 0.9732151627540588, 0.9747539162635803, 0.9751295447349548], "filter_out_rate": [0.0, 0.847457627118644, 1.694915254237288, 2.5423728813559325, 3.389830508474576, 4.23728813559322, 5.084745762711865, 5.932203389830509, 6.779661016949152, 7.627118644067797, 8.47457627118644, 9.322033898305085, 10.16949152542373, 11.016949152542372, 11.864406779661017, 12.711864406779661, 13.559322033898304, 14.40677966101695, 15.254237288135593, 16.101694915254235, 16.94915254237288, 17.796610169491526, 18.64406779661017, 19.491525423728813, 20.33898305084746, 21.1864406779661, 22.033898305084744, 22.88135593220339, 23.728813559322035, 24.576271186440678, 25.423728813559322, 26.27118644067797, 27.11864406779661, 27.966101694915253, 28.8135593220339, 29.66101694915254, 30.508474576271187, 31.35593220338983, 32.20338983050847, 33.05084745762712, 33.89830508474576, 34.74576271186441, 35.59322033898305, 36.440677966101696, 37.28813559322034, 38.13559322033898, 38.983050847457626, 39.83050847457627, 40.67796610169492, 41.52542372881356, 42.3728813559322, 43.22033898305085, 44.06779661016949, 44.91525423728814, 45.76271186440678, 46.61016949152542, 47.45762711864407, 48.30508474576271, 49.152542372881356, 50.0, 50.847457627118644, 51.69491525423729, 52.54237288135594, 53.38983050847458, 54.23728813559322, 55.08474576271186, 55.932203389830505, 56.779661016949156, 57.6271186440678, 58.47457627118644, 59.32203389830508, 60.16949152542372, 61.016949152542374, 61.86440677966102, 62.71186440677966, 63.559322033898304, 64.40677966101694, 65.2542372881356, 66.10169491525424, 66.94915254237289, 67.79661016949152, 68.64406779661016, 69.49152542372882, 70.33898305084746, 71.1864406779661, 72.03389830508475, 72.88135593220339, 73.72881355932203, 74.57627118644068, 75.42372881355932, 76.27118644067797, 77.11864406779661, 77.96610169491525, 78.8135593220339, 79.66101694915254, 80.50847457627118, 81.35593220338984, 82.20338983050848, 83.05084745762711, 83.89830508474576, 84.7457627118644, 85.59322033898306, 86.4406779661017, 87.28813559322035, 88.13559322033898, 88.98305084745762, 89.83050847457628, 90.67796610169492, 91.52542372881356, 92.37288135593221, 93.22033898305084, 94.0677966101695, 94.91525423728814, 95.76271186440678, 96.61016949152543, 97.45762711864407, 98.30508474576271, 99.15254237288136]}