{"ece": 0.07468242581187011, "acc": [0.0, 0.14767932489451477, 0.2309482257126236, 0.3480314960629921, 0.4092071611253197, 0.5078369905956113, 0.524390243902439, 0.6313465783664459, 0.6284153005464481, 0.7250996015936255], "conf": [0.0, 0.1741824894514768, 0.2430191972076789, 0.3362204724409449, 0.4382992327365729, 0.5387931034482759, 0.6397357723577236, 0.7406181015452539, 0.842896174863388, 0.9492031872509961]}