{"auprc": 0.6271131634712219, "fpr0": 0.0, "fpr10": 0.08479999750852585, "fpr20": 0.15690000355243683, "fpr30": 0.22110000252723694, "fpr40": 0.2777000069618225, "fpr50": 0.3248000144958496, "fpr60": 0.36570000648498535, "fpr70": 0.4004000127315521, "fpr80": 0.4309000074863434, "fpr90": 0.45879998803138733, "auroc": 0.4161668121814728}