{"ausc": 0.7056158781051636, "accuracies": [0.5047075152397156, 0.508479654788971, 0.5108872652053833, 0.5134358406066895, 0.515715479850769, 0.5167812705039978, 0.5168138146400452, 0.5181182622909546, 0.5205128788948059, 0.522995114326477, 0.5247105360031128, 0.5262370705604553, 0.5288951396942139, 0.5311535596847534, 0.5339013934135437, 0.5361295938491821, 0.5379387140274048, 0.5394359230995178, 0.5425910949707031, 0.5466285347938538, 0.5491974353790283, 0.5537315011024475, 0.555931031703949, 0.5575631856918335, 0.5588568449020386, 0.5621684193611145, 0.564034104347229, 0.566318929195404, 0.5708287954330444, 0.573357880115509, 0.5764618515968323, 0.5787803530693054, 0.580403745174408, 0.5816565155982971, 0.5829344391822815, 0.5867257714271545, 0.5910146236419678, 0.5961929559707642, 0.599687933921814, 0.6005195379257202, 0.6040661931037903, 0.6062926650047302, 0.6091690063476562, 0.6110554933547974, 0.6154324412345886, 0.6188337802886963, 0.62247234582901, 0.6260406970977783, 0.6311404705047607, 0.6365336179733276, 0.6391066312789917, 0.6415776610374451, 0.64765864610672, 0.6506168246269226, 0.6542140245437622, 0.6570244431495667, 0.6606276035308838, 0.6652427315711975, 0.6710357069969177, 0.6748830080032349, 0.6816117763519287, 0.6843811273574829, 0.6883360147476196, 0.6939979791641235, 0.6972314119338989, 0.7025564908981323, 0.7063364386558533, 0.7116241455078125, 0.7174577116966248, 0.7236337661743164, 0.7264354825019836, 0.7333720922470093, 0.7422341108322144, 0.7454164028167725, 0.752009391784668, 0.7577781081199646, 0.7614163160324097, 0.7723850607872009, 0.779822051525116, 0.7876792550086975, 0.7953011989593506, 0.8045952916145325, 0.8120635151863098, 0.8194759488105774, 0.8305748105049133, 0.8352277874946594, 0.8471986651420593, 0.8527291417121887, 0.8612187504768372, 0.865687906742096, 0.8744783401489258, 0.8806220889091492, 0.8881199955940247, 0.8982825875282288, 0.9088001847267151, 0.9150385856628418, 0.9191817045211792, 0.9213553071022034, 0.9283860325813293, 0.9328358173370361, 0.9412919282913208, 0.94533771276474, 0.947348952293396, 0.9458456635475159, 0.9483304023742676, 0.9488882422447205, 0.9498785138130188, 0.9542927742004395, 0.9569631814956665, 0.9623436331748962, 0.9657940864562988, 0.9681907296180725, 0.9753558039665222, 0.9810487031936646, 0.9803337454795837, 0.9823840260505676, 0.9849553108215332, 0.9881970286369324], "filter_out_rate": [0.0, 0.847457627118644, 1.694915254237288, 2.5423728813559325, 3.389830508474576, 4.23728813559322, 5.084745762711865, 5.932203389830509, 6.779661016949152, 7.627118644067797, 8.47457627118644, 9.322033898305085, 10.16949152542373, 11.016949152542372, 11.864406779661017, 12.711864406779661, 13.559322033898304, 14.40677966101695, 15.254237288135593, 16.101694915254235, 16.94915254237288, 17.796610169491526, 18.64406779661017, 19.491525423728813, 20.33898305084746, 21.1864406779661, 22.033898305084744, 22.88135593220339, 23.728813559322035, 24.576271186440678, 25.423728813559322, 26.27118644067797, 27.11864406779661, 27.966101694915253, 28.8135593220339, 29.66101694915254, 30.508474576271187, 31.35593220338983, 32.20338983050847, 33.05084745762712, 33.89830508474576, 34.74576271186441, 35.59322033898305, 36.440677966101696, 37.28813559322034, 38.13559322033898, 38.983050847457626, 39.83050847457627, 40.67796610169492, 41.52542372881356, 42.3728813559322, 43.22033898305085, 44.06779661016949, 44.91525423728814, 45.76271186440678, 46.61016949152542, 47.45762711864407, 48.30508474576271, 49.152542372881356, 50.0, 50.847457627118644, 51.69491525423729, 52.54237288135594, 53.38983050847458, 54.23728813559322, 55.08474576271186, 55.932203389830505, 56.779661016949156, 57.6271186440678, 58.47457627118644, 59.32203389830508, 60.16949152542372, 61.016949152542374, 61.86440677966102, 62.71186440677966, 63.559322033898304, 64.40677966101694, 65.2542372881356, 66.10169491525424, 66.94915254237289, 67.79661016949152, 68.64406779661016, 69.49152542372882, 70.33898305084746, 71.1864406779661, 72.03389830508475, 72.88135593220339, 73.72881355932203, 74.57627118644068, 75.42372881355932, 76.27118644067797, 77.11864406779661, 77.96610169491525, 78.8135593220339, 79.66101694915254, 80.50847457627118, 81.35593220338984, 82.20338983050848, 83.05084745762711, 83.89830508474576, 84.7457627118644, 85.59322033898306, 86.4406779661017, 87.28813559322035, 88.13559322033898, 88.98305084745762, 89.83050847457628, 90.67796610169492, 91.52542372881356, 92.37288135593221, 93.22033898305084, 94.0677966101695, 94.91525423728814, 95.76271186440678, 96.61016949152543, 97.45762711864407, 98.30508474576271, 99.15254237288136]}