{"ece": 0.08907526149878207, "acc": [0.0, 0.143646408839779, 0.23424570337364736, 0.3523489932885906, 0.43466666666666665, 0.4549763033175355, 0.5157116451016636, 0.58, 0.6235679214402619, 0.6957894736842105], "conf": [0.0, 0.17351519337016574, 0.24172501591343093, 0.3361996644295302, 0.438, 0.5394944707740916, 0.6414048059149723, 0.7413636363636363, 0.839607201309329, 0.9489473684210527]}