{"auprc": 0.6285614967346191, "fpr0": 0.0, "fpr10": 0.07689999788999557, "fpr20": 0.14100000262260437, "fpr30": 0.20229999721050262, "fpr40": 0.2630000114440918, "fpr50": 0.31450000405311584, "fpr60": 0.3580000102519989, "fpr70": 0.39750000834465027, "fpr80": 0.429500013589859, "fpr90": 0.4578999876976013, "auroc": 0.41170957684516907}