{"ausc": 0.706458568572998, "accuracies": [0.5083132982254028, 0.5102967619895935, 0.5126169919967651, 0.5150769352912903, 0.5177832841873169, 0.5189701914787292, 0.5214375853538513, 0.5242636203765869, 0.5263888835906982, 0.5288730263710022, 0.5302042365074158, 0.5316678285598755, 0.5341511964797974, 0.535674512386322, 0.539361298084259, 0.5427728891372681, 0.5430402755737305, 0.5452760457992554, 0.5479021072387695, 0.5498063564300537, 0.5522860884666443, 0.5554101467132568, 0.5571428537368774, 0.5589086413383484, 0.560585081577301, 0.5615472793579102, 0.5639121532440186, 0.5683524012565613, 0.5722403526306152, 0.5742657780647278, 0.5777080059051514, 0.5807560086250305, 0.584213376045227, 0.5876632928848267, 0.5903697609901428, 0.59465092420578, 0.5980496406555176, 0.601241409778595, 0.6042206883430481, 0.6051012873649597, 0.60993891954422, 0.6112019419670105, 0.6154775619506836, 0.6190979480743408, 0.6218904256820679, 0.6236691474914551, 0.6264293193817139, 0.6292576193809509, 0.6324752569198608, 0.6359387040138245, 0.6405922770500183, 0.6422064304351807, 0.6466599702835083, 0.6516031622886658, 0.6541807651519775, 0.6582050323486328, 0.6627217531204224, 0.6662771701812744, 0.6690449714660645, 0.6765798330307007, 0.6815582513809204, 0.6868193745613098, 0.6893491148948669, 0.6946437358856201, 0.7017132639884949, 0.7056657671928406, 0.7109717130661011, 0.7143749594688416, 0.7196472883224487, 0.7271014451980591, 0.7323284149169922, 0.7391743659973145, 0.745937168598175, 0.7544628977775574, 0.761435866355896, 0.7672027945518494, 0.7737226486206055, 0.7800419926643372, 0.7878844141960144, 0.797510027885437, 0.8061293363571167, 0.8096640706062317, 0.8157183527946472, 0.8226708769798279, 0.8281286954879761, 0.8392320275306702, 0.842211127281189, 0.848691999912262, 0.8567180037498474, 0.8636671900749207, 0.8683222532272339, 0.8771066665649414, 0.8816696405410767, 0.8854792714118958, 0.8950479030609131, 0.9003105163574219, 0.905614972114563, 0.9081063866615295, 0.9117337465286255, 0.9172036647796631, 0.9273486137390137, 0.9333065748214722, 0.9374298453330994, 0.9362644553184509, 0.941180408000946, 0.9464797973632812, 0.9510493874549866, 0.9596485495567322, 0.9609605669975281, 0.9611755609512329, 0.9620768427848816, 0.9618150591850281, 0.9643507599830627, 0.9688855409622192, 0.9778223037719727, 0.9778256416320801, 0.9789950847625732, 0.9774623513221741], "filter_out_rate": [0.0, 0.847457627118644, 1.694915254237288, 2.5423728813559325, 3.389830508474576, 4.23728813559322, 5.084745762711865, 5.932203389830509, 6.779661016949152, 7.627118644067797, 8.47457627118644, 9.322033898305085, 10.16949152542373, 11.016949152542372, 11.864406779661017, 12.711864406779661, 13.559322033898304, 14.40677966101695, 15.254237288135593, 16.101694915254235, 16.94915254237288, 17.796610169491526, 18.64406779661017, 19.491525423728813, 20.33898305084746, 21.1864406779661, 22.033898305084744, 22.88135593220339, 23.728813559322035, 24.576271186440678, 25.423728813559322, 26.27118644067797, 27.11864406779661, 27.966101694915253, 28.8135593220339, 29.66101694915254, 30.508474576271187, 31.35593220338983, 32.20338983050847, 33.05084745762712, 33.89830508474576, 34.74576271186441, 35.59322033898305, 36.440677966101696, 37.28813559322034, 38.13559322033898, 38.983050847457626, 39.83050847457627, 40.67796610169492, 41.52542372881356, 42.3728813559322, 43.22033898305085, 44.06779661016949, 44.91525423728814, 45.76271186440678, 46.61016949152542, 47.45762711864407, 48.30508474576271, 49.152542372881356, 50.0, 50.847457627118644, 51.69491525423729, 52.54237288135594, 53.38983050847458, 54.23728813559322, 55.08474576271186, 55.932203389830505, 56.779661016949156, 57.6271186440678, 58.47457627118644, 59.32203389830508, 60.16949152542372, 61.016949152542374, 61.86440677966102, 62.71186440677966, 63.559322033898304, 64.40677966101694, 65.2542372881356, 66.10169491525424, 66.94915254237289, 67.79661016949152, 68.64406779661016, 69.49152542372882, 70.33898305084746, 71.1864406779661, 72.03389830508475, 72.88135593220339, 73.72881355932203, 74.57627118644068, 75.42372881355932, 76.27118644067797, 77.11864406779661, 77.96610169491525, 78.8135593220339, 79.66101694915254, 80.50847457627118, 81.35593220338984, 82.20338983050848, 83.05084745762711, 83.89830508474576, 84.7457627118644, 85.59322033898306, 86.4406779661017, 87.28813559322035, 88.13559322033898, 88.98305084745762, 89.83050847457628, 90.67796610169492, 91.52542372881356, 92.37288135593221, 93.22033898305084, 94.0677966101695, 94.91525423728814, 95.76271186440678, 96.61016949152543, 97.45762711864407, 98.30508474576271, 99.15254237288136]}