{"ece": 0.09037177695519727, "acc": [0.0, 0.0, 0.0, 0.45098039215686275, 0.3111111111111111, 0.4621212121212121, 0.5725, 0.6619047619047619, 0.7424242424242424, 0.85623869801085], "conf": [0.0, 0.0, 0.280029296875, 0.34620098039215685, 0.446875, 0.5400883838383839, 0.6378125, 0.7416666666666667, 0.8441558441558441, 0.9511754068716094]}