{"auprc": 0.981562614440918, "fpr0": 0.0, "fpr10": 0.00039999998989515007, "fpr20": 0.0006000000284984708, "fpr30": 0.0012000000569969416, "fpr40": 0.0020000000949949026, "fpr50": 0.0035000001080334187, "fpr60": 0.006099999882280827, "fpr70": 0.009200000204145908, "fpr80": 0.01730000041425228, "fpr90": 0.031599998474121094, "auroc": 0.9839485287666321}