{"ausc": 0.9635326862335205, "accuracies": [0.8725961446762085, 0.8767412900924683, 0.8803419470787048, 0.8843076825141907, 0.8883374333381653, 0.891703188419342, 0.8950189352035522, 0.8971180319786072, 0.89925217628479, 0.9017453193664551, 0.9046067595481873, 0.9072977900505066, 0.9114720225334167, 0.9144927859306335, 0.916441798210144, 0.9191060066223145, 0.9213598966598511, 0.9226149320602417, 0.9251747131347656, 0.928252100944519, 0.9303181767463684, 0.9319434762001038, 0.9349298477172852, 0.9376068115234375, 0.9397105574607849, 0.9418635368347168, 0.9445614218711853, 0.9466780424118042, 0.9495945572853088, 0.9514123797416687, 0.954460620880127, 0.9575527906417847, 0.9591093063354492, 0.9598860144615173, 0.9617790579795837, 0.9630189538002014, 0.964011549949646, 0.9643232822418213, 0.9660455584526062, 0.9688441157341003, 0.9702194333076477, 0.9716379046440125, 0.9739994406700134, 0.9747358560562134, 0.9764053225517273, 0.9778094291687012, 0.9790775775909424, 0.9802420139312744, 0.9812813997268677, 0.9816837906837463, 0.9837285280227661, 0.9860301613807678, 0.9856645464897156, 0.9865086078643799, 0.9868559241294861, 0.987737238407135, 0.9891900420188904, 0.9901350140571594, 0.9907273650169373, 0.9917120337486267, 0.9925476312637329, 0.9933946132659912, 0.9938845634460449, 0.9939858913421631, 0.9947079420089722, 0.9952396750450134, 0.9962199330329895, 0.9961676001548767, 0.9961028695106506, 0.9960471987724304, 0.9962031841278076, 0.9961318969726562, 0.9962908625602722, 0.996679425239563, 0.9968593120574951, 0.9972872734069824, 0.9974757432937622, 0.9976814389228821, 0.9981517195701599, 0.9981244206428528, 0.9983628392219543, 0.9983273148536682, 0.9982894659042358, 0.9985424876213074, 0.998508632183075, 0.9987857341766357, 0.9987562894821167, 0.9990302920341492, 0.9990138411521912, 0.9989878535270691, 0.9989604353904724, 0.9992877244949341, 0.9992673993110657, 0.9996229410171509, 0.999611496925354, 0.9995993375778198, 1.0, 1.0, 1.0, 1.0, 1.0, 1.0, 1.0, 1.0, 1.0, 1.0, 1.0, 1.0, 1.0, 1.0, 1.0, 1.0, 1.0, 1.0, 1.0, 1.0, 1.0, 1.0], "filter_out_rate": [0.0, 0.847457627118644, 1.694915254237288, 2.5423728813559325, 3.389830508474576, 4.23728813559322, 5.084745762711865, 5.932203389830509, 6.779661016949152, 7.627118644067797, 8.47457627118644, 9.322033898305085, 10.16949152542373, 11.016949152542372, 11.864406779661017, 12.711864406779661, 13.559322033898304, 14.40677966101695, 15.254237288135593, 16.101694915254235, 16.94915254237288, 17.796610169491526, 18.64406779661017, 19.491525423728813, 20.33898305084746, 21.1864406779661, 22.033898305084744, 22.88135593220339, 23.728813559322035, 24.576271186440678, 25.423728813559322, 26.27118644067797, 27.11864406779661, 27.966101694915253, 28.8135593220339, 29.66101694915254, 30.508474576271187, 31.35593220338983, 32.20338983050847, 33.05084745762712, 33.89830508474576, 34.74576271186441, 35.59322033898305, 36.440677966101696, 37.28813559322034, 38.13559322033898, 38.983050847457626, 39.83050847457627, 40.67796610169492, 41.52542372881356, 42.3728813559322, 43.22033898305085, 44.06779661016949, 44.91525423728814, 45.76271186440678, 46.61016949152542, 47.45762711864407, 48.30508474576271, 49.152542372881356, 50.0, 50.847457627118644, 51.69491525423729, 52.54237288135594, 53.38983050847458, 54.23728813559322, 55.08474576271186, 55.932203389830505, 56.779661016949156, 57.6271186440678, 58.47457627118644, 59.32203389830508, 60.16949152542372, 61.016949152542374, 61.86440677966102, 62.71186440677966, 63.559322033898304, 64.40677966101694, 65.2542372881356, 66.10169491525424, 66.94915254237289, 67.79661016949152, 68.64406779661016, 69.49152542372882, 70.33898305084746, 71.1864406779661, 72.03389830508475, 72.88135593220339, 73.72881355932203, 74.57627118644068, 75.42372881355932, 76.27118644067797, 77.11864406779661, 77.96610169491525, 78.8135593220339, 79.66101694915254, 80.50847457627118, 81.35593220338984, 82.20338983050848, 83.05084745762711, 83.89830508474576, 84.7457627118644, 85.59322033898306, 86.4406779661017, 87.28813559322035, 88.13559322033898, 88.98305084745762, 89.83050847457628, 90.67796610169492, 91.52542372881356, 92.37288135593221, 93.22033898305084, 94.0677966101695, 94.91525423728814, 95.76271186440678, 96.61016949152543, 97.45762711864407, 98.30508474576271, 99.15254237288136]}