{"ece": 0.13103836489834492, "acc": [0.0, 0.0, 0.5, 0.3103448275862069, 0.40336134453781514, 0.47126436781609193, 0.5514950166112956, 0.5858895705521472, 0.7133182844243793, 0.7867494824016563], "conf": [0.0, 0.0, 0.280029296875, 0.35856681034482757, 0.4427521008403361, 0.5407088122605364, 0.643687707641196, 0.7392638036809815, 0.8436794582392777, 0.9528985507246377]}