{"auprc": 0.9514276385307312, "fpr0": 0.0, "fpr10": 0.0007999999797903001, "fpr20": 0.0024999999441206455, "fpr30": 0.005799999926239252, "fpr40": 0.008999999612569809, "fpr50": 0.015200000256299973, "fpr60": 0.022700000554323196, "fpr70": 0.03539999946951866, "fpr80": 0.051600001752376556, "fpr90": 0.07599999755620956, "auroc": 0.9588195085525513}