{"ausc": 0.96464604139328, "accuracies": [0.8913261294364929, 0.8949121236801147, 0.898453414440155, 0.9011282324790955, 0.9047766327857971, 0.9081718325614929, 0.9105716347694397, 0.912481427192688, 0.9151709079742432, 0.918767511844635, 0.9211212396621704, 0.9239535331726074, 0.9252873659133911, 0.9268673658370972, 0.9289249777793884, 0.9310188293457031, 0.9328067302703857, 0.9358974099159241, 0.9375291466712952, 0.9394259452819824, 0.9412393569946289, 0.9428468346595764, 0.9441218972206116, 0.9460316896438599, 0.9472386240959167, 0.9493330121040344, 0.9513512849807739, 0.9536607265472412, 0.9553768634796143, 0.957257091999054, 0.9585227966308594, 0.959284782409668, 0.9605979919433594, 0.962342381477356, 0.9639877080917358, 0.9651136994361877, 0.9661278128623962, 0.9677278399467468, 0.9692209959030151, 0.9704596400260925, 0.9711453318595886, 0.9721347093582153, 0.9734503626823425, 0.974646270275116, 0.9749528765678406, 0.976656973361969, 0.9774625897407532, 0.9789252877235413, 0.9799454808235168, 0.9800159931182861, 0.9802525043487549, 0.9808304905891418, 0.9807443618774414, 0.9811686873435974, 0.9815876483917236, 0.9823786616325378, 0.9830209016799927, 0.9825975298881531, 0.9832743406295776, 0.9841516017913818, 0.9852375388145447, 0.9857934713363647, 0.9865517020225525, 0.9865320920944214, 0.9867119193077087, 0.9877274632453918, 0.9883589148521423, 0.9883736968040466, 0.9892433285713196, 0.9899289011955261, 0.9908668398857117, 0.9920548796653748, 0.9928315281867981, 0.9926998615264893, 0.9928097128868103, 0.9931563138961792, 0.9932746887207031, 0.9951574802398682, 0.9950486421585083, 0.9946669340133667, 0.9945422410964966, 0.9946900606155396, 0.9948439002037048, 0.9944534301757812, 0.9943315386772156, 0.9950692653656006, 0.9949471950531006, 0.9948455691337585, 0.9950500130653381, 0.9949008226394653, 0.9951063394546509, 0.9961001873016357, 0.9963453412055969, 0.9969598650932312, 0.9968525767326355, 0.9967649579048157, 0.9970730543136597, 0.9974015355110168, 0.9986726641654968, 0.9986251592636108, 0.9985741972923279, 0.9984995722770691, 0.9984599351882935, 0.9983488321304321, 0.998832106590271, 0.9987761378288269, 0.9987147450447083, 0.9986467361450195, 0.9985754489898682, 0.9985336065292358, 0.9976904392242432, 0.9990842938423157, 0.9990138411521912, 0.9989317059516907, 0.998834490776062, 1.0, 1.0, 1.0], "filter_out_rate": [0.0, 0.847457627118644, 1.694915254237288, 2.5423728813559325, 3.389830508474576, 4.23728813559322, 5.084745762711865, 5.932203389830509, 6.779661016949152, 7.627118644067797, 8.47457627118644, 9.322033898305085, 10.16949152542373, 11.016949152542372, 11.864406779661017, 12.711864406779661, 13.559322033898304, 14.40677966101695, 15.254237288135593, 16.101694915254235, 16.94915254237288, 17.796610169491526, 18.64406779661017, 19.491525423728813, 20.33898305084746, 21.1864406779661, 22.033898305084744, 22.88135593220339, 23.728813559322035, 24.576271186440678, 25.423728813559322, 26.27118644067797, 27.11864406779661, 27.966101694915253, 28.8135593220339, 29.66101694915254, 30.508474576271187, 31.35593220338983, 32.20338983050847, 33.05084745762712, 33.89830508474576, 34.74576271186441, 35.59322033898305, 36.440677966101696, 37.28813559322034, 38.13559322033898, 38.983050847457626, 39.83050847457627, 40.67796610169492, 41.52542372881356, 42.3728813559322, 43.22033898305085, 44.06779661016949, 44.91525423728814, 45.76271186440678, 46.61016949152542, 47.45762711864407, 48.30508474576271, 49.152542372881356, 50.0, 50.847457627118644, 51.69491525423729, 52.54237288135594, 53.38983050847458, 54.23728813559322, 55.08474576271186, 55.932203389830505, 56.779661016949156, 57.6271186440678, 58.47457627118644, 59.32203389830508, 60.16949152542372, 61.016949152542374, 61.86440677966102, 62.71186440677966, 63.559322033898304, 64.40677966101694, 65.2542372881356, 66.10169491525424, 66.94915254237289, 67.79661016949152, 68.64406779661016, 69.49152542372882, 70.33898305084746, 71.1864406779661, 72.03389830508475, 72.88135593220339, 73.72881355932203, 74.57627118644068, 75.42372881355932, 76.27118644067797, 77.11864406779661, 77.96610169491525, 78.8135593220339, 79.66101694915254, 80.50847457627118, 81.35593220338984, 82.20338983050848, 83.05084745762711, 83.89830508474576, 84.7457627118644, 85.59322033898306, 86.4406779661017, 87.28813559322035, 88.13559322033898, 88.98305084745762, 89.83050847457628, 90.67796610169492, 91.52542372881356, 92.37288135593221, 93.22033898305084, 94.0677966101695, 94.91525423728814, 95.76271186440678, 96.61016949152543, 97.45762711864407, 98.30508474576271, 99.15254237288136]}