{"ece": 0.014286670021727996, "acc": [0.0, 1.0, 0.21212121212121213, 0.3058252427184466, 0.4364406779661017, 0.5048622366288493, 0.6178403755868545, 0.7274529236868187, 0.8339587242026266, 0.9502982107355865], "conf": [0.0, 0.1700439453125, 0.2540246212121212, 0.35558252427184467, 0.4470338983050847, 0.539708265802269, 0.6370892018779343, 0.7388503468780971, 0.8414634146341463, 0.9498011928429424]}