{"auprc": 0.9760299324989319, "fpr0": 0.0, "fpr10": 0.0010999999940395355, "fpr20": 0.002199999988079071, "fpr30": 0.00279999990016222, "fpr40": 0.00430000014603138, "fpr50": 0.0066999997943639755, "fpr60": 0.009100000374019146, "fpr70": 0.013100000098347664, "fpr80": 0.021900000050663948, "fpr90": 0.03539999946951866, "auroc": 0.9815547466278076}