{"ausc": 0.868645966053009, "accuracies": [0.7356770634651184, 0.7928528189659119, 0.7979242205619812, 0.8022564053535461, 0.7532051205635071, 0.811757504940033, 0.8158890008926392, 0.8187115788459778, 0.7689103484153748, 0.8242834806442261, 0.8282269239425659, 0.8310322165489197, 0.7808354496955872, 0.8338906764984131, 0.83625727891922, 0.838665783405304, 0.7920100688934326, 0.845460832118988, 0.8476689457893372, 0.8500353693962097, 0.8014006614685059, 0.8520248532295227, 0.8520803451538086, 0.8551892042160034, 0.8084319829940796, 0.8584765195846558, 0.8608598113059998, 0.8639248609542847, 0.8175641298294067, 0.8662263751029968, 0.8670851588249207, 0.8678297400474548, 0.8198450803756714, 0.8696356415748596, 0.871522068977356, 0.8734492063522339, 0.8272017240524292, 0.8765849471092224, 0.8777777552604675, 0.879285454750061, 0.8324591517448425, 0.8806365728378296, 0.8817829489707947, 0.8808159232139587, 0.8375553488731384, 0.8830255270004272, 0.8836135864257812, 0.884194016456604, 0.8434152603149414, 0.8867687582969666, 0.8879560828208923, 0.8886573910713196, 0.8485020399093628, 0.8904643654823303, 0.8912153840065002, 0.8919815421104431, 0.8563653826713562, 0.8932205438613892, 0.8943829536437988, 0.8956207036972046, 0.896257758140564, 0.8636882305145264, 0.8615650534629822, 0.8620274066925049, 0.8971123099327087, 0.8648862838745117, 0.865568220615387, 0.8688170313835144, 0.9025242924690247, 0.8698585629463196, 0.8714404702186584, 0.8710930943489075, 0.9059155583381653, 0.8720366358757019, 0.8723244071006775, 0.8734565377235413, 0.9060702323913574, 0.8763505816459656, 0.8773238062858582, 0.8779305815696716, 0.91086745262146, 0.8817352652549744, 0.8849319815635681, 0.8858795166015625, 0.91597580909729, 0.8879130482673645, 0.8886842727661133, 0.8921911716461182, 0.9171265959739685, 0.8909884691238403, 0.8925543427467346, 0.8976524472236633, 0.919090747833252, 0.9011052250862122, 0.9036118984222412, 0.9060288667678833, 0.9307464361190796, 0.9113435745239258, 0.9116466045379639, 0.9090879559516907, 0.9334045052528381, 0.9164260625839233, 0.9178744554519653, 0.9218730330467224, 0.918329656124115, 0.9252701997756958, 0.9317899942398071, 0.9331569075584412, 0.9418010115623474, 0.9403761029243469, 0.9497992396354675, 0.9526376724243164, 0.9539595246315002, 0.9571084976196289, 0.9570820927619934, 0.9632542729377747, 0.969379723072052, 0.9690832495689392], "filter_out_rate": [0.0, 0.847457627118644, 1.694915254237288, 2.5423728813559325, 3.389830508474576, 4.23728813559322, 5.084745762711865, 5.932203389830509, 6.779661016949152, 7.627118644067797, 8.47457627118644, 9.322033898305085, 10.16949152542373, 11.016949152542372, 11.864406779661017, 12.711864406779661, 13.559322033898304, 14.40677966101695, 15.254237288135593, 16.101694915254235, 16.94915254237288, 17.796610169491526, 18.64406779661017, 19.491525423728813, 20.33898305084746, 21.1864406779661, 22.033898305084744, 22.88135593220339, 23.728813559322035, 24.576271186440678, 25.423728813559322, 26.27118644067797, 27.11864406779661, 27.966101694915253, 28.8135593220339, 29.66101694915254, 30.508474576271187, 31.35593220338983, 32.20338983050847, 33.05084745762712, 33.89830508474576, 34.74576271186441, 35.59322033898305, 36.440677966101696, 37.28813559322034, 38.13559322033898, 38.983050847457626, 39.83050847457627, 40.67796610169492, 41.52542372881356, 42.3728813559322, 43.22033898305085, 44.06779661016949, 44.91525423728814, 45.76271186440678, 46.61016949152542, 47.45762711864407, 48.30508474576271, 49.152542372881356, 50.0, 50.847457627118644, 51.69491525423729, 52.54237288135594, 53.38983050847458, 54.23728813559322, 55.08474576271186, 55.932203389830505, 56.779661016949156, 57.6271186440678, 58.47457627118644, 59.32203389830508, 60.16949152542372, 61.016949152542374, 61.86440677966102, 62.71186440677966, 63.559322033898304, 64.40677966101694, 65.2542372881356, 66.10169491525424, 66.94915254237289, 67.79661016949152, 68.64406779661016, 69.49152542372882, 70.33898305084746, 71.1864406779661, 72.03389830508475, 72.88135593220339, 73.72881355932203, 74.57627118644068, 75.42372881355932, 76.27118644067797, 77.11864406779661, 77.96610169491525, 78.8135593220339, 79.66101694915254, 80.50847457627118, 81.35593220338984, 82.20338983050848, 83.05084745762711, 83.89830508474576, 84.7457627118644, 85.59322033898306, 86.4406779661017, 87.28813559322035, 88.13559322033898, 88.98305084745762, 89.83050847457628, 90.67796610169492, 91.52542372881356, 92.37288135593221, 93.22033898305084, 94.0677966101695, 94.91525423728814, 95.76271186440678, 96.61016949152543, 97.45762711864407, 98.30508474576271, 99.15254237288136]}