{"ece": 0.05506272852627667, "acc": [0.0, 0.0, 0.3333333333333333, 0.3956043956043956, 0.545774647887324, 0.6924428822495606, 0.8014888337468983, 0.8520710059171598, 0.8782552083333334, 0.9529640968549958], "conf": [0.0, 0.0, 0.2766927083333333, 0.3595467032967033, 0.4537852112676056, 0.5474516695957821, 0.6464019851116626, 0.7480980557903635, 0.845703125, 0.9624269412747009]}