{"train_accuracy": 0.9895833333333334, "train_map_r": 0.9853318875112043, "val_accuracy": 0.8691198364354891, "val_map_r": 0.8082549224842897, "test_accuracy": 0.8577948224355145, "test_map_r": 0.7971280818242412, "train_loss": 0.24800395011901855, "val_loss": 0.6228911875885852, "train_loss_kl": 18.38214708455404, "val_loss_kl": 18.62705100850856}