{"auprc": 0.32107430696487427, "fpr0": 0.0, "fpr10": 0.09969999641180038, "fpr20": 0.19930000603199005, "fpr30": 0.29739999771118164, "fpr40": 0.39329999685287476, "fpr50": 0.47850000858306885, "fpr60": 0.5475999712944031, "fpr70": 0.6200000047683716, "fpr80": 0.6812999844551086, "fpr90": 0.7394000291824341, "auroc": 0.10971152037382126}