{"ausc": 0.8144009113311768, "accuracies": [0.8762509226799011, 0.8680543303489685, 0.8653753995895386, 0.862930178642273, 0.8676348924636841, 0.858590841293335, 0.8560259938240051, 0.8535792231559753, 0.8592250347137451, 0.8491175770759583, 0.8469396829605103, 0.8451389670372009, 0.8501754403114319, 0.8389991521835327, 0.8373095989227295, 0.8339293003082275, 0.8362324833869934, 0.8268718123435974, 0.8238194584846497, 0.820603609085083, 0.8256816267967224, 0.8162240386009216, 0.8147718906402588, 0.8119349479675293, 0.8142764568328857, 0.8069854974746704, 0.806679368019104, 0.806490957736969, 0.8137136101722717, 0.8070788979530334, 0.8076519966125488, 0.8108606338500977, 0.8162570595741272, 0.8122358918190002, 0.8134454488754272, 0.8162193298339844, 0.8190540671348572, 0.8156433701515198, 0.8167878985404968, 0.8153058290481567, 0.8140957355499268, 0.816302478313446, 0.8188567161560059, 0.8193643093109131, 0.8198728561401367, 0.8205938339233398, 0.8248275518417358, 0.8288439512252808, 0.8289901614189148, 0.8317750096321106, 0.8388509750366211, 0.842339813709259, 0.8446130156517029, 0.8446833491325378], "filter_out_rate": [0.0, 1.8518518518518516, 3.7037037037037033, 5.555555555555555, 7.4074074074074066, 9.25925925925926, 11.11111111111111, 12.962962962962962, 14.814814814814813, 16.666666666666664, 18.51851851851852, 20.37037037037037, 22.22222222222222, 24.074074074074073, 25.925925925925924, 27.77777777777778, 29.629629629629626, 31.48148148148148, 33.33333333333333, 35.18518518518518, 37.03703703703704, 38.88888888888889, 40.74074074074074, 42.592592592592595, 44.44444444444444, 46.2962962962963, 48.148148148148145, 50.0, 51.85185185185185, 53.70370370370371, 55.55555555555556, 57.407407407407405, 59.25925925925925, 61.111111111111114, 62.96296296296296, 64.81481481481481, 66.66666666666666, 68.51851851851852, 70.37037037037037, 72.22222222222221, 74.07407407407408, 75.92592592592592, 77.77777777777779, 79.62962962962963, 81.48148148148148, 83.33333333333334, 85.18518518518519, 87.03703703703704, 88.88888888888889, 90.74074074074075, 92.5925925925926, 94.44444444444444, 96.29629629629629, 98.14814814814815]}