{"ece": 0.09240901528410941, "acc": [0.0, 0.0, 0.5, 0.2826086956521739, 0.38071065989847713, 0.5305164319248826, 0.5182926829268293, 0.6229116945107399, 0.7186897880539499, 0.855379188712522], "conf": [0.0, 0.0, 0.27001953125, 0.350883152173913, 0.4444796954314721, 0.5413732394366197, 0.6425304878048781, 0.7416467780429594, 0.8429672447013488, 0.9506172839506173]}