{"auprc": 0.9712260365486145, "fpr0": 0.0, "fpr10": 0.0, "fpr20": 0.0, "fpr30": 0.0006000000284984708, "fpr40": 0.0017999999690800905, "fpr50": 0.0032999999821186066, "fpr60": 0.006399999838322401, "fpr70": 0.01119999960064888, "fpr80": 0.021700000390410423, "fpr90": 0.04430000111460686, "auroc": 0.9689823985099792}