{"ausc": 0.9621360898017883, "accuracies": [0.8667868375778198, 0.8712900876998901, 0.8757631182670593, 0.8798974752426147, 0.8833747506141663, 0.8874297738075256, 0.8908154368400574, 0.8934096097946167, 0.8961538672447205, 0.8996983170509338, 0.9021077156066895, 0.9056541323661804, 0.9084880352020264, 0.911817193031311, 0.9146424531936646, 0.9175176620483398, 0.9197572469711304, 0.921921968460083, 0.9249415993690491, 0.9267230033874512, 0.928656280040741, 0.9306254982948303, 0.9319061636924744, 0.9338217377662659, 0.9362577795982361, 0.9380037188529968, 0.9402866959571838, 0.9433865547180176, 0.9462820291519165, 0.947543203830719, 0.9504091143608093, 0.9520043730735779, 0.9545687437057495, 0.9574496746063232, 0.9586362838745117, 0.959442138671875, 0.960953414440155, 0.9626278877258301, 0.9649187922477722, 0.9658125042915344, 0.9668534994125366, 0.9682227969169617, 0.9700741767883301, 0.9718397259712219, 0.973628580570221, 0.9754719734191895, 0.9771920442581177, 0.9786375761032104, 0.9799896478652954, 0.9810391664505005, 0.9812765717506409, 0.9827072024345398, 0.9829747080802917, 0.9849579930305481, 0.9856257438659668, 0.9868533611297607, 0.9882737994194031, 0.9893990755081177, 0.9905470013618469, 0.9907881617546082, 0.9921737909317017, 0.9928144812583923, 0.9927005171775818, 0.9935886859893799, 0.994297981262207, 0.9950159788131714, 0.9955712556838989, 0.9959172010421753, 0.9958475828170776, 0.995977520942688, 0.9963801503181458, 0.9965609312057495, 0.9967314004898071, 0.9969041347503662, 0.9971010088920593, 0.9970452785491943, 0.9977415800094604, 0.9976965188980103, 0.9984285235404968, 0.998401939868927, 0.9989084005355835, 0.9988846182823181, 0.9988598823547363, 0.9988338947296143, 0.998813807964325, 0.9987931847572327, 0.9987565875053406, 0.9987257719039917, 0.9990220665931702, 0.9989964365959167, 0.9989696145057678, 0.9989508390426636, 0.9989112615585327, 0.9988795518875122, 0.9992344379425049, 0.9995993375778198, 0.9995864629745483, 0.9995726346969604, 0.9995579123497009, 0.9995251893997192, 0.9995251893997192, 0.999506950378418, 1.0, 1.0, 1.0, 1.0, 1.0, 1.0, 1.0, 1.0, 1.0, 1.0, 1.0, 1.0, 1.0, 1.0, 1.0, 1.0], "filter_out_rate": [0.0, 0.847457627118644, 1.694915254237288, 2.5423728813559325, 3.389830508474576, 4.23728813559322, 5.084745762711865, 5.932203389830509, 6.779661016949152, 7.627118644067797, 8.47457627118644, 9.322033898305085, 10.16949152542373, 11.016949152542372, 11.864406779661017, 12.711864406779661, 13.559322033898304, 14.40677966101695, 15.254237288135593, 16.101694915254235, 16.94915254237288, 17.796610169491526, 18.64406779661017, 19.491525423728813, 20.33898305084746, 21.1864406779661, 22.033898305084744, 22.88135593220339, 23.728813559322035, 24.576271186440678, 25.423728813559322, 26.27118644067797, 27.11864406779661, 27.966101694915253, 28.8135593220339, 29.66101694915254, 30.508474576271187, 31.35593220338983, 32.20338983050847, 33.05084745762712, 33.89830508474576, 34.74576271186441, 35.59322033898305, 36.440677966101696, 37.28813559322034, 38.13559322033898, 38.983050847457626, 39.83050847457627, 40.67796610169492, 41.52542372881356, 42.3728813559322, 43.22033898305085, 44.06779661016949, 44.91525423728814, 45.76271186440678, 46.61016949152542, 47.45762711864407, 48.30508474576271, 49.152542372881356, 50.0, 50.847457627118644, 51.69491525423729, 52.54237288135594, 53.38983050847458, 54.23728813559322, 55.08474576271186, 55.932203389830505, 56.779661016949156, 57.6271186440678, 58.47457627118644, 59.32203389830508, 60.16949152542372, 61.016949152542374, 61.86440677966102, 62.71186440677966, 63.559322033898304, 64.40677966101694, 65.2542372881356, 66.10169491525424, 66.94915254237289, 67.79661016949152, 68.64406779661016, 69.49152542372882, 70.33898305084746, 71.1864406779661, 72.03389830508475, 72.88135593220339, 73.72881355932203, 74.57627118644068, 75.42372881355932, 76.27118644067797, 77.11864406779661, 77.96610169491525, 78.8135593220339, 79.66101694915254, 80.50847457627118, 81.35593220338984, 82.20338983050848, 83.05084745762711, 83.89830508474576, 84.7457627118644, 85.59322033898306, 86.4406779661017, 87.28813559322035, 88.13559322033898, 88.98305084745762, 89.83050847457628, 90.67796610169492, 91.52542372881356, 92.37288135593221, 93.22033898305084, 94.0677966101695, 94.91525423728814, 95.76271186440678, 96.61016949152543, 97.45762711864407, 98.30508474576271, 99.15254237288136]}