{"ece": 0.06146806086858689, "acc": [0.0, 0.0, 0.16666666666666666, 0.2872340425531915, 0.43612334801762115, 0.4813895781637717, 0.5679012345679012, 0.6822222222222222, 0.7655310621242485, 0.8895116092874299], "conf": [0.0, 0.0, 0.2600911458333333, 0.3484042553191489, 0.4490638766519824, 0.5418734491315137, 0.6388888888888888, 0.7427777777777778, 0.8421843687374749, 0.9511609287429944]}