{"auprc": 0.9706419110298157, "fpr0": 0.0, "fpr10": 0.00039999998989515007, "fpr20": 0.0008999999845400453, "fpr30": 0.002199999988079071, "fpr40": 0.0044999998062849045, "fpr50": 0.006200000178068876, "fpr60": 0.011500000022351742, "fpr70": 0.018300000578165054, "fpr80": 0.02889999933540821, "fpr90": 0.04879999905824661, "auroc": 0.9736562967300415}