{"ausc": 0.9608088731765747, "accuracies": [0.8692908883094788, 0.8740156888961792, 0.8775945901870728, 0.8818461298942566, 0.8848221898078918, 0.8881593346595764, 0.891761302947998, 0.8945750594139099, 0.89658123254776, 0.9000215530395508, 0.9024336338043213, 0.9042295813560486, 0.9071618318557739, 0.909810483455658, 0.9125056862831116, 0.9144542217254639, 0.9165522456169128, 0.9186878800392151, 0.9212120175361633, 0.9237825274467468, 0.9255698919296265, 0.9275102019309998, 0.929729163646698, 0.932966947555542, 0.9346647262573242, 0.935275137424469, 0.9374057054519653, 0.9398324489593506, 0.9424358010292053, 0.9455967545509338, 0.9476537704467773, 0.9512044191360474, 0.9528241157531738, 0.9554194211959839, 0.957132875919342, 0.9592846632003784, 0.9609348773956299, 0.9621893763542175, 0.9631948471069336, 0.9652310609817505, 0.9651200771331787, 0.9663465619087219, 0.9675872921943665, 0.9690098166465759, 0.9701642990112305, 0.9721246361732483, 0.9742817282676697, 0.9753817319869995, 0.977630615234375, 0.9793040752410889, 0.9798509478569031, 0.9800787568092346, 0.9806491136550903, 0.982079803943634, 0.9818435311317444, 0.9817606806755066, 0.9836574196815491, 0.9843207001686096, 0.9855865240097046, 0.9862936735153198, 0.9878124594688416, 0.9882083535194397, 0.9890201091766357, 0.991024911403656, 0.9920749068260193, 0.9917442202568054, 0.9922500848770142, 0.9931971430778503, 0.9935060143470764, 0.9935852289199829, 0.9941508173942566, 0.9947376847267151, 0.9948921203613281, 0.994806706905365, 0.9956679940223694, 0.9963201880455017, 0.9965043663978577, 0.9971890449523926, 0.9971374273300171, 0.9983969330787659, 0.9983628988265991, 0.9983271956443787, 0.9982962012290955, 0.9988273978233337, 0.9987992644309998, 0.9990686178207397, 0.9990455508232117, 0.9990211725234985, 0.9989956617355347, 0.9989686608314514, 0.9989503622055054, 0.9989311099052429, 0.9989004731178284, 0.9984910488128662, 0.9988688230514526, 0.999611496925354, 0.9995864629745483, 0.9995726346969604, 0.9995579123497009, 0.9995421171188354, 0.999506950378418, 1.0, 1.0, 1.0, 1.0, 1.0, 1.0, 1.0, 1.0, 1.0, 1.0, 1.0, 1.0, 1.0, 1.0, 1.0, 1.0, 1.0], "filter_out_rate": [0.0, 0.847457627118644, 1.694915254237288, 2.5423728813559325, 3.389830508474576, 4.23728813559322, 5.084745762711865, 5.932203389830509, 6.779661016949152, 7.627118644067797, 8.47457627118644, 9.322033898305085, 10.16949152542373, 11.016949152542372, 11.864406779661017, 12.711864406779661, 13.559322033898304, 14.40677966101695, 15.254237288135593, 16.101694915254235, 16.94915254237288, 17.796610169491526, 18.64406779661017, 19.491525423728813, 20.33898305084746, 21.1864406779661, 22.033898305084744, 22.88135593220339, 23.728813559322035, 24.576271186440678, 25.423728813559322, 26.27118644067797, 27.11864406779661, 27.966101694915253, 28.8135593220339, 29.66101694915254, 30.508474576271187, 31.35593220338983, 32.20338983050847, 33.05084745762712, 33.89830508474576, 34.74576271186441, 35.59322033898305, 36.440677966101696, 37.28813559322034, 38.13559322033898, 38.983050847457626, 39.83050847457627, 40.67796610169492, 41.52542372881356, 42.3728813559322, 43.22033898305085, 44.06779661016949, 44.91525423728814, 45.76271186440678, 46.61016949152542, 47.45762711864407, 48.30508474576271, 49.152542372881356, 50.0, 50.847457627118644, 51.69491525423729, 52.54237288135594, 53.38983050847458, 54.23728813559322, 55.08474576271186, 55.932203389830505, 56.779661016949156, 57.6271186440678, 58.47457627118644, 59.32203389830508, 60.16949152542372, 61.016949152542374, 61.86440677966102, 62.71186440677966, 63.559322033898304, 64.40677966101694, 65.2542372881356, 66.10169491525424, 66.94915254237289, 67.79661016949152, 68.64406779661016, 69.49152542372882, 70.33898305084746, 71.1864406779661, 72.03389830508475, 72.88135593220339, 73.72881355932203, 74.57627118644068, 75.42372881355932, 76.27118644067797, 77.11864406779661, 77.96610169491525, 78.8135593220339, 79.66101694915254, 80.50847457627118, 81.35593220338984, 82.20338983050848, 83.05084745762711, 83.89830508474576, 84.7457627118644, 85.59322033898306, 86.4406779661017, 87.28813559322035, 88.13559322033898, 88.98305084745762, 89.83050847457628, 90.67796610169492, 91.52542372881356, 92.37288135593221, 93.22033898305084, 94.0677966101695, 94.91525423728814, 95.76271186440678, 96.61016949152543, 97.45762711864407, 98.30508474576271, 99.15254237288136]}