{"ece": 0.029831963800610296, "acc": [0.0, 0.0, 0.25806451612903225, 0.2975609756097561, 0.4371584699453552, 0.49259547934528447, 0.5845864661654135, 0.7017937219730942, 0.8176100628930818, 0.9451255107997665], "conf": [0.0, 0.18001302083333334, 0.25415826612903225, 0.3524390243902439, 0.44672131147540983, 0.538971161340608, 0.6386278195488722, 0.7387892376681614, 0.8408805031446541, 0.9527145359019265]}