{"auprc": 0.9823098182678223, "fpr0": 0.0, "fpr10": 0.0010999999940395355, "fpr20": 0.0017000000225380063, "fpr30": 0.00279999990016222, "fpr40": 0.0038999998942017555, "fpr50": 0.0052999998442828655, "fpr60": 0.007300000172108412, "fpr70": 0.010700000450015068, "fpr80": 0.015799999237060547, "fpr90": 0.024900000542402267, "auroc": 0.9873037934303284}