{"ausc": 0.8803958892822266, "accuracies": [0.7378805875778198, 0.7947707772254944, 0.799857497215271, 0.8036922812461853, 0.7540323138237, 0.8104023933410645, 0.814417839050293, 0.8183937072753906, 0.7695512771606445, 0.8248222470283508, 0.8290960788726807, 0.8317992091178894, 0.7842395305633545, 0.8391147255897522, 0.8419768214225769, 0.8448907136917114, 0.7988576292991638, 0.8490256071090698, 0.8524336218833923, 0.8539026975631714, 0.8092166185379028, 0.8566842675209045, 0.8577511310577393, 0.8592044115066528, 0.8170419931411743, 0.862819492816925, 0.8638426661491394, 0.8645126223564148, 0.8246749639511108, 0.8668249845504761, 0.8690165877342224, 0.8700352311134338, 0.8300551176071167, 0.873500406742096, 0.8741868138313293, 0.8758676052093506, 0.837157130241394, 0.8787733316421509, 0.8812735080718994, 0.8805148601531982, 0.8420929312705994, 0.8822592496871948, 0.8835824728012085, 0.8858435153961182, 0.8505321145057678, 0.8865084648132324, 0.8860263228416443, 0.8861843943595886, 0.8529657125473022, 0.8870205283164978, 0.8880436420440674, 0.8890780806541443, 0.857824981212616, 0.89000004529953, 0.8926417827606201, 0.896460235118866, 0.8667891025543213, 0.8996257185935974, 0.9007349014282227, 0.9016870260238647, 0.902256429195404, 0.8766332864761353, 0.8781208395957947, 0.8787930607795715, 0.9020620584487915, 0.8789275884628296, 0.8817033171653748, 0.8839461207389832, 0.9111368060112, 0.8854790925979614, 0.8875096440315247, 0.8895313739776611, 0.914840817451477, 0.8906891942024231, 0.8898749947547913, 0.8929529190063477, 0.9198745489120483, 0.8960826396942139, 0.8993164300918579, 0.9000892639160156, 0.9219949245452881, 0.9037064909934998, 0.9040361046791077, 0.9042184352874756, 0.9248194694519043, 0.9061845541000366, 0.9074740409851074, 0.9094677567481995, 0.9282124638557434, 0.9096744060516357, 0.9141726493835449, 0.9161050319671631, 0.9315752983093262, 0.9221627712249756, 0.9245454668998718, 0.9272743463516235, 0.9466243386268616, 0.932978093624115, 0.9335081577301025, 0.9351550340652466, 0.9522638320922852, 0.9384908676147461, 0.9472634792327881, 0.9495970010757446, 0.9524359107017517, 0.9568928480148315, 0.9614361524581909, 0.9672674536705017, 0.9705066084861755, 0.9761027097702026, 0.9797430634498596, 0.9784669280052185, 0.9860242009162903, 0.9867569208145142, 0.9853190779685974, 0.9888566136360168, 0.9878658652305603, 0.9892805814743042], "filter_out_rate": [0.0, 0.847457627118644, 1.694915254237288, 2.5423728813559325, 3.389830508474576, 4.23728813559322, 5.084745762711865, 5.932203389830509, 6.779661016949152, 7.627118644067797, 8.47457627118644, 9.322033898305085, 10.16949152542373, 11.016949152542372, 11.864406779661017, 12.711864406779661, 13.559322033898304, 14.40677966101695, 15.254237288135593, 16.101694915254235, 16.94915254237288, 17.796610169491526, 18.64406779661017, 19.491525423728813, 20.33898305084746, 21.1864406779661, 22.033898305084744, 22.88135593220339, 23.728813559322035, 24.576271186440678, 25.423728813559322, 26.27118644067797, 27.11864406779661, 27.966101694915253, 28.8135593220339, 29.66101694915254, 30.508474576271187, 31.35593220338983, 32.20338983050847, 33.05084745762712, 33.89830508474576, 34.74576271186441, 35.59322033898305, 36.440677966101696, 37.28813559322034, 38.13559322033898, 38.983050847457626, 39.83050847457627, 40.67796610169492, 41.52542372881356, 42.3728813559322, 43.22033898305085, 44.06779661016949, 44.91525423728814, 45.76271186440678, 46.61016949152542, 47.45762711864407, 48.30508474576271, 49.152542372881356, 50.0, 50.847457627118644, 51.69491525423729, 52.54237288135594, 53.38983050847458, 54.23728813559322, 55.08474576271186, 55.932203389830505, 56.779661016949156, 57.6271186440678, 58.47457627118644, 59.32203389830508, 60.16949152542372, 61.016949152542374, 61.86440677966102, 62.71186440677966, 63.559322033898304, 64.40677966101694, 65.2542372881356, 66.10169491525424, 66.94915254237289, 67.79661016949152, 68.64406779661016, 69.49152542372882, 70.33898305084746, 71.1864406779661, 72.03389830508475, 72.88135593220339, 73.72881355932203, 74.57627118644068, 75.42372881355932, 76.27118644067797, 77.11864406779661, 77.96610169491525, 78.8135593220339, 79.66101694915254, 80.50847457627118, 81.35593220338984, 82.20338983050848, 83.05084745762711, 83.89830508474576, 84.7457627118644, 85.59322033898306, 86.4406779661017, 87.28813559322035, 88.13559322033898, 88.98305084745762, 89.83050847457628, 90.67796610169492, 91.52542372881356, 92.37288135593221, 93.22033898305084, 94.0677966101695, 94.91525423728814, 95.76271186440678, 96.61016949152543, 97.45762711864407, 98.30508474576271, 99.15254237288136]}