{"ece": 0.10211738852661263, "acc": [0.0, 0.0, 0.25, 0.28846153846153844, 0.39097744360902253, 0.47953216374269003, 0.547683923705722, 0.6709183673469388, 0.6985743380855397, 0.8304924242424242], "conf": [0.0, 0.0, 0.2548828125, 0.3557692307692308, 0.4440789473684211, 0.5391081871345029, 0.638283378746594, 0.7404336734693877, 0.8406313645621182, 0.9521780303030303]}