{"auprc": 0.9717701077461243, "fpr0": 0.0, "fpr10": 9.999999747378752e-05, "fpr20": 0.00019999999494757503, "fpr30": 0.0003000000142492354, "fpr40": 0.0010000000474974513, "fpr50": 0.00139999995008111, "fpr60": 0.00430000014603138, "fpr70": 0.010499999858438969, "fpr80": 0.021900000050663948, "fpr90": 0.04960000142455101, "auroc": 0.9696921110153198}