{"ausc": 0.9640209674835205, "accuracies": [0.8754006624221802, 0.8802745342254639, 0.8850224018096924, 0.8883076906204224, 0.8916459679603577, 0.8927454948425293, 0.8962799310684204, 0.8995550274848938, 0.9036324620246887, 0.907347559928894, 0.9098218083381653, 0.9128862023353577, 0.9157824516296387, 0.9181718230247498, 0.9209402203559875, 0.9228500127792358, 0.925366222858429, 0.9273431301116943, 0.9293631315231323, 0.9308332800865173, 0.933635413646698, 0.9357707500457764, 0.9384304881095886, 0.9406523108482361, 0.9429168701171875, 0.9438562393188477, 0.9463211297988892, 0.9487089514732361, 0.9498549103736877, 0.9516779780387878, 0.9541963338851929, 0.9551820158958435, 0.9571173191070557, 0.9584215879440308, 0.9597434997558594, 0.9613691568374634, 0.9640085101127625, 0.9644514918327332, 0.9660534858703613, 0.9684054255485535, 0.9697923064231873, 0.9714904427528381, 0.9729347229003906, 0.973960280418396, 0.9747210741043091, 0.9764195680618286, 0.978794515132904, 0.9792925715446472, 0.9796341061592102, 0.9806832671165466, 0.9817460775375366, 0.9825232028961182, 0.9845045208930969, 0.9858413934707642, 0.9863365292549133, 0.9875691533088684, 0.9883002042770386, 0.9889967441558838, 0.9897741675376892, 0.9907301664352417, 0.9911680817604065, 0.9914341568946838, 0.991911768913269, 0.9929968118667603, 0.993700385093689, 0.9940188527107239, 0.9945482015609741, 0.9959499835968018, 0.9958850145339966, 0.9967142939567566, 0.9966572523117065, 0.9968230128288269, 0.9972233176231384, 0.9969303607940674, 0.9968683123588562, 0.9972920417785645, 0.9972541928291321, 0.9977121353149414, 0.9981837868690491, 0.9981462359428406, 0.9986352920532227, 0.998884916305542, 0.9988600611686707, 0.9988341927528381, 0.9991052150726318, 0.9990913271903992, 0.9993894696235657, 0.9993745684623718, 0.9993589520454407, 0.9993425011634827, 0.9993252754211426, 0.9993069767951965, 0.9992877244949341, 0.9992673993110657, 0.9992344379425049, 0.9992108345031738, 0.999172031879425, 0.9995726346969604, 0.9995579123497009, 0.9995421171188354, 0.9995251893997192, 0.999506950378418, 0.9994871616363525, 0.9994871616363525, 1.0, 1.0, 1.0, 1.0, 1.0, 1.0, 1.0, 1.0, 1.0, 1.0, 1.0, 1.0, 1.0, 1.0], "filter_out_rate": [0.0, 0.847457627118644, 1.694915254237288, 2.5423728813559325, 3.389830508474576, 4.23728813559322, 5.084745762711865, 5.932203389830509, 6.779661016949152, 7.627118644067797, 8.47457627118644, 9.322033898305085, 10.16949152542373, 11.016949152542372, 11.864406779661017, 12.711864406779661, 13.559322033898304, 14.40677966101695, 15.254237288135593, 16.101694915254235, 16.94915254237288, 17.796610169491526, 18.64406779661017, 19.491525423728813, 20.33898305084746, 21.1864406779661, 22.033898305084744, 22.88135593220339, 23.728813559322035, 24.576271186440678, 25.423728813559322, 26.27118644067797, 27.11864406779661, 27.966101694915253, 28.8135593220339, 29.66101694915254, 30.508474576271187, 31.35593220338983, 32.20338983050847, 33.05084745762712, 33.89830508474576, 34.74576271186441, 35.59322033898305, 36.440677966101696, 37.28813559322034, 38.13559322033898, 38.983050847457626, 39.83050847457627, 40.67796610169492, 41.52542372881356, 42.3728813559322, 43.22033898305085, 44.06779661016949, 44.91525423728814, 45.76271186440678, 46.61016949152542, 47.45762711864407, 48.30508474576271, 49.152542372881356, 50.0, 50.847457627118644, 51.69491525423729, 52.54237288135594, 53.38983050847458, 54.23728813559322, 55.08474576271186, 55.932203389830505, 56.779661016949156, 57.6271186440678, 58.47457627118644, 59.32203389830508, 60.16949152542372, 61.016949152542374, 61.86440677966102, 62.71186440677966, 63.559322033898304, 64.40677966101694, 65.2542372881356, 66.10169491525424, 66.94915254237289, 67.79661016949152, 68.64406779661016, 69.49152542372882, 70.33898305084746, 71.1864406779661, 72.03389830508475, 72.88135593220339, 73.72881355932203, 74.57627118644068, 75.42372881355932, 76.27118644067797, 77.11864406779661, 77.96610169491525, 78.8135593220339, 79.66101694915254, 80.50847457627118, 81.35593220338984, 82.20338983050848, 83.05084745762711, 83.89830508474576, 84.7457627118644, 85.59322033898306, 86.4406779661017, 87.28813559322035, 88.13559322033898, 88.98305084745762, 89.83050847457628, 90.67796610169492, 91.52542372881356, 92.37288135593221, 93.22033898305084, 94.0677966101695, 94.91525423728814, 95.76271186440678, 96.61016949152543, 97.45762711864407, 98.30508474576271, 99.15254237288136]}