{"ece": 0.03526084223758642, "acc": [0.0, 0.18269230769230768, 0.2562358276643991, 0.3499056010069226, 0.4597069597069597, 0.5190930787589498, 0.6283582089552239, 0.6943972835314092, 0.7580174927113703, 0.8336466165413534], "conf": [0.0, 0.17548076923076922, 0.24773242630385486, 0.33857772183763374, 0.43795787545787546, 0.537291169451074, 0.6395522388059701, 0.7385398981324278, 0.8403790087463557, 0.9478383458646616]}