{"auprc": 0.663028359413147, "fpr0": 0.0, "fpr10": 0.06759999692440033, "fpr20": 0.12099999934434891, "fpr30": 0.16820000112056732, "fpr40": 0.2117999941110611, "fpr50": 0.2475000023841858, "fpr60": 0.2793999910354614, "fpr70": 0.3084999918937683, "fpr80": 0.33709999918937683, "fpr90": 0.36390000581741333, "auroc": 0.46962079405784607}