{"ausc": 0.7288511991500854, "accuracies": [0.5315504670143127, 0.5348273515701294, 0.5379528403282166, 0.5397948622703552, 0.5416666269302368, 0.5433604121208191, 0.5445565581321716, 0.5463021993637085, 0.5503204464912415, 0.5518208146095276, 0.5532377362251282, 0.5564321875572205, 0.5592396259307861, 0.560869574546814, 0.5625280737876892, 0.5660313367843628, 0.5689103007316589, 0.5719565749168396, 0.5750581622123718, 0.5766878724098206, 0.5787036418914795, 0.5821951031684875, 0.5856313705444336, 0.5866910815238953, 0.5907297730445862, 0.593104362487793, 0.5969079732894897, 0.6002792716026306, 0.6026923060417175, 0.6060606837272644, 0.6094977259635925, 0.6114195585250854, 0.6153846383094788, 0.6178955435752869, 0.6198326349258423, 0.6238777041435242, 0.6268989443778992, 0.6299850344657898, 0.6339944005012512, 0.6373293995857239, 0.6377250552177429, 0.640487551689148, 0.6430180072784424, 0.6490734815597534, 0.6503872275352478, 0.6523523330688477, 0.6552725434303284, 0.658729076385498, 0.663439154624939, 0.6685994863510132, 0.6725773811340332, 0.6746520400047302, 0.679145336151123, 0.6841071844100952, 0.6867684125900269, 0.6902050971984863, 0.6947780251502991, 0.6972346901893616, 0.7013351917266846, 0.7033330202102661, 0.7084149718284607, 0.712837278842926, 0.7158299088478088, 0.720697820186615, 0.7260029315948486, 0.7328993678092957, 0.7377893328666687, 0.742752194404602, 0.7481953501701355, 0.7537865042686462, 0.7600423097610474, 0.7651564478874207, 0.7681302428245544, 0.7734075784683228, 0.7801932096481323, 0.7863460779190063, 0.7903999090194702, 0.7955604195594788, 0.8045796155929565, 0.8134799599647522, 0.8227620124816895, 0.8304034471511841, 0.8361597061157227, 0.8428428769111633, 0.8492552638053894, 0.857637345790863, 0.8620678782463074, 0.8658469915390015, 0.8736317157745361, 0.8814311623573303, 0.8868273496627808, 0.8929605484008789, 0.8987146019935608, 0.902797520160675, 0.9123185276985168, 0.918921172618866, 0.9214004278182983, 0.9271330237388611, 0.9309620261192322, 0.9355823993682861, 0.937213122844696, 0.9414317011833191, 0.9418777227401733, 0.9476268291473389, 0.9501169919967651, 0.9559720158576965, 0.9594996571540833, 0.9606526494026184, 0.9615157842636108, 0.9641796946525574, 0.9679226875305176, 0.9721630811691284, 0.9745849370956421, 0.9771966934204102, 0.9839288592338562, 0.9838323593139648, 0.9857226610183716, 0.9863839745521545], "filter_out_rate": [0.0, 0.847457627118644, 1.694915254237288, 2.5423728813559325, 3.389830508474576, 4.23728813559322, 5.084745762711865, 5.932203389830509, 6.779661016949152, 7.627118644067797, 8.47457627118644, 9.322033898305085, 10.16949152542373, 11.016949152542372, 11.864406779661017, 12.711864406779661, 13.559322033898304, 14.40677966101695, 15.254237288135593, 16.101694915254235, 16.94915254237288, 17.796610169491526, 18.64406779661017, 19.491525423728813, 20.33898305084746, 21.1864406779661, 22.033898305084744, 22.88135593220339, 23.728813559322035, 24.576271186440678, 25.423728813559322, 26.27118644067797, 27.11864406779661, 27.966101694915253, 28.8135593220339, 29.66101694915254, 30.508474576271187, 31.35593220338983, 32.20338983050847, 33.05084745762712, 33.89830508474576, 34.74576271186441, 35.59322033898305, 36.440677966101696, 37.28813559322034, 38.13559322033898, 38.983050847457626, 39.83050847457627, 40.67796610169492, 41.52542372881356, 42.3728813559322, 43.22033898305085, 44.06779661016949, 44.91525423728814, 45.76271186440678, 46.61016949152542, 47.45762711864407, 48.30508474576271, 49.152542372881356, 50.0, 50.847457627118644, 51.69491525423729, 52.54237288135594, 53.38983050847458, 54.23728813559322, 55.08474576271186, 55.932203389830505, 56.779661016949156, 57.6271186440678, 58.47457627118644, 59.32203389830508, 60.16949152542372, 61.016949152542374, 61.86440677966102, 62.71186440677966, 63.559322033898304, 64.40677966101694, 65.2542372881356, 66.10169491525424, 66.94915254237289, 67.79661016949152, 68.64406779661016, 69.49152542372882, 70.33898305084746, 71.1864406779661, 72.03389830508475, 72.88135593220339, 73.72881355932203, 74.57627118644068, 75.42372881355932, 76.27118644067797, 77.11864406779661, 77.96610169491525, 78.8135593220339, 79.66101694915254, 80.50847457627118, 81.35593220338984, 82.20338983050848, 83.05084745762711, 83.89830508474576, 84.7457627118644, 85.59322033898306, 86.4406779661017, 87.28813559322035, 88.13559322033898, 88.98305084745762, 89.83050847457628, 90.67796610169492, 91.52542372881356, 92.37288135593221, 93.22033898305084, 94.0677966101695, 94.91525423728814, 95.76271186440678, 96.61016949152543, 97.45762711864407, 98.30508474576271, 99.15254237288136]}