{"ece": 0.02010408188051907, "acc": [0.0, 0.0, 0.18181818181818182, 0.3641025641025641, 0.3975409836065574, 0.5352233676975945, 0.5998080614203455, 0.7451205510907003, 0.8554083885209713, 0.9358974358974359], "conf": [0.0, 0.1800537109375, 0.2528409090909091, 0.35673076923076924, 0.4487704918032787, 0.5399484536082474, 0.6396353166986565, 0.7382319173363949, 0.8421633554083885, 0.9520624303232998]}