{"auprc": 0.9757224321365356, "fpr0": 0.0, "fpr10": 0.0005000000237487257, "fpr20": 0.0010999999940395355, "fpr30": 0.002199999988079071, "fpr40": 0.0035000001080334187, "fpr50": 0.006000000052154064, "fpr60": 0.009999999776482582, "fpr70": 0.017799999564886093, "fpr80": 0.028200000524520874, "fpr90": 0.04349999874830246, "auroc": 0.9800833463668823}