{"ausc": 0.8905072808265686, "accuracies": [0.756911039352417, 0.8060771226882935, 0.8102359771728516, 0.8141539096832275, 0.7746071219444275, 0.823014497756958, 0.8270281553268433, 0.829836905002594, 0.7889956831932068, 0.83807373046875, 0.8414819240570068, 0.8440719842910767, 0.8027188181877136, 0.8478260636329651, 0.8501835465431213, 0.8528285026550293, 0.8120266795158386, 0.8561823964118958, 0.8579050898551941, 0.8608355522155762, 0.821325957775116, 0.8640971183776855, 0.8675340414047241, 0.8715248107910156, 0.8345134258270264, 0.8747418522834778, 0.8767673969268799, 0.8777174353599548, 0.8413488864898682, 0.8795196413993835, 0.8815494179725647, 0.8817706108093262, 0.8462039232254028, 0.8823825120925903, 0.8837248086929321, 0.8843977451324463, 0.8510551452636719, 0.886790931224823, 0.8875265121459961, 0.8884193301200867, 0.8573896884918213, 0.8928858637809753, 0.8934330344200134, 0.8953523635864258, 0.8632712960243225, 0.8980892896652222, 0.8977727890014648, 0.8994747996330261, 0.8689677119255066, 0.9016461372375488, 0.901823878288269, 0.9032209515571594, 0.876210629940033, 0.9080009460449219, 0.909875750541687, 0.9095138907432556, 0.8800238370895386, 0.9105752110481262, 0.9127874970436096, 0.9154303073883057, 0.9148725867271423, 0.8881728053092957, 0.8881294131278992, 0.888543963432312, 0.9168362617492676, 0.8905128836631775, 0.8901841640472412, 0.8923524618148804, 0.9189053773880005, 0.8949838280677795, 0.8973098397254944, 0.9000250697135925, 0.9224318265914917, 0.9024250507354736, 0.9041677713394165, 0.9066718816757202, 0.9282304048538208, 0.9122219681739807, 0.9143563508987427, 0.9151976108551025, 0.9357554912567139, 0.9187286496162415, 0.9222075343132019, 0.923421323299408, 0.9412750601768494, 0.9250584244728088, 0.9293422102928162, 0.9284051656723022, 0.9449662566184998, 0.935869574546814, 0.9344349503517151, 0.9348649978637695, 0.9533098936080933, 0.9390287399291992, 0.9416851997375488, 0.9445917010307312, 0.9572775363922119, 0.9458085298538208, 0.9456982016563416, 0.9499779939651489, 0.9631196856498718, 0.9541189670562744, 0.9536598324775696, 0.9585123062133789, 0.9622464179992676, 0.9610627889633179, 0.9629592895507812, 0.9621499180793762, 0.9596354961395264, 0.9625394940376282, 0.9606610536575317, 0.9589722752571106, 0.9638842940330505, 0.9672605991363525, 0.9667512774467468, 0.970532238483429, 0.9693264961242676, 0.9780729413032532], "filter_out_rate": [0.0, 0.847457627118644, 1.694915254237288, 2.5423728813559325, 3.389830508474576, 4.23728813559322, 5.084745762711865, 5.932203389830509, 6.779661016949152, 7.627118644067797, 8.47457627118644, 9.322033898305085, 10.16949152542373, 11.016949152542372, 11.864406779661017, 12.711864406779661, 13.559322033898304, 14.40677966101695, 15.254237288135593, 16.101694915254235, 16.94915254237288, 17.796610169491526, 18.64406779661017, 19.491525423728813, 20.33898305084746, 21.1864406779661, 22.033898305084744, 22.88135593220339, 23.728813559322035, 24.576271186440678, 25.423728813559322, 26.27118644067797, 27.11864406779661, 27.966101694915253, 28.8135593220339, 29.66101694915254, 30.508474576271187, 31.35593220338983, 32.20338983050847, 33.05084745762712, 33.89830508474576, 34.74576271186441, 35.59322033898305, 36.440677966101696, 37.28813559322034, 38.13559322033898, 38.983050847457626, 39.83050847457627, 40.67796610169492, 41.52542372881356, 42.3728813559322, 43.22033898305085, 44.06779661016949, 44.91525423728814, 45.76271186440678, 46.61016949152542, 47.45762711864407, 48.30508474576271, 49.152542372881356, 50.0, 50.847457627118644, 51.69491525423729, 52.54237288135594, 53.38983050847458, 54.23728813559322, 55.08474576271186, 55.932203389830505, 56.779661016949156, 57.6271186440678, 58.47457627118644, 59.32203389830508, 60.16949152542372, 61.016949152542374, 61.86440677966102, 62.71186440677966, 63.559322033898304, 64.40677966101694, 65.2542372881356, 66.10169491525424, 66.94915254237289, 67.79661016949152, 68.64406779661016, 69.49152542372882, 70.33898305084746, 71.1864406779661, 72.03389830508475, 72.88135593220339, 73.72881355932203, 74.57627118644068, 75.42372881355932, 76.27118644067797, 77.11864406779661, 77.96610169491525, 78.8135593220339, 79.66101694915254, 80.50847457627118, 81.35593220338984, 82.20338983050848, 83.05084745762711, 83.89830508474576, 84.7457627118644, 85.59322033898306, 86.4406779661017, 87.28813559322035, 88.13559322033898, 88.98305084745762, 89.83050847457628, 90.67796610169492, 91.52542372881356, 92.37288135593221, 93.22033898305084, 94.0677966101695, 94.91525423728814, 95.76271186440678, 96.61016949152543, 97.45762711864407, 98.30508474576271, 99.15254237288136]}