auprc,auroc
0.9850667715072632,0.9883172512054443
