{"ece": 0.030212557019766852, "acc": [0.0, 0.1836734693877551, 0.23868613138686132, 0.3393636930754835, 0.4317596566523605, 0.5534591194968553, 0.6235632183908046, 0.6672760511882998, 0.7672849915682968, 0.8351219512195122], "conf": [0.0, 0.17410714285714285, 0.2468978102189781, 0.3390517779164067, 0.43755364806866953, 0.5367924528301887, 0.6364942528735632, 0.7390310786106032, 0.8389544688026982, 0.9473170731707317]}