{"auprc": 0.6805105805397034, "fpr0": 0.0, "fpr10": 0.06350000202655792, "fpr20": 0.11230000108480453, "fpr30": 0.15139999985694885, "fpr40": 0.1914999932050705, "fpr50": 0.22599999606609344, "fpr60": 0.2581999897956848, "fpr70": 0.28769999742507935, "fpr80": 0.31459999084472656, "fpr90": 0.3391000032424927, "auroc": 0.5049331188201904}