{"ausc": 0.7242291569709778, "accuracies": [0.5231370329856873, 0.5253381729125977, 0.5282866358757019, 0.5314871668815613, 0.5334987044334412, 0.535751461982727, 0.5383564233779907, 0.541004478931427, 0.5426281690597534, 0.5448179244995117, 0.5479139089584351, 0.5498575568199158, 0.5527188777923584, 0.5548495054244995, 0.5574674010276794, 0.5597912073135376, 0.5642170310020447, 0.5666435360908508, 0.5680652260780334, 0.5708068609237671, 0.5733618140220642, 0.5754852294921875, 0.5786163210868835, 0.5833944082260132, 0.5855522751808167, 0.5876275300979614, 0.589617908000946, 0.593043863773346, 0.5973076820373535, 0.6013985872268677, 0.6030874252319336, 0.6048109531402588, 0.6089743375778198, 0.6120108366012573, 0.6126568913459778, 0.6166252493858337, 0.6206356287002563, 0.6250602602958679, 0.6277313828468323, 0.629023551940918, 0.632493793964386, 0.6369646191596985, 0.6390087604522705, 0.6415499448776245, 0.6441516876220703, 0.6466071009635925, 0.6514487862586975, 0.6547444462776184, 0.657960057258606, 0.6623972654342651, 0.66480952501297, 0.6681147813796997, 0.671747624874115, 0.676264762878418, 0.6798622012138367, 0.6837313771247864, 0.6871363520622253, 0.6910308599472046, 0.6970589756965637, 0.7032400965690613, 0.7053561210632324, 0.7093756198883057, 0.7128324508666992, 0.7199395895004272, 0.7229790091514587, 0.7284650802612305, 0.7365557551383972, 0.7410116195678711, 0.7478017210960388, 0.7532481551170349, 0.7600579857826233, 0.7648253440856934, 0.7703137993812561, 0.7738117575645447, 0.7797566652297974, 0.787592887878418, 0.7927443385124207, 0.7983672022819519, 0.8065400123596191, 0.8117280602455139, 0.8185348510742188, 0.8239955306053162, 0.8272379636764526, 0.8337359428405762, 0.8407593965530396, 0.8469952344894409, 0.8531888127326965, 0.8624846339225769, 0.873079240322113, 0.8809159398078918, 0.8864007592201233, 0.8905561566352844, 0.8911020159721375, 0.8966745138168335, 0.9070268273353577, 0.9127261638641357, 0.9156574606895447, 0.9173266887664795, 0.9242201447486877, 0.9273267984390259, 0.9315527677536011, 0.9391952157020569, 0.943415105342865, 0.9407513737678528, 0.9460842609405518, 0.9484304785728455, 0.9567495584487915, 0.9565147757530212, 0.9632927179336548, 0.9653295874595642, 0.9677904844284058, 0.9757020473480225, 0.9738873243331909, 0.977891206741333, 0.9806599020957947, 0.9781699776649475, 0.9803515672683716, 0.9772282838821411], "filter_out_rate": [0.0, 0.847457627118644, 1.694915254237288, 2.5423728813559325, 3.389830508474576, 4.23728813559322, 5.084745762711865, 5.932203389830509, 6.779661016949152, 7.627118644067797, 8.47457627118644, 9.322033898305085, 10.16949152542373, 11.016949152542372, 11.864406779661017, 12.711864406779661, 13.559322033898304, 14.40677966101695, 15.254237288135593, 16.101694915254235, 16.94915254237288, 17.796610169491526, 18.64406779661017, 19.491525423728813, 20.33898305084746, 21.1864406779661, 22.033898305084744, 22.88135593220339, 23.728813559322035, 24.576271186440678, 25.423728813559322, 26.27118644067797, 27.11864406779661, 27.966101694915253, 28.8135593220339, 29.66101694915254, 30.508474576271187, 31.35593220338983, 32.20338983050847, 33.05084745762712, 33.89830508474576, 34.74576271186441, 35.59322033898305, 36.440677966101696, 37.28813559322034, 38.13559322033898, 38.983050847457626, 39.83050847457627, 40.67796610169492, 41.52542372881356, 42.3728813559322, 43.22033898305085, 44.06779661016949, 44.91525423728814, 45.76271186440678, 46.61016949152542, 47.45762711864407, 48.30508474576271, 49.152542372881356, 50.0, 50.847457627118644, 51.69491525423729, 52.54237288135594, 53.38983050847458, 54.23728813559322, 55.08474576271186, 55.932203389830505, 56.779661016949156, 57.6271186440678, 58.47457627118644, 59.32203389830508, 60.16949152542372, 61.016949152542374, 61.86440677966102, 62.71186440677966, 63.559322033898304, 64.40677966101694, 65.2542372881356, 66.10169491525424, 66.94915254237289, 67.79661016949152, 68.64406779661016, 69.49152542372882, 70.33898305084746, 71.1864406779661, 72.03389830508475, 72.88135593220339, 73.72881355932203, 74.57627118644068, 75.42372881355932, 76.27118644067797, 77.11864406779661, 77.96610169491525, 78.8135593220339, 79.66101694915254, 80.50847457627118, 81.35593220338984, 82.20338983050848, 83.05084745762711, 83.89830508474576, 84.7457627118644, 85.59322033898306, 86.4406779661017, 87.28813559322035, 88.13559322033898, 88.98305084745762, 89.83050847457628, 90.67796610169492, 91.52542372881356, 92.37288135593221, 93.22033898305084, 94.0677966101695, 94.91525423728814, 95.76271186440678, 96.61016949152543, 97.45762711864407, 98.30508474576271, 99.15254237288136]}