{"ece": 0.0190929682928613, "acc": [0.0, 0.0, 0.27586206896551724, 0.26339285714285715, 0.44851904090267986, 0.5302904564315353, 0.6019047619047619, 0.7009029345372461, 0.8246606334841629, 0.9453758788534343], "conf": [0.0, 0.0, 0.25794719827586204, 0.3549107142857143, 0.44710860366713684, 0.5394190871369294, 0.6409523809523809, 0.7387133182844243, 0.8404977375565611, 0.9502433747971877]}