{"auprc": 0.9622601270675659, "fpr0": 0.0, "fpr10": 0.00039999998989515007, "fpr20": 0.0017000000225380063, "fpr30": 0.003100000089034438, "fpr40": 0.005499999970197678, "fpr50": 0.010700000450015068, "fpr60": 0.017000000923871994, "fpr70": 0.025499999523162842, "fpr80": 0.04010000079870224, "fpr90": 0.062199998646974564, "auroc": 0.9667795896530151}