{"ausc": 0.8748506903648376, "accuracies": [0.7461938858032227, 0.807490348815918, 0.812067449092865, 0.8164102435112, 0.7628204822540283, 0.823014497756958, 0.826502799987793, 0.8302606344223022, 0.7779914140701294, 0.8351649045944214, 0.8387657403945923, 0.8399079442024231, 0.7897878289222717, 0.8419174551963806, 0.844916820526123, 0.8462672829627991, 0.7988781929016113, 0.8508894443511963, 0.8527972102165222, 0.855316162109375, 0.8063720464706421, 0.859082818031311, 0.862107515335083, 0.8637245297431946, 0.8160749673843384, 0.8670649528503418, 0.8676470518112183, 0.8681138157844543, 0.821526825428009, 0.8717843294143677, 0.8734846711158752, 0.8754845857620239, 0.8316971063613892, 0.8775633573532104, 0.8777592778205872, 0.8779473900794983, 0.8363087773323059, 0.8827149868011475, 0.8832646012306213, 0.8852685689926147, 0.844316840171814, 0.8888100981712341, 0.8904925584793091, 0.8929631114006042, 0.8504548668861389, 0.8937872052192688, 0.8946795463562012, 0.897150993347168, 0.8533288240432739, 0.8972797989845276, 0.8972779512405396, 0.8965968489646912, 0.8568280339241028, 0.899604320526123, 0.8999840021133423, 0.8991231918334961, 0.8623617887496948, 0.9025112986564636, 0.9036591649055481, 0.9046536087989807, 0.9047396779060364, 0.867476224899292, 0.8708503842353821, 0.8726227879524231, 0.909436047077179, 0.8760079741477966, 0.8759900331497192, 0.8775600790977478, 0.9135770797729492, 0.8792122006416321, 0.8797476291656494, 0.8802188038825989, 0.912063479423523, 0.8788284063339233, 0.8784486055374146, 0.8805879354476929, 0.9114781618118286, 0.8818170428276062, 0.8822321891784668, 0.8829380869865417, 0.9141494631767273, 0.887417733669281, 0.8861955404281616, 0.8878709673881531, 0.9198492765426636, 0.8895083665847778, 0.8935226202011108, 0.8939332365989685, 0.9225322008132935, 0.8989790678024292, 0.9011358618736267, 0.9056509733200073, 0.9290558099746704, 0.9090631008148193, 0.9101592898368835, 0.9107926487922668, 0.9372662305831909, 0.9164479374885559, 0.9195037484169006, 0.9193281531333923, 0.9401882886886597, 0.918470025062561, 0.9212061762809753, 0.9239336848258972, 0.9239184856414795, 0.9244149327278137, 0.9317805767059326, 0.932848334312439, 0.9336805939674377, 0.9350156784057617, 0.9417385458946228, 0.9455885291099548, 0.9489762783050537, 0.9526910781860352, 0.9514504671096802, 0.9517613053321838, 0.9554334878921509, 0.9519485235214233], "filter_out_rate": [0.0, 0.847457627118644, 1.694915254237288, 2.5423728813559325, 3.389830508474576, 4.23728813559322, 5.084745762711865, 5.932203389830509, 6.779661016949152, 7.627118644067797, 8.47457627118644, 9.322033898305085, 10.16949152542373, 11.016949152542372, 11.864406779661017, 12.711864406779661, 13.559322033898304, 14.40677966101695, 15.254237288135593, 16.101694915254235, 16.94915254237288, 17.796610169491526, 18.64406779661017, 19.491525423728813, 20.33898305084746, 21.1864406779661, 22.033898305084744, 22.88135593220339, 23.728813559322035, 24.576271186440678, 25.423728813559322, 26.27118644067797, 27.11864406779661, 27.966101694915253, 28.8135593220339, 29.66101694915254, 30.508474576271187, 31.35593220338983, 32.20338983050847, 33.05084745762712, 33.89830508474576, 34.74576271186441, 35.59322033898305, 36.440677966101696, 37.28813559322034, 38.13559322033898, 38.983050847457626, 39.83050847457627, 40.67796610169492, 41.52542372881356, 42.3728813559322, 43.22033898305085, 44.06779661016949, 44.91525423728814, 45.76271186440678, 46.61016949152542, 47.45762711864407, 48.30508474576271, 49.152542372881356, 50.0, 50.847457627118644, 51.69491525423729, 52.54237288135594, 53.38983050847458, 54.23728813559322, 55.08474576271186, 55.932203389830505, 56.779661016949156, 57.6271186440678, 58.47457627118644, 59.32203389830508, 60.16949152542372, 61.016949152542374, 61.86440677966102, 62.71186440677966, 63.559322033898304, 64.40677966101694, 65.2542372881356, 66.10169491525424, 66.94915254237289, 67.79661016949152, 68.64406779661016, 69.49152542372882, 70.33898305084746, 71.1864406779661, 72.03389830508475, 72.88135593220339, 73.72881355932203, 74.57627118644068, 75.42372881355932, 76.27118644067797, 77.11864406779661, 77.96610169491525, 78.8135593220339, 79.66101694915254, 80.50847457627118, 81.35593220338984, 82.20338983050848, 83.05084745762711, 83.89830508474576, 84.7457627118644, 85.59322033898306, 86.4406779661017, 87.28813559322035, 88.13559322033898, 88.98305084745762, 89.83050847457628, 90.67796610169492, 91.52542372881356, 92.37288135593221, 93.22033898305084, 94.0677966101695, 94.91525423728814, 95.76271186440678, 96.61016949152543, 97.45762711864407, 98.30508474576271, 99.15254237288136]}