{"ece": 0.09520344356297274, "acc": [0.0, 0.0, 0.125, 0.25806451612903225, 0.3588235294117647, 0.4783783783783784, 0.5414507772020726, 0.6701570680628273, 0.7123552123552124, 0.8541484716157205], "conf": [0.0, 0.0, 0.257568359375, 0.3550907258064516, 0.4488970588235294, 0.5415540540540541, 0.6398963730569949, 0.7414921465968587, 0.8426640926640927, 0.9510917030567686]}