{"auprc": 0.9701560735702515, "fpr0": 0.0, "fpr10": 0.00019999999494757503, "fpr20": 0.0006000000284984708, "fpr30": 0.0010999999940395355, "fpr40": 0.0024999999441206455, "fpr50": 0.00430000014603138, "fpr60": 0.007600000128149986, "fpr70": 0.013299999758601189, "fpr80": 0.024900000542402267, "fpr90": 0.05119999870657921, "auroc": 0.9700008630752563}