{"ausc": 0.9629154801368713, "accuracies": [0.8739984035491943, 0.8781545758247375, 0.8809524178504944, 0.8845127820968628, 0.8879238963127136, 0.8903481960296631, 0.8941781520843506, 0.8969061374664307, 0.8990384340286255, 0.9020684957504272, 0.9049326777458191, 0.906640350818634, 0.9090406894683838, 0.9129319787025452, 0.914417564868927, 0.9169503450393677, 0.9181547164916992, 0.9216909408569336, 0.9244754314422607, 0.9269583225250244, 0.9282957315444946, 0.9294227361679077, 0.9322643876075745, 0.9357706904411316, 0.9381116032600403, 0.9402491450309753, 0.9433082342147827, 0.9460471868515015, 0.9485845565795898, 0.9502667188644409, 0.9523769021034241, 0.953868567943573, 0.9557916522026062, 0.9581602811813354, 0.9608449935913086, 0.9627537131309509, 0.9631816148757935, 0.9660122394561768, 0.9673387408256531, 0.9692729115486145, 0.9716994166374207, 0.9725457429885864, 0.9726713299751282, 0.9741446375846863, 0.9758129715919495, 0.9762758016586304, 0.9771012663841248, 0.9791800379753113, 0.9808441400527954, 0.9815700054168701, 0.9829739332199097, 0.9840724468231201, 0.9843629002571106, 0.9851871132850647, 0.9865541458129883, 0.9876031875610352, 0.9884953498840332, 0.9890465140342712, 0.989773690700531, 0.9902001619338989, 0.9910023212432861, 0.9912459254264832, 0.9919331073760986, 0.9924273490905762, 0.9931124448776245, 0.9934120178222656, 0.9935142397880554, 0.9953012466430664, 0.995225191116333, 0.9951507449150085, 0.9952946305274963, 0.9959063529968262, 0.9962985515594482, 0.9962394833564758, 0.9968815445899963, 0.9970595240592957, 0.9969973564147949, 0.9972044229507446, 0.9979273676872253, 0.9978786110877991, 0.9983623027801514, 0.9983331561088562, 0.99857497215271, 0.9988338947296143, 0.9988067746162415, 0.9990838766098022, 0.9990615844726562, 0.9990381002426147, 0.9990220665931702, 0.9989964365959167, 0.9996626377105713, 0.9996535181999207, 0.999643862247467, 0.9996336698532104, 0.9996229410171509, 0.999611496925354, 0.9995993375778198, 0.9995864629745483, 0.9995726346969604, 1.0, 1.0, 1.0, 1.0, 1.0, 1.0, 1.0, 1.0, 1.0, 1.0, 1.0, 1.0, 1.0, 1.0, 1.0, 1.0, 1.0, 1.0, 1.0], "filter_out_rate": [0.0, 0.847457627118644, 1.694915254237288, 2.5423728813559325, 3.389830508474576, 4.23728813559322, 5.084745762711865, 5.932203389830509, 6.779661016949152, 7.627118644067797, 8.47457627118644, 9.322033898305085, 10.16949152542373, 11.016949152542372, 11.864406779661017, 12.711864406779661, 13.559322033898304, 14.40677966101695, 15.254237288135593, 16.101694915254235, 16.94915254237288, 17.796610169491526, 18.64406779661017, 19.491525423728813, 20.33898305084746, 21.1864406779661, 22.033898305084744, 22.88135593220339, 23.728813559322035, 24.576271186440678, 25.423728813559322, 26.27118644067797, 27.11864406779661, 27.966101694915253, 28.8135593220339, 29.66101694915254, 30.508474576271187, 31.35593220338983, 32.20338983050847, 33.05084745762712, 33.89830508474576, 34.74576271186441, 35.59322033898305, 36.440677966101696, 37.28813559322034, 38.13559322033898, 38.983050847457626, 39.83050847457627, 40.67796610169492, 41.52542372881356, 42.3728813559322, 43.22033898305085, 44.06779661016949, 44.91525423728814, 45.76271186440678, 46.61016949152542, 47.45762711864407, 48.30508474576271, 49.152542372881356, 50.0, 50.847457627118644, 51.69491525423729, 52.54237288135594, 53.38983050847458, 54.23728813559322, 55.08474576271186, 55.932203389830505, 56.779661016949156, 57.6271186440678, 58.47457627118644, 59.32203389830508, 60.16949152542372, 61.016949152542374, 61.86440677966102, 62.71186440677966, 63.559322033898304, 64.40677966101694, 65.2542372881356, 66.10169491525424, 66.94915254237289, 67.79661016949152, 68.64406779661016, 69.49152542372882, 70.33898305084746, 71.1864406779661, 72.03389830508475, 72.88135593220339, 73.72881355932203, 74.57627118644068, 75.42372881355932, 76.27118644067797, 77.11864406779661, 77.96610169491525, 78.8135593220339, 79.66101694915254, 80.50847457627118, 81.35593220338984, 82.20338983050848, 83.05084745762711, 83.89830508474576, 84.7457627118644, 85.59322033898306, 86.4406779661017, 87.28813559322035, 88.13559322033898, 88.98305084745762, 89.83050847457628, 90.67796610169492, 91.52542372881356, 92.37288135593221, 93.22033898305084, 94.0677966101695, 94.91525423728814, 95.76271186440678, 96.61016949152543, 97.45762711864407, 98.30508474576271, 99.15254237288136]}