{"ece": 0.035535296884698905, "acc": [0.0, 0.0, 0.5, 0.4714285714285714, 0.47706422018348627, 0.6325581395348837, 0.7414330218068536, 0.8287037037037037, 0.8738738738738738, 0.9522049765952205], "conf": [0.0, 0.0, 0.280029296875, 0.36361607142857144, 0.4518348623853211, 0.5482558139534883, 0.6479750778816199, 0.7476851851851852, 0.8468468468468469, 0.9637841832963784]}