{
    "train_accuracy": 0.9895833333333334,
    "train_map_r": 0.9839793575853137,
    "val_accuracy": 0.8741818199769039,
    "val_map_r": 0.8132624783622,
    "test_accuracy": 0.8612343291881509,
    "test_map_r": 0.8005294040115443,
    "train_loss": 0.24782880892356238,
    "val_loss": 0.6996509206104786,
    "train_loss_kl": 12.306380111694336,
    "val_loss_kl": 12.44689122666704
}