{"ausc": 0.8759739995002747, "accuracies": [0.8663973808288574, 0.8706936836242676, 0.8712965846061707, 0.8709034323692322, 0.870295524597168, 0.8716334104537964, 0.8715591430664062, 0.87202388048172, 0.8726849555969238, 0.8739830255508423, 0.8745238184928894, 0.874052107334137, 0.8735330104827881, 0.8731260895729065, 0.8740742206573486, 0.8752872943878174, 0.8765724301338196, 0.8775956630706787, 0.8784297108650208, 0.8788465857505798, 0.8799219131469727, 0.8802445530891418, 0.8804060220718384, 0.8803578019142151, 0.8823549151420593, 0.8847862482070923, 0.8866593837738037, 0.8849784731864929, 0.8867830038070679, 0.8873472213745117, 0.8895837068557739, 0.8917327523231506, 0.8936489820480347, 0.8946748375892639, 0.8970100283622742, 0.897886335849762, 0.8991622924804688, 0.8999645709991455, 0.902212381362915, 0.9062893986701965, 0.9081167578697205, 0.907435417175293, 0.9085912704467773, 0.9113970994949341, 0.9139032363891602, 0.9140625, 0.9200789332389832, 0.9238247275352478, 0.9289401173591614, 0.9294924736022949, 0.9345431923866272, 0.9377546906471252, 0.946618378162384, 0.9550401568412781], "filter_out_rate": [0.0, 1.8518518518518516, 3.7037037037037033, 5.555555555555555, 7.4074074074074066, 9.25925925925926, 11.11111111111111, 12.962962962962962, 14.814814814814813, 16.666666666666664, 18.51851851851852, 20.37037037037037, 22.22222222222222, 24.074074074074073, 25.925925925925924, 27.77777777777778, 29.629629629629626, 31.48148148148148, 33.33333333333333, 35.18518518518518, 37.03703703703704, 38.88888888888889, 40.74074074074074, 42.592592592592595, 44.44444444444444, 46.2962962962963, 48.148148148148145, 50.0, 51.85185185185185, 53.70370370370371, 55.55555555555556, 57.407407407407405, 59.25925925925925, 61.111111111111114, 62.96296296296296, 64.81481481481481, 66.66666666666666, 68.51851851851852, 70.37037037037037, 72.22222222222221, 74.07407407407408, 75.92592592592592, 77.77777777777779, 79.62962962962963, 81.48148148148148, 83.33333333333334, 85.18518518518519, 87.03703703703704, 88.88888888888889, 90.74074074074075, 92.5925925925926, 94.44444444444444, 96.29629629629629, 98.14814814814815]}