{"ece": 0.1318649354272959, "acc": [0.0, 0.0, 0.0, 0.21428571428571427, 0.3619047619047619, 0.47703180212014135, 0.5247524752475248, 0.6126760563380281, 0.6910755148741419, 0.798810703666997], "conf": [0.0, 0.0, 0.280029296875, 0.35853794642857145, 0.4488095238095238, 0.5406360424028268, 0.641914191419142, 0.7389964788732394, 0.8403890160183066, 0.9524281466798811]}