{"auprc": 0.9534898996353149, "fpr0": 0.0, "fpr10": 0.0010000000474974513, "fpr20": 0.002400000113993883, "fpr30": 0.005400000140070915, "fpr40": 0.008799999952316284, "fpr50": 0.0142000000923872, "fpr60": 0.021700000390410423, "fpr70": 0.03180000185966492, "fpr80": 0.04859999939799309, "fpr90": 0.07240000367164612, "auroc": 0.9611179828643799}