{"ausc": 0.9641534686088562, "accuracies": [0.8923277258872986, 0.896426260471344, 0.900590181350708, 0.9029743671417236, 0.9055003523826599, 0.9078591465950012, 0.9105716347694397, 0.912693440914154, 0.9149572849273682, 0.9170437455177307, 0.9193829298019409, 0.9224194288253784, 0.9245138168334961, 0.9278708100318909, 0.9301620721817017, 0.9323802590370178, 0.9347527623176575, 0.9370524883270264, 0.9382284283638, 0.9411901831626892, 0.943613588809967, 0.9450036287307739, 0.9470246434211731, 0.9473748803138733, 0.9490877985954285, 0.9505850672721863, 0.952614426612854, 0.9551916718482971, 0.9552499651908875, 0.9568698406219482, 0.9579995274543762, 0.9588841199874878, 0.9593905210494995, 0.9616633653640747, 0.9628921747207642, 0.9640108942985535, 0.9650130867958069, 0.9660342335700989, 0.967507004737854, 0.9681516885757446, 0.969246506690979, 0.9715470671653748, 0.9734522700309753, 0.9746425151824951, 0.9752600193023682, 0.9772729873657227, 0.977611243724823, 0.9781318306922913, 0.9785012602806091, 0.980013906955719, 0.9804040789604187, 0.9804820418357849, 0.9810682535171509, 0.9821804761886597, 0.9836692810058594, 0.9843230843544006, 0.9840943813323975, 0.9851336479187012, 0.9856530427932739, 0.9854440689086914, 0.9861688613891602, 0.9861558675765991, 0.9865188598632812, 0.9868987798690796, 0.987493634223938, 0.9881077408790588, 0.9885314702987671, 0.9889723658561707, 0.9896342754364014, 0.9896742105484009, 0.9903861880302429, 0.9904280304908752, 0.9904792904853821, 0.9910116195678711, 0.9918012619018555, 0.9919047355651855, 0.9922494888305664, 0.9921005368232727, 0.9929818511009216, 0.993098258972168, 0.9932307600975037, 0.9933514595031738, 0.9932107925415039, 0.9942305088043213, 0.9946871995925903, 0.9945619106292725, 0.9944068789482117, 0.9948854446411133, 0.994763195514679, 0.9949720501899719, 0.9948004484176636, 0.9942992925643921, 0.9937699437141418, 0.9935757517814636, 0.9932955503463745, 0.993840754032135, 0.9936966300010681, 0.9948088526725769, 0.9945908784866333, 0.9949143528938293, 0.994705080986023, 0.9949641823768616, 0.9942631125450134, 0.9955662488937378, 0.9966214299201965, 0.997106671333313, 0.9969697594642639, 0.9968189597129822, 0.9973646402359009, 0.9972215294837952, 0.9984917044639587, 0.9983974099159241, 0.9983440041542053, 0.9980980157852173, 0.9969592094421387, 0.996697723865509, 0.9987179636955261, 0.9985754489898682], "filter_out_rate": [0.0, 0.847457627118644, 1.694915254237288, 2.5423728813559325, 3.389830508474576, 4.23728813559322, 5.084745762711865, 5.932203389830509, 6.779661016949152, 7.627118644067797, 8.47457627118644, 9.322033898305085, 10.16949152542373, 11.016949152542372, 11.864406779661017, 12.711864406779661, 13.559322033898304, 14.40677966101695, 15.254237288135593, 16.101694915254235, 16.94915254237288, 17.796610169491526, 18.64406779661017, 19.491525423728813, 20.33898305084746, 21.1864406779661, 22.033898305084744, 22.88135593220339, 23.728813559322035, 24.576271186440678, 25.423728813559322, 26.27118644067797, 27.11864406779661, 27.966101694915253, 28.8135593220339, 29.66101694915254, 30.508474576271187, 31.35593220338983, 32.20338983050847, 33.05084745762712, 33.89830508474576, 34.74576271186441, 35.59322033898305, 36.440677966101696, 37.28813559322034, 38.13559322033898, 38.983050847457626, 39.83050847457627, 40.67796610169492, 41.52542372881356, 42.3728813559322, 43.22033898305085, 44.06779661016949, 44.91525423728814, 45.76271186440678, 46.61016949152542, 47.45762711864407, 48.30508474576271, 49.152542372881356, 50.0, 50.847457627118644, 51.69491525423729, 52.54237288135594, 53.38983050847458, 54.23728813559322, 55.08474576271186, 55.932203389830505, 56.779661016949156, 57.6271186440678, 58.47457627118644, 59.32203389830508, 60.16949152542372, 61.016949152542374, 61.86440677966102, 62.71186440677966, 63.559322033898304, 64.40677966101694, 65.2542372881356, 66.10169491525424, 66.94915254237289, 67.79661016949152, 68.64406779661016, 69.49152542372882, 70.33898305084746, 71.1864406779661, 72.03389830508475, 72.88135593220339, 73.72881355932203, 74.57627118644068, 75.42372881355932, 76.27118644067797, 77.11864406779661, 77.96610169491525, 78.8135593220339, 79.66101694915254, 80.50847457627118, 81.35593220338984, 82.20338983050848, 83.05084745762711, 83.89830508474576, 84.7457627118644, 85.59322033898306, 86.4406779661017, 87.28813559322035, 88.13559322033898, 88.98305084745762, 89.83050847457628, 90.67796610169492, 91.52542372881356, 92.37288135593221, 93.22033898305084, 94.0677966101695, 94.91525423728814, 95.76271186440678, 96.61016949152543, 97.45762711864407, 98.30508474576271, 99.15254237288136]}