auprc,auroc
0.4393000900745392,0.6835096478462219
