{"ece": 0.07737762237762238, "acc": [0.0, 0.1837837837837838, 0.2535211267605634, 0.3434518647007806, 0.40396530359355637, 0.52, 0.5613718411552346, 0.6024096385542169, 0.6144781144781145, 0.7210473313192346], "conf": [0.0, 0.17297297297297298, 0.2423453766074709, 0.33434518647007805, 0.436183395291202, 0.5384615384615384, 0.641245487364621, 0.7396729776247849, 0.8400673400673401, 0.9491440080563948]}