{"auprc": 0.6419958472251892, "fpr0": 0.0, "fpr10": 0.08169999718666077, "fpr20": 0.1509000062942505, "fpr30": 0.20960000157356262, "fpr40": 0.25929999351501465, "fpr50": 0.2994000017642975, "fpr60": 0.3366999924182892, "fpr70": 0.3709000051021576, "fpr80": 0.3991999924182892, "fpr90": 0.42500001192092896, "auroc": 0.4482220709323883}