{"ausc": 0.7121337056159973, "accuracies": [0.5055088400840759, 0.5071673393249512, 0.5100732445716858, 0.5126153230667114, 0.5154052972793579, 0.5184490084648132, 0.5219630002975464, 0.5238398313522339, 0.5267093777656555, 0.52908855676651, 0.5306388735771179, 0.5333114266395569, 0.535366952419281, 0.5385730266571045, 0.5414979457855225, 0.5432266592979431, 0.5463598966598511, 0.5495495200157166, 0.5510489344596863, 0.5533992052078247, 0.5574549436569214, 0.559908926486969, 0.5631349682807922, 0.5659341216087341, 0.569649875164032, 0.5714463591575623, 0.574032187461853, 0.5797156095504761, 0.5832051038742065, 0.5867651104927063, 0.5897436141967773, 0.5915939807891846, 0.5930822491645813, 0.5966261625289917, 0.6001091003417969, 0.6033912301063538, 0.6063266396522522, 0.6097491979598999, 0.613247811794281, 0.6161048412322998, 0.619609534740448, 0.624373733997345, 0.62626713514328, 0.6289592981338501, 0.6327838897705078, 0.6359283328056335, 0.6397747993469238, 0.6442782282829285, 0.6504096984863281, 0.654751181602478, 0.6588305830955505, 0.6627254486083984, 0.6667251586914062, 0.6696304678916931, 0.6745222806930542, 0.6776137948036194, 0.6806885004043579, 0.6853764057159424, 0.6901630163192749, 0.694474458694458, 0.697907567024231, 0.7025304436683655, 0.7078985571861267, 0.708817183971405, 0.7141934633255005, 0.7182408571243286, 0.7208046913146973, 0.7271350026130676, 0.7339168190956116, 0.7385868430137634, 0.7443596124649048, 0.7518840432167053, 0.7579982280731201, 0.7628446817398071, 0.7719218134880066, 0.7817718386650085, 0.7878184914588928, 0.7947615385055542, 0.8039865493774414, 0.8116998672485352, 0.8141900300979614, 0.8197470903396606, 0.8258016705513, 0.8306986689567566, 0.8336746096611023, 0.8389340043067932, 0.843531608581543, 0.8498440980911255, 0.8596785068511963, 0.8625348210334778, 0.8654778599739075, 0.8707852363586426, 0.8777412176132202, 0.8846651911735535, 0.8909085392951965, 0.8944308757781982, 0.8955122828483582, 0.8995261788368225, 0.906223714351654, 0.909391462802887, 0.912406325340271, 0.9180293083190918, 0.9220332503318787, 0.9279803037643433, 0.9324572682380676, 0.9369296431541443, 0.9441829323768616, 0.9505237936973572, 0.9534209966659546, 0.9558248519897461, 0.9586010575294495, 0.9632106423377991, 0.966600775718689, 0.9698190689086914, 0.9740620255470276, 0.9762994647026062, 0.9776062369346619, 0.9785353541374207], "filter_out_rate": [0.0, 0.847457627118644, 1.694915254237288, 2.5423728813559325, 3.389830508474576, 4.23728813559322, 5.084745762711865, 5.932203389830509, 6.779661016949152, 7.627118644067797, 8.47457627118644, 9.322033898305085, 10.16949152542373, 11.016949152542372, 11.864406779661017, 12.711864406779661, 13.559322033898304, 14.40677966101695, 15.254237288135593, 16.101694915254235, 16.94915254237288, 17.796610169491526, 18.64406779661017, 19.491525423728813, 20.33898305084746, 21.1864406779661, 22.033898305084744, 22.88135593220339, 23.728813559322035, 24.576271186440678, 25.423728813559322, 26.27118644067797, 27.11864406779661, 27.966101694915253, 28.8135593220339, 29.66101694915254, 30.508474576271187, 31.35593220338983, 32.20338983050847, 33.05084745762712, 33.89830508474576, 34.74576271186441, 35.59322033898305, 36.440677966101696, 37.28813559322034, 38.13559322033898, 38.983050847457626, 39.83050847457627, 40.67796610169492, 41.52542372881356, 42.3728813559322, 43.22033898305085, 44.06779661016949, 44.91525423728814, 45.76271186440678, 46.61016949152542, 47.45762711864407, 48.30508474576271, 49.152542372881356, 50.0, 50.847457627118644, 51.69491525423729, 52.54237288135594, 53.38983050847458, 54.23728813559322, 55.08474576271186, 55.932203389830505, 56.779661016949156, 57.6271186440678, 58.47457627118644, 59.32203389830508, 60.16949152542372, 61.016949152542374, 61.86440677966102, 62.71186440677966, 63.559322033898304, 64.40677966101694, 65.2542372881356, 66.10169491525424, 66.94915254237289, 67.79661016949152, 68.64406779661016, 69.49152542372882, 70.33898305084746, 71.1864406779661, 72.03389830508475, 72.88135593220339, 73.72881355932203, 74.57627118644068, 75.42372881355932, 76.27118644067797, 77.11864406779661, 77.96610169491525, 78.8135593220339, 79.66101694915254, 80.50847457627118, 81.35593220338984, 82.20338983050848, 83.05084745762711, 83.89830508474576, 84.7457627118644, 85.59322033898306, 86.4406779661017, 87.28813559322035, 88.13559322033898, 88.98305084745762, 89.83050847457628, 90.67796610169492, 91.52542372881356, 92.37288135593221, 93.22033898305084, 94.0677966101695, 94.91525423728814, 95.76271186440678, 96.61016949152543, 97.45762711864407, 98.30508474576271, 99.15254237288136]}