{"ece": 0.03656308925204273, "acc": [0.0, 0.14516129032258066, 0.2530959752321981, 0.3185840707964602, 0.4397537379067722, 0.5362997658079626, 0.6133720930232558, 0.6775631500742942, 0.7320872274143302, 0.8265835929387332], "conf": [0.0, 0.17225302419354838, 0.24729102167182662, 0.33723135271807836, 0.43733509234828494, 0.5386416861826698, 0.6402616279069767, 0.7403417533432393, 0.839563862928349, 0.9470404984423676]}