{"auprc": 0.6770513653755188, "fpr0": 0.0, "fpr10": 0.06440000236034393, "fpr20": 0.11389999836683273, "fpr30": 0.1573999971151352, "fpr40": 0.19449999928474426, "fpr50": 0.22990000247955322, "fpr60": 0.26249998807907104, "fpr70": 0.29339998960494995, "fpr80": 0.32330000400543213, "fpr90": 0.3467000126838684, "auroc": 0.5011018514633179}