{"ausc": 0.7198825478553772, "accuracies": [0.5190304517745972, 0.5216030478477478, 0.5250305533409119, 0.5272820591926575, 0.5303969979286194, 0.5323118567466736, 0.5348885655403137, 0.536660373210907, 0.5391025543212891, 0.542016863822937, 0.5449804663658142, 0.5462415218353271, 0.5497347116470337, 0.5513935685157776, 0.5535312294960022, 0.5572952032089233, 0.560554027557373, 0.5630630850791931, 0.565967321395874, 0.5695130825042725, 0.5747862458229065, 0.5774023532867432, 0.579946756362915, 0.5822955369949341, 0.586168646812439, 0.588249921798706, 0.5922574400901794, 0.5943132638931274, 0.5967947840690613, 0.5993266701698303, 0.6029565334320068, 0.6063970327377319, 0.6091079115867615, 0.6121457815170288, 0.6145662665367126, 0.617866039276123, 0.6191471815109253, 0.6210200190544128, 0.624643862247467, 0.6274848580360413, 0.6287878751754761, 0.6332153677940369, 0.6355098485946655, 0.6384615302085876, 0.642246663570404, 0.6464318633079529, 0.6513445973396301, 0.6562203168869019, 0.6595808863639832, 0.6611136198043823, 0.6641073226928711, 0.6691685318946838, 0.6729105114936829, 0.6755279302597046, 0.6794135570526123, 0.6837778091430664, 0.6877508163452148, 0.6918433904647827, 0.6958698630332947, 0.7001551389694214, 0.7058767676353455, 0.7107498049736023, 0.7153686881065369, 0.7200032472610474, 0.7209905982017517, 0.7261795401573181, 0.7306054830551147, 0.7320887446403503, 0.7375642657279968, 0.7430624961853027, 0.7502676248550415, 0.755543053150177, 0.7615864276885986, 0.7661635279655457, 0.7713547348976135, 0.7773188352584839, 0.7841232419013977, 0.7895687818527222, 0.7956727147102356, 0.8011671900749207, 0.810852587223053, 0.8187380433082581, 0.8286924362182617, 0.8343414068222046, 0.8414973020553589, 0.8478111624717712, 0.8530590534210205, 0.8584170341491699, 0.8669415712356567, 0.8741369247436523, 0.8802846074104309, 0.8860141038894653, 0.8919646143913269, 0.8974044919013977, 0.9050895571708679, 0.9074646234512329, 0.9110630750656128, 0.9163973927497864, 0.9198707938194275, 0.9251672029495239, 0.9262630939483643, 0.9286023378372192, 0.9296538233757019, 0.9292178153991699, 0.9355894923210144, 0.9377546310424805, 0.9409083127975464, 0.9436231851577759, 0.9465270638465881, 0.9531763792037964, 0.9532319903373718, 0.954279363155365, 0.9562265276908875, 0.9568812251091003, 0.9594671726226807, 0.9620564579963684, 0.9645103812217712, 0.9726172089576721], "filter_out_rate": [0.0, 0.847457627118644, 1.694915254237288, 2.5423728813559325, 3.389830508474576, 4.23728813559322, 5.084745762711865, 5.932203389830509, 6.779661016949152, 7.627118644067797, 8.47457627118644, 9.322033898305085, 10.16949152542373, 11.016949152542372, 11.864406779661017, 12.711864406779661, 13.559322033898304, 14.40677966101695, 15.254237288135593, 16.101694915254235, 16.94915254237288, 17.796610169491526, 18.64406779661017, 19.491525423728813, 20.33898305084746, 21.1864406779661, 22.033898305084744, 22.88135593220339, 23.728813559322035, 24.576271186440678, 25.423728813559322, 26.27118644067797, 27.11864406779661, 27.966101694915253, 28.8135593220339, 29.66101694915254, 30.508474576271187, 31.35593220338983, 32.20338983050847, 33.05084745762712, 33.89830508474576, 34.74576271186441, 35.59322033898305, 36.440677966101696, 37.28813559322034, 38.13559322033898, 38.983050847457626, 39.83050847457627, 40.67796610169492, 41.52542372881356, 42.3728813559322, 43.22033898305085, 44.06779661016949, 44.91525423728814, 45.76271186440678, 46.61016949152542, 47.45762711864407, 48.30508474576271, 49.152542372881356, 50.0, 50.847457627118644, 51.69491525423729, 52.54237288135594, 53.38983050847458, 54.23728813559322, 55.08474576271186, 55.932203389830505, 56.779661016949156, 57.6271186440678, 58.47457627118644, 59.32203389830508, 60.16949152542372, 61.016949152542374, 61.86440677966102, 62.71186440677966, 63.559322033898304, 64.40677966101694, 65.2542372881356, 66.10169491525424, 66.94915254237289, 67.79661016949152, 68.64406779661016, 69.49152542372882, 70.33898305084746, 71.1864406779661, 72.03389830508475, 72.88135593220339, 73.72881355932203, 74.57627118644068, 75.42372881355932, 76.27118644067797, 77.11864406779661, 77.96610169491525, 78.8135593220339, 79.66101694915254, 80.50847457627118, 81.35593220338984, 82.20338983050848, 83.05084745762711, 83.89830508474576, 84.7457627118644, 85.59322033898306, 86.4406779661017, 87.28813559322035, 88.13559322033898, 88.98305084745762, 89.83050847457628, 90.67796610169492, 91.52542372881356, 92.37288135593221, 93.22033898305084, 94.0677966101695, 94.91525423728814, 95.76271186440678, 96.61016949152543, 97.45762711864407, 98.30508474576271, 99.15254237288136]}