{"ece": 0.04987501633773364, "acc": [0.0, 0.15104166666666666, 0.2601823708206687, 0.365016501650165, 0.46440677966101696, 0.5089163237311386, 0.5918727915194346, 0.6618705035971223, 0.7542087542087542, 0.8059855521155831], "conf": [0.0, 0.17366536458333334, 0.2445288753799392, 0.3348184818481848, 0.4364406779661017, 0.5377229080932785, 0.6395759717314488, 0.7401079136690647, 0.8392255892255892, 0.9494324045407637]}