{"auprc": 0.6265244483947754, "fpr0": 0.0, "fpr10": 0.08609999716281891, "fpr20": 0.15639999508857727, "fpr30": 0.21490000188350677, "fpr40": 0.2669000029563904, "fpr50": 0.31220000982284546, "fpr60": 0.3521000146865845, "fpr70": 0.38440001010894775, "fpr80": 0.4163999855518341, "fpr90": 0.44519999623298645, "auroc": 0.40765413641929626}