{"ausc": 0.7058831453323364, "accuracies": [0.5168269276618958, 0.518574595451355, 0.5212658643722534, 0.5224615335464478, 0.5245037078857422, 0.526370644569397, 0.5280579924583435, 0.5311506986618042, 0.5317307710647583, 0.535121738910675, 0.537592351436615, 0.5403243899345398, 0.5419982671737671, 0.5451504588127136, 0.5466711521148682, 0.5477649569511414, 0.5491071343421936, 0.5523215532302856, 0.5544288754463196, 0.5571630001068115, 0.5610162019729614, 0.5632638335227966, 0.5650700926780701, 0.5678877234458923, 0.5686637163162231, 0.5709484219551086, 0.5727752447128296, 0.5747194886207581, 0.5763649344444275, 0.5806335806846619, 0.5836812853813171, 0.5862617492675781, 0.589830756187439, 0.5929350852966309, 0.5968695282936096, 0.599564254283905, 0.6028779745101929, 0.6045709252357483, 0.608588695526123, 0.6105294227600098, 0.6144083738327026, 0.616902768611908, 0.619157075881958, 0.6210083961486816, 0.6245862245559692, 0.6268602013587952, 0.6307548880577087, 0.633479654788971, 0.6377130150794983, 0.6399437785148621, 0.6426629424095154, 0.6483428478240967, 0.6514776945114136, 0.6563571095466614, 0.6603347063064575, 0.6610004305839539, 0.663737416267395, 0.6688206791877747, 0.6730743050575256, 0.676252007484436, 0.6815977096557617, 0.6851696968078613, 0.6904458999633789, 0.6943663954734802, 0.6992775201797485, 0.705718994140625, 0.7091655135154724, 0.7150728106498718, 0.7166956663131714, 0.7217963933944702, 0.7289000153541565, 0.730636715888977, 0.7369077205657959, 0.7412601709365845, 0.7458338737487793, 0.7528562545776367, 0.7631245255470276, 0.7693831920623779, 0.7798014283180237, 0.7884377837181091, 0.794642984867096, 0.8020781874656677, 0.8115992546081543, 0.8182975649833679, 0.8239906430244446, 0.8332215547561646, 0.8408949375152588, 0.8450566530227661, 0.8505370020866394, 0.8571560978889465, 0.8583608865737915, 0.8660310506820679, 0.8715922832489014, 0.8768315315246582, 0.8840773105621338, 0.892025887966156, 0.896405816078186, 0.9022233486175537, 0.9067272543907166, 0.9109135866165161, 0.9144443869590759, 0.9203797578811646, 0.9207202196121216, 0.92390376329422, 0.9330345392227173, 0.9383929371833801, 0.9437236189842224, 0.9492504596710205, 0.9508864283561707, 0.9541544914245605, 0.9516639709472656, 0.9582791328430176, 0.9619218707084656, 0.9632737636566162, 0.9616791009902954, 0.9746661186218262, 0.9736462831497192, 0.973952054977417], "filter_out_rate": [0.0, 0.847457627118644, 1.694915254237288, 2.5423728813559325, 3.389830508474576, 4.23728813559322, 5.084745762711865, 5.932203389830509, 6.779661016949152, 7.627118644067797, 8.47457627118644, 9.322033898305085, 10.16949152542373, 11.016949152542372, 11.864406779661017, 12.711864406779661, 13.559322033898304, 14.40677966101695, 15.254237288135593, 16.101694915254235, 16.94915254237288, 17.796610169491526, 18.64406779661017, 19.491525423728813, 20.33898305084746, 21.1864406779661, 22.033898305084744, 22.88135593220339, 23.728813559322035, 24.576271186440678, 25.423728813559322, 26.27118644067797, 27.11864406779661, 27.966101694915253, 28.8135593220339, 29.66101694915254, 30.508474576271187, 31.35593220338983, 32.20338983050847, 33.05084745762712, 33.89830508474576, 34.74576271186441, 35.59322033898305, 36.440677966101696, 37.28813559322034, 38.13559322033898, 38.983050847457626, 39.83050847457627, 40.67796610169492, 41.52542372881356, 42.3728813559322, 43.22033898305085, 44.06779661016949, 44.91525423728814, 45.76271186440678, 46.61016949152542, 47.45762711864407, 48.30508474576271, 49.152542372881356, 50.0, 50.847457627118644, 51.69491525423729, 52.54237288135594, 53.38983050847458, 54.23728813559322, 55.08474576271186, 55.932203389830505, 56.779661016949156, 57.6271186440678, 58.47457627118644, 59.32203389830508, 60.16949152542372, 61.016949152542374, 61.86440677966102, 62.71186440677966, 63.559322033898304, 64.40677966101694, 65.2542372881356, 66.10169491525424, 66.94915254237289, 67.79661016949152, 68.64406779661016, 69.49152542372882, 70.33898305084746, 71.1864406779661, 72.03389830508475, 72.88135593220339, 73.72881355932203, 74.57627118644068, 75.42372881355932, 76.27118644067797, 77.11864406779661, 77.96610169491525, 78.8135593220339, 79.66101694915254, 80.50847457627118, 81.35593220338984, 82.20338983050848, 83.05084745762711, 83.89830508474576, 84.7457627118644, 85.59322033898306, 86.4406779661017, 87.28813559322035, 88.13559322033898, 88.98305084745762, 89.83050847457628, 90.67796610169492, 91.52542372881356, 92.37288135593221, 93.22033898305084, 94.0677966101695, 94.91525423728814, 95.76271186440678, 96.61016949152543, 97.45762711864407, 98.30508474576271, 99.15254237288136]}