{"ece": 0.0317110849056604, "acc": [0.0, 0.0, 0.17647058823529413, 0.30855018587360594, 0.41745283018867924, 0.47339593114241, 0.5930470347648262, 0.6962025316455697, 0.8310038119440915, 0.9517490952955368], "conf": [0.0, 0.0, 0.2624080882352941, 0.3554832713754647, 0.44516509433962265, 0.5391236306729265, 0.6385480572597138, 0.7386075949367089, 0.8418043202033036, 0.9529553679131484]}