{"auprc": 0.9804317951202393, "fpr0": 0.0, "fpr10": 0.00019999999494757503, "fpr20": 0.0005000000237487257, "fpr30": 0.00139999995008111, "fpr40": 0.002300000051036477, "fpr50": 0.0038999998942017555, "fpr60": 0.006099999882280827, "fpr70": 0.010499999858438969, "fpr80": 0.018400000408291817, "fpr90": 0.03420000150799751, "auroc": 0.9823224544525146}