{"ausc": 0.8557289838790894, "accuracies": [0.7465945482254028, 0.7976983189582825, 0.8010784983634949, 0.8050256371498108, 0.7616831660270691, 0.8115489482879639, 0.814417839050293, 0.8165925145149231, 0.7733973860740662, 0.819866418838501, 0.8227943778038025, 0.825882077217102, 0.7875773310661316, 0.8322184681892395, 0.8355825543403625, 0.8365101218223572, 0.7973901033401489, 0.8392238020896912, 0.8426573276519775, 0.8447424173355103, 0.8072174191474915, 0.8466331362724304, 0.8486937284469604, 0.8501749038696289, 0.8150767683982849, 0.8521198630332947, 0.8531851172447205, 0.85490483045578, 0.8212730288505554, 0.8609102964401245, 0.8618456721305847, 0.8626613020896912, 0.8256986737251282, 0.8648979067802429, 0.8663392663002014, 0.8682107329368591, 0.8321725726127625, 0.8711921572685242, 0.8716172575950623, 0.8729162216186523, 0.8375130891799927, 0.8764779567718506, 0.8766600489616394, 0.877776026725769, 0.8414922952651978, 0.8797648549079895, 0.8806410431861877, 0.880436897277832, 0.8424923419952393, 0.8799840211868286, 0.8792660236358643, 0.8811932802200317, 0.8430972099304199, 0.8798799514770508, 0.8799874782562256, 0.8820421099662781, 0.846853494644165, 0.8836221694946289, 0.8828210234642029, 0.8844322562217712, 0.8844296336174011, 0.8477281332015991, 0.8480574488639832, 0.8478982448577881, 0.8870987296104431, 0.8479716181755066, 0.8501499891281128, 0.8510240316390991, 0.8907015919685364, 0.8514708280563354, 0.8511985540390015, 0.8518766760826111, 0.8936688303947449, 0.8552032709121704, 0.8556422591209412, 0.857751727104187, 0.8906632661819458, 0.8590388894081116, 0.8610233664512634, 0.8612521290779114, 0.8951838612556458, 0.8605480790138245, 0.8589263558387756, 0.8593756556510925, 0.896091878414154, 0.8600804209709167, 0.8611331582069397, 0.8618496656417847, 0.8989430069923401, 0.8641099333763123, 0.8664073348045349, 0.8683500289916992, 0.901743471622467, 0.8696556091308594, 0.8702226281166077, 0.8706347346305847, 0.9017869234085083, 0.8760069012641907, 0.8781372308731079, 0.8794717788696289, 0.9115966558456421, 0.8893757462501526, 0.8902479410171509, 0.8900712132453918, 0.8893164396286011, 0.8950390815734863, 0.9021934866905212, 0.9069927930831909, 0.9100908041000366, 0.9094375371932983, 0.9098252654075623, 0.9158117771148682, 0.9230210781097412, 0.930548369884491, 0.9405508637428284, 0.9389145970344543, 0.9440957307815552, 0.9460655450820923], "filter_out_rate": [0.0, 0.847457627118644, 1.694915254237288, 2.5423728813559325, 3.389830508474576, 4.23728813559322, 5.084745762711865, 5.932203389830509, 6.779661016949152, 7.627118644067797, 8.47457627118644, 9.322033898305085, 10.16949152542373, 11.016949152542372, 11.864406779661017, 12.711864406779661, 13.559322033898304, 14.40677966101695, 15.254237288135593, 16.101694915254235, 16.94915254237288, 17.796610169491526, 18.64406779661017, 19.491525423728813, 20.33898305084746, 21.1864406779661, 22.033898305084744, 22.88135593220339, 23.728813559322035, 24.576271186440678, 25.423728813559322, 26.27118644067797, 27.11864406779661, 27.966101694915253, 28.8135593220339, 29.66101694915254, 30.508474576271187, 31.35593220338983, 32.20338983050847, 33.05084745762712, 33.89830508474576, 34.74576271186441, 35.59322033898305, 36.440677966101696, 37.28813559322034, 38.13559322033898, 38.983050847457626, 39.83050847457627, 40.67796610169492, 41.52542372881356, 42.3728813559322, 43.22033898305085, 44.06779661016949, 44.91525423728814, 45.76271186440678, 46.61016949152542, 47.45762711864407, 48.30508474576271, 49.152542372881356, 50.0, 50.847457627118644, 51.69491525423729, 52.54237288135594, 53.38983050847458, 54.23728813559322, 55.08474576271186, 55.932203389830505, 56.779661016949156, 57.6271186440678, 58.47457627118644, 59.32203389830508, 60.16949152542372, 61.016949152542374, 61.86440677966102, 62.71186440677966, 63.559322033898304, 64.40677966101694, 65.2542372881356, 66.10169491525424, 66.94915254237289, 67.79661016949152, 68.64406779661016, 69.49152542372882, 70.33898305084746, 71.1864406779661, 72.03389830508475, 72.88135593220339, 73.72881355932203, 74.57627118644068, 75.42372881355932, 76.27118644067797, 77.11864406779661, 77.96610169491525, 78.8135593220339, 79.66101694915254, 80.50847457627118, 81.35593220338984, 82.20338983050848, 83.05084745762711, 83.89830508474576, 84.7457627118644, 85.59322033898306, 86.4406779661017, 87.28813559322035, 88.13559322033898, 88.98305084745762, 89.83050847457628, 90.67796610169492, 91.52542372881356, 92.37288135593221, 93.22033898305084, 94.0677966101695, 94.91525423728814, 95.76271186440678, 96.61016949152543, 97.45762711864407, 98.30508474576271, 99.15254237288136]}