{
    "auprc": 0.9048225283622742,
    "fpr0": 0.0,
    "fpr10": 9.999999747378752e-05,
    "fpr20": 0.0005000000237487257,
    "fpr30": 0.0019000000320374966,
    "fpr40": 0.005200000014156103,
    "fpr50": 0.014000000432133675,
    "fpr60": 0.03550000116229057,
    "fpr70": 0.06310000270605087,
    "fpr80": 0.0982000008225441,
    "fpr90": 0.1460999995470047,
    "auroc": 0.892311155796051
}