{"ece": 0.07167521379596144, "acc": [0.0, 0.0, 0.42857142857142855, 0.29, 0.4207920792079208, 0.4831730769230769, 0.6028708133971292, 0.6555023923444976, 0.7540106951871658, 0.8678929765886287], "conf": [0.0, 0.0, 0.271484375, 0.3553125, 0.44461633663366334, 0.5399639423076923, 0.638755980861244, 0.742822966507177, 0.8435828877005348, 0.9515050167224081]}