{"auprc": 0.9753807783126831, "fpr0": 0.0, "fpr10": 0.0, "fpr20": 0.0012000000569969416, "fpr30": 0.0020000000949949026, "fpr40": 0.002899999963119626, "fpr50": 0.00430000014603138, "fpr60": 0.00860000029206276, "fpr70": 0.013199999928474426, "fpr80": 0.024000000208616257, "fpr90": 0.042399998754262924, "auroc": 0.977314293384552}