{"ausc": 0.9612723588943481, "accuracies": [0.874098539352417, 0.8776498436927795, 0.8819699287414551, 0.8843077421188354, 0.8870968222618103, 0.8912861943244934, 0.8940730690956116, 0.8962703347206116, 0.8991453647613525, 0.902607262134552, 0.9059103727340698, 0.9067499041557312, 0.9087089896202087, 0.9104793071746826, 0.9125058054924011, 0.9146811366081238, 0.9168955683708191, 0.9182154536247253, 0.9216675162315369, 0.9237715601921082, 0.9271031022071838, 0.9285783171653748, 0.9306851625442505, 0.9317353963851929, 0.933667778968811, 0.935381293296814, 0.9378872513771057, 0.9404518008232117, 0.9423012137413025, 0.9436608552932739, 0.9454379081726074, 0.9480475187301636, 0.9517726302146912, 0.9528842568397522, 0.9551019072532654, 0.9559972882270813, 0.9594160318374634, 0.9617904424667358, 0.9647859334945679, 0.9649678468704224, 0.9660195708274841, 0.9666532874107361, 0.9692413210868835, 0.9700639247894287, 0.9704681038856506, 0.9714842438697815, 0.9740803241729736, 0.9751752018928528, 0.9763116836547852, 0.9773104786872864, 0.9789923429489136, 0.9810774326324463, 0.9831661581993103, 0.9838038682937622, 0.985813319683075, 0.9863342046737671, 0.9859493970870972, 0.9877454042434692, 0.9895774722099304, 0.9905692934989929, 0.9913705587387085, 0.9922105669975281, 0.9928823709487915, 0.9923734664916992, 0.9930535554885864, 0.9929710626602173, 0.9932798743247986, 0.9937980771064758, 0.9937120079994202, 0.9942626953125, 0.9944029450416565, 0.9949702620506287, 0.9953534007072449, 0.9955050349235535, 0.9958999752998352, 0.996570885181427, 0.9969973564147949, 0.9966964721679688, 0.9966403245925903, 0.9965710639953613, 0.9967778325080872, 0.9972485303878784, 0.9974730014801025, 0.9982513785362244, 0.9982107877731323, 0.9984584450721741, 0.9990373253822327, 0.9990124702453613, 0.9990047812461853, 0.9989965558052063, 0.9989696145057678, 0.9989413022994995, 0.9989113211631775, 0.9992458820343018, 0.999222993850708, 0.9991987347602844, 0.9991987347602844, 0.9991728663444519, 0.9991453289985657, 0.9991157650947571, 0.9990503191947937, 0.9990503191947937, 0.9990138411521912, 0.9989743232727051, 0.9983974099159241, 1.0, 1.0, 1.0, 1.0, 1.0, 1.0, 1.0, 1.0, 1.0, 1.0, 1.0, 1.0, 1.0], "filter_out_rate": [0.0, 0.847457627118644, 1.694915254237288, 2.5423728813559325, 3.389830508474576, 4.23728813559322, 5.084745762711865, 5.932203389830509, 6.779661016949152, 7.627118644067797, 8.47457627118644, 9.322033898305085, 10.16949152542373, 11.016949152542372, 11.864406779661017, 12.711864406779661, 13.559322033898304, 14.40677966101695, 15.254237288135593, 16.101694915254235, 16.94915254237288, 17.796610169491526, 18.64406779661017, 19.491525423728813, 20.33898305084746, 21.1864406779661, 22.033898305084744, 22.88135593220339, 23.728813559322035, 24.576271186440678, 25.423728813559322, 26.27118644067797, 27.11864406779661, 27.966101694915253, 28.8135593220339, 29.66101694915254, 30.508474576271187, 31.35593220338983, 32.20338983050847, 33.05084745762712, 33.89830508474576, 34.74576271186441, 35.59322033898305, 36.440677966101696, 37.28813559322034, 38.13559322033898, 38.983050847457626, 39.83050847457627, 40.67796610169492, 41.52542372881356, 42.3728813559322, 43.22033898305085, 44.06779661016949, 44.91525423728814, 45.76271186440678, 46.61016949152542, 47.45762711864407, 48.30508474576271, 49.152542372881356, 50.0, 50.847457627118644, 51.69491525423729, 52.54237288135594, 53.38983050847458, 54.23728813559322, 55.08474576271186, 55.932203389830505, 56.779661016949156, 57.6271186440678, 58.47457627118644, 59.32203389830508, 60.16949152542372, 61.016949152542374, 61.86440677966102, 62.71186440677966, 63.559322033898304, 64.40677966101694, 65.2542372881356, 66.10169491525424, 66.94915254237289, 67.79661016949152, 68.64406779661016, 69.49152542372882, 70.33898305084746, 71.1864406779661, 72.03389830508475, 72.88135593220339, 73.72881355932203, 74.57627118644068, 75.42372881355932, 76.27118644067797, 77.11864406779661, 77.96610169491525, 78.8135593220339, 79.66101694915254, 80.50847457627118, 81.35593220338984, 82.20338983050848, 83.05084745762711, 83.89830508474576, 84.7457627118644, 85.59322033898306, 86.4406779661017, 87.28813559322035, 88.13559322033898, 88.98305084745762, 89.83050847457628, 90.67796610169492, 91.52542372881356, 92.37288135593221, 93.22033898305084, 94.0677966101695, 94.91525423728814, 95.76271186440678, 96.61016949152543, 97.45762711864407, 98.30508474576271, 99.15254237288136]}