{"ece": 0.07699301563899674, "acc": [0.0, 0.0, 0.2, 0.273972602739726, 0.37610619469026546, 0.5356200527704486, 0.5513784461152882, 0.6622807017543859, 0.7612781954887218, 0.858712715855573], "conf": [0.0, 0.0, 0.2740234375, 0.347388698630137, 0.4480088495575221, 0.5402374670184696, 0.6422305764411027, 0.7412280701754386, 0.8430451127819549, 0.9513343799058085]}