{"auprc": 0.982494592666626, "fpr0": 0.0, "fpr10": 0.0, "fpr20": 0.00039999998989515007, "fpr30": 0.0015999999595806003, "fpr40": 0.002899999963119626, "fpr50": 0.0044999998062849045, "fpr60": 0.007199999876320362, "fpr70": 0.010400000028312206, "fpr80": 0.01850000023841858, "fpr90": 0.03139999881386757, "auroc": 0.9847464561462402}