{"ausc": 0.9619321227073669, "accuracies": [0.8674879670143127, 0.8717948794364929, 0.875152587890625, 0.8790769577026367, 0.8823407292366028, 0.885657787322998, 0.8882933259010315, 0.891714334487915, 0.8950854539871216, 0.8980822563171387, 0.9011299014091492, 0.9035722017288208, 0.9067196846008301, 0.9094760417938232, 0.9122808575630188, 0.915248453617096, 0.9171245098114014, 0.9193809628486633, 0.9224941730499268, 0.9246059060096741, 0.9262821674346924, 0.9299064874649048, 0.9313014149665833, 0.9330891370773315, 0.9352810382843018, 0.9392459392547607, 0.9405367970466614, 0.9440112113952637, 0.9464024305343628, 0.9481785893440247, 0.9510509967803955, 0.9535861015319824, 0.955639660358429, 0.9566569924354553, 0.9579687714576721, 0.9598585367202759, 0.9615122675895691, 0.9626324772834778, 0.9660470485687256, 0.9671071171760559, 0.9693519473075867, 0.971204400062561, 0.9723436236381531, 0.973972737789154, 0.9742558002471924, 0.9759524464607239, 0.9772152304649353, 0.9786735773086548, 0.979854166507721, 0.9808975458145142, 0.9826211333274841, 0.9840678572654724, 0.9862452745437622, 0.9877609014511108, 0.9875965714454651, 0.9892035126686096, 0.9894108772277832, 0.990006148815155, 0.9905921816825867, 0.9913703799247742, 0.9914219975471497, 0.9918316602706909, 0.9926977753639221, 0.9927687048912048, 0.9932737946510315, 0.9948360919952393, 0.9957787990570068, 0.9965696930885315, 0.9967329502105713, 0.9964625239372253, 0.9968464970588684, 0.9972566366195679, 0.9971895217895508, 0.9971415400505066, 0.9970920085906982, 0.9970360994338989, 0.9969979524612427, 0.9977023601531982, 0.9981788992881775, 0.9983912706375122, 0.9983511567115784, 0.9986124038696289, 0.9985817074775696, 0.998529314994812, 0.9984947443008423, 0.9984584450721741, 0.9984205365180969, 0.9983806014060974, 0.9983386397361755, 0.9985942244529724, 0.9985546469688416, 0.9985126852989197, 0.9985024929046631, 0.9984574913978577, 0.9980089068412781, 0.9979451298713684, 0.9979322552680969, 0.9978632926940918, 0.998215913772583, 0.9976767301559448, 0.9975892901420593, 0.9979881644248962, 0.9979060292243958, 1.0, 1.0, 1.0, 1.0, 1.0, 1.0, 1.0, 1.0, 1.0, 1.0, 1.0, 1.0, 1.0, 1.0, 1.0], "filter_out_rate": [0.0, 0.847457627118644, 1.694915254237288, 2.5423728813559325, 3.389830508474576, 4.23728813559322, 5.084745762711865, 5.932203389830509, 6.779661016949152, 7.627118644067797, 8.47457627118644, 9.322033898305085, 10.16949152542373, 11.016949152542372, 11.864406779661017, 12.711864406779661, 13.559322033898304, 14.40677966101695, 15.254237288135593, 16.101694915254235, 16.94915254237288, 17.796610169491526, 18.64406779661017, 19.491525423728813, 20.33898305084746, 21.1864406779661, 22.033898305084744, 22.88135593220339, 23.728813559322035, 24.576271186440678, 25.423728813559322, 26.27118644067797, 27.11864406779661, 27.966101694915253, 28.8135593220339, 29.66101694915254, 30.508474576271187, 31.35593220338983, 32.20338983050847, 33.05084745762712, 33.89830508474576, 34.74576271186441, 35.59322033898305, 36.440677966101696, 37.28813559322034, 38.13559322033898, 38.983050847457626, 39.83050847457627, 40.67796610169492, 41.52542372881356, 42.3728813559322, 43.22033898305085, 44.06779661016949, 44.91525423728814, 45.76271186440678, 46.61016949152542, 47.45762711864407, 48.30508474576271, 49.152542372881356, 50.0, 50.847457627118644, 51.69491525423729, 52.54237288135594, 53.38983050847458, 54.23728813559322, 55.08474576271186, 55.932203389830505, 56.779661016949156, 57.6271186440678, 58.47457627118644, 59.32203389830508, 60.16949152542372, 61.016949152542374, 61.86440677966102, 62.71186440677966, 63.559322033898304, 64.40677966101694, 65.2542372881356, 66.10169491525424, 66.94915254237289, 67.79661016949152, 68.64406779661016, 69.49152542372882, 70.33898305084746, 71.1864406779661, 72.03389830508475, 72.88135593220339, 73.72881355932203, 74.57627118644068, 75.42372881355932, 76.27118644067797, 77.11864406779661, 77.96610169491525, 78.8135593220339, 79.66101694915254, 80.50847457627118, 81.35593220338984, 82.20338983050848, 83.05084745762711, 83.89830508474576, 84.7457627118644, 85.59322033898306, 86.4406779661017, 87.28813559322035, 88.13559322033898, 88.98305084745762, 89.83050847457628, 90.67796610169492, 91.52542372881356, 92.37288135593221, 93.22033898305084, 94.0677966101695, 94.91525423728814, 95.76271186440678, 96.61016949152543, 97.45762711864407, 98.30508474576271, 99.15254237288136]}