{"ece": 0.03429004632451541, "acc": [0.0, 0.13380281690140844, 0.23567708333333334, 0.35023584905660377, 0.42844284428442847, 0.5694591728525981, 0.6196319018404908, 0.6622516556291391, 0.765993265993266, 0.8475675675675676], "conf": [0.0, 0.17275528169014084, 0.24641927083333334, 0.33755896226415094, 0.4378937893789379, 0.5376458112407211, 0.6403374233128835, 0.7396523178807947, 0.8392255892255892, 0.9486486486486486]}