{"auprc": 0.6551993489265442, "fpr0": 0.0, "fpr10": 0.07919999957084656, "fpr20": 0.1371999979019165, "fpr30": 0.1876000016927719, "fpr40": 0.2296999990940094, "fpr50": 0.2660999894142151, "fpr60": 0.29989999532699585, "fpr70": 0.32670000195503235, "fpr80": 0.35260000824928284, "fpr90": 0.3781000077724457, "auroc": 0.4649425745010376}