{"ausc": 0.6952235102653503, "accuracies": [0.5124198794364929, 0.5144357085227966, 0.5152624845504761, 0.5158973932266235, 0.516232430934906, 0.5188660025596619, 0.5209121704101562, 0.5238398313522339, 0.5258547067642212, 0.5285499095916748, 0.5290091633796692, 0.5302433371543884, 0.5313881635665894, 0.5331103205680847, 0.5357624292373657, 0.5381211042404175, 0.5394917726516724, 0.5415800213813782, 0.5448717474937439, 0.5462244749069214, 0.5478394627571106, 0.5508683323860168, 0.5549795627593994, 0.5558702349662781, 0.5573931932449341, 0.5577545166015625, 0.5607088804244995, 0.5639756321907043, 0.5670512914657593, 0.5698005557060242, 0.5737833976745605, 0.5753370523452759, 0.577590823173523, 0.5797571539878845, 0.5840153098106384, 0.5869864821434021, 0.5898829102516174, 0.593547523021698, 0.5948718190193176, 0.598530650138855, 0.6029359102249146, 0.6080969572067261, 0.611142098903656, 0.6150147914886475, 0.6168428063392639, 0.6196398735046387, 0.6221925020217896, 0.6257597208023071, 0.6292539238929749, 0.6321894526481628, 0.6361352205276489, 0.64073646068573, 0.6430971622467041, 0.6464911103248596, 0.649856686592102, 0.6551974415779114, 0.6594312787055969, 0.6607310771942139, 0.6640787124633789, 0.6698007583618164, 0.6750439405441284, 0.6803018450737, 0.683231770992279, 0.6892166137695312, 0.6905652284622192, 0.6926818490028381, 0.6963873505592346, 0.7023591995239258, 0.7038119435310364, 0.7087618112564087, 0.7144851684570312, 0.7180826663970947, 0.7235466837882996, 0.7314852476119995, 0.737339437007904, 0.7399969696998596, 0.7467355728149414, 0.7546104788780212, 0.7626186013221741, 0.7718022465705872, 0.7764914631843567, 0.7828536629676819, 0.7902280688285828, 0.7987760901451111, 0.8062106370925903, 0.8144183158874512, 0.8198728561401367, 0.827616274356842, 0.8362301588058472, 0.8441340327262878, 0.851064145565033, 0.8585968017578125, 0.8613815307617188, 0.8659205436706543, 0.8711921572685242, 0.8779298067092896, 0.8840240240097046, 0.8877434134483337, 0.8943142890930176, 0.9001474380493164, 0.9069032073020935, 0.9109154939651489, 0.915347158908844, 0.915366530418396, 0.9230396747589111, 0.9298655390739441, 0.9331030249595642, 0.9391821622848511, 0.9389390349388123, 0.9407919645309448, 0.9452224969863892, 0.949099600315094, 0.9523856043815613, 0.9530319571495056, 0.9575868248939514, 0.9580193758010864, 0.9589460492134094, 0.9627779722213745], "filter_out_rate": [0.0, 0.847457627118644, 1.694915254237288, 2.5423728813559325, 3.389830508474576, 4.23728813559322, 5.084745762711865, 5.932203389830509, 6.779661016949152, 7.627118644067797, 8.47457627118644, 9.322033898305085, 10.16949152542373, 11.016949152542372, 11.864406779661017, 12.711864406779661, 13.559322033898304, 14.40677966101695, 15.254237288135593, 16.101694915254235, 16.94915254237288, 17.796610169491526, 18.64406779661017, 19.491525423728813, 20.33898305084746, 21.1864406779661, 22.033898305084744, 22.88135593220339, 23.728813559322035, 24.576271186440678, 25.423728813559322, 26.27118644067797, 27.11864406779661, 27.966101694915253, 28.8135593220339, 29.66101694915254, 30.508474576271187, 31.35593220338983, 32.20338983050847, 33.05084745762712, 33.89830508474576, 34.74576271186441, 35.59322033898305, 36.440677966101696, 37.28813559322034, 38.13559322033898, 38.983050847457626, 39.83050847457627, 40.67796610169492, 41.52542372881356, 42.3728813559322, 43.22033898305085, 44.06779661016949, 44.91525423728814, 45.76271186440678, 46.61016949152542, 47.45762711864407, 48.30508474576271, 49.152542372881356, 50.0, 50.847457627118644, 51.69491525423729, 52.54237288135594, 53.38983050847458, 54.23728813559322, 55.08474576271186, 55.932203389830505, 56.779661016949156, 57.6271186440678, 58.47457627118644, 59.32203389830508, 60.16949152542372, 61.016949152542374, 61.86440677966102, 62.71186440677966, 63.559322033898304, 64.40677966101694, 65.2542372881356, 66.10169491525424, 66.94915254237289, 67.79661016949152, 68.64406779661016, 69.49152542372882, 70.33898305084746, 71.1864406779661, 72.03389830508475, 72.88135593220339, 73.72881355932203, 74.57627118644068, 75.42372881355932, 76.27118644067797, 77.11864406779661, 77.96610169491525, 78.8135593220339, 79.66101694915254, 80.50847457627118, 81.35593220338984, 82.20338983050848, 83.05084745762711, 83.89830508474576, 84.7457627118644, 85.59322033898306, 86.4406779661017, 87.28813559322035, 88.13559322033898, 88.98305084745762, 89.83050847457628, 90.67796610169492, 91.52542372881356, 92.37288135593221, 93.22033898305084, 94.0677966101695, 94.91525423728814, 95.76271186440678, 96.61016949152543, 97.45762711864407, 98.30508474576271, 99.15254237288136]}