auprc,auroc
0.8092578053474426,0.8400225043296814
