auprc,auroc
0.6524946093559265,0.7736069560050964
