{"ece": 0.031393580032286116, "acc": [0.0, 0.15178571428571427, 0.23857142857142857, 0.36460287679799874, 0.425531914893617, 0.535673839184598, 0.6267942583732058, 0.7123287671232876, 0.779578606158833, 0.8380681818181818], "conf": [0.0, 0.17466517857142858, 0.24767857142857144, 0.33771106941838647, 0.43617021276595747, 0.5393544733861835, 0.6375598086124402, 0.7397260273972602, 0.8419773095623987, 0.9493371212121212]}