{"auprc": 0.6632777452468872, "fpr0": 0.0, "fpr10": 0.06530000269412994, "fpr20": 0.12049999833106995, "fpr30": 0.16619999706745148, "fpr40": 0.2110999971628189, "fpr50": 0.24899999797344208, "fpr60": 0.28360000252723694, "fpr70": 0.3158000111579895, "fpr80": 0.3450999855995178, "fpr90": 0.3732999861240387, "auroc": 0.47248342633247375}