{"ausc": 0.7271025776863098, "accuracies": [0.5302484035491943, 0.5326065421104431, 0.5360195636749268, 0.5389743447303772, 0.5412530899047852, 0.5430477261543274, 0.5455023646354675, 0.5482093691825867, 0.5508546829223633, 0.5537599921226501, 0.5562798380851746, 0.5585141181945801, 0.5615605711936951, 0.5644369721412659, 0.5669140815734863, 0.5698888301849365, 0.571772038936615, 0.5749595761299133, 0.5769230723381042, 0.578569769859314, 0.5819088220596313, 0.5831536054611206, 0.5864779353141785, 0.5907204747200012, 0.5929486751556396, 0.5945979356765747, 0.5965309143066406, 0.5996446013450623, 0.6007691621780396, 0.6034705638885498, 0.6064887642860413, 0.6089081764221191, 0.6101762652397156, 0.6117408871650696, 0.6159301400184631, 0.6186931133270264, 0.6210981607437134, 0.6236968636512756, 0.6270655393600464, 0.632238507270813, 0.6347610354423523, 0.6385205388069153, 0.6422182321548462, 0.646304726600647, 0.6494200229644775, 0.6533827185630798, 0.6577123403549194, 0.6601356863975525, 0.6648105382919312, 0.6679774522781372, 0.6707886457443237, 0.6735063195228577, 0.6791070699691772, 0.6826888918876648, 0.6877533793449402, 0.6934443712234497, 0.696315348148346, 0.6990893483161926, 0.7033259272575378, 0.704614520072937, 0.7104156613349915, 0.7147130966186523, 0.7169774770736694, 0.72164386510849, 0.726028323173523, 0.7297549843788147, 0.7334471940994263, 0.7406157851219177, 0.7478740811347961, 0.7544911503791809, 0.7628980875015259, 0.7671252489089966, 0.7725392580032349, 0.7786663770675659, 0.7864000201225281, 0.7923994660377502, 0.7991172671318054, 0.8054538369178772, 0.809474766254425, 0.813654899597168, 0.8189349174499512, 0.8219783306121826, 0.8282368183135986, 0.834527313709259, 0.8425211906433105, 0.847715437412262, 0.8517783880233765, 0.8541577458381653, 0.8597623109817505, 0.8650912642478943, 0.8757091164588928, 0.8825986981391907, 0.8862062096595764, 0.8937419056892395, 0.9025410413742065, 0.9070941209793091, 0.9107121229171753, 0.916117250919342, 0.9188827276229858, 0.9226203560829163, 0.9259982705116272, 0.9304583668708801, 0.9422039985656738, 0.9443649649620056, 0.9481112957000732, 0.9535908102989197, 0.953435480594635, 0.955214262008667, 0.9613864421844482, 0.968143880367279, 0.9735077023506165, 0.9761236310005188, 0.9765127897262573, 0.9771215915679932, 0.9776288270950317, 0.9829687476158142, 0.9845492839813232, 0.9896977543830872], "filter_out_rate": [0.0, 0.847457627118644, 1.694915254237288, 2.5423728813559325, 3.389830508474576, 4.23728813559322, 5.084745762711865, 5.932203389830509, 6.779661016949152, 7.627118644067797, 8.47457627118644, 9.322033898305085, 10.16949152542373, 11.016949152542372, 11.864406779661017, 12.711864406779661, 13.559322033898304, 14.40677966101695, 15.254237288135593, 16.101694915254235, 16.94915254237288, 17.796610169491526, 18.64406779661017, 19.491525423728813, 20.33898305084746, 21.1864406779661, 22.033898305084744, 22.88135593220339, 23.728813559322035, 24.576271186440678, 25.423728813559322, 26.27118644067797, 27.11864406779661, 27.966101694915253, 28.8135593220339, 29.66101694915254, 30.508474576271187, 31.35593220338983, 32.20338983050847, 33.05084745762712, 33.89830508474576, 34.74576271186441, 35.59322033898305, 36.440677966101696, 37.28813559322034, 38.13559322033898, 38.983050847457626, 39.83050847457627, 40.67796610169492, 41.52542372881356, 42.3728813559322, 43.22033898305085, 44.06779661016949, 44.91525423728814, 45.76271186440678, 46.61016949152542, 47.45762711864407, 48.30508474576271, 49.152542372881356, 50.0, 50.847457627118644, 51.69491525423729, 52.54237288135594, 53.38983050847458, 54.23728813559322, 55.08474576271186, 55.932203389830505, 56.779661016949156, 57.6271186440678, 58.47457627118644, 59.32203389830508, 60.16949152542372, 61.016949152542374, 61.86440677966102, 62.71186440677966, 63.559322033898304, 64.40677966101694, 65.2542372881356, 66.10169491525424, 66.94915254237289, 67.79661016949152, 68.64406779661016, 69.49152542372882, 70.33898305084746, 71.1864406779661, 72.03389830508475, 72.88135593220339, 73.72881355932203, 74.57627118644068, 75.42372881355932, 76.27118644067797, 77.11864406779661, 77.96610169491525, 78.8135593220339, 79.66101694915254, 80.50847457627118, 81.35593220338984, 82.20338983050848, 83.05084745762711, 83.89830508474576, 84.7457627118644, 85.59322033898306, 86.4406779661017, 87.28813559322035, 88.13559322033898, 88.98305084745762, 89.83050847457628, 90.67796610169492, 91.52542372881356, 92.37288135593221, 93.22033898305084, 94.0677966101695, 94.91525423728814, 95.76271186440678, 96.61016949152543, 97.45762711864407, 98.30508474576271, 99.15254237288136]}