{"ece": 0.06746046686746988, "acc": [0.0, 0.0, 0.2727272727272727, 0.36585365853658536, 0.3901345291479821, 0.5124378109452736, 0.5558375634517766, 0.662004662004662, 0.7666666666666667, 0.8775847808105872], "conf": [0.0, 0.0, 0.2599431818181818, 0.3588033536585366, 0.4445067264573991, 0.5432213930348259, 0.6389593908629442, 0.7418414918414918, 0.843421052631579, 0.9503722084367245]}