{"auprc": 0.9792826175689697, "fpr0": 0.0, "fpr10": 0.00019999999494757503, "fpr20": 0.00039999998989515007, "fpr30": 0.0008999999845400453, "fpr40": 0.0017000000225380063, "fpr50": 0.003599999938160181, "fpr60": 0.006800000090152025, "fpr70": 0.012000000104308128, "fpr80": 0.020500000566244125, "fpr90": 0.03709999844431877, "auroc": 0.981277585029602}