{"ausc": 0.9625658392906189, "accuracies": [0.8732972741127014, 0.877750813961029, 0.8810542225837708, 0.885948657989502, 0.8893713355064392, 0.8928497433662415, 0.8959646821022034, 0.8980717062950134, 0.9000000357627869, 0.902391791343689, 0.9046067595481873, 0.9065307378768921, 0.9089301824569702, 0.912263035774231, 0.913855254650116, 0.9170637726783752, 0.9194138646125793, 0.9222683906555176, 0.9258740544319153, 0.927664041519165, 0.9301994442939758, 0.9324227571487427, 0.9358974099159241, 0.9376010298728943, 0.9394664168357849, 0.941243588924408, 0.942804217338562, 0.9445151090621948, 0.9460112452507019, 0.9481774568557739, 0.9509189128875732, 0.9535849094390869, 0.9535045027732849, 0.9562609791755676, 0.9568734765052795, 0.9577789306640625, 0.9613624215126038, 0.9624822735786438, 0.9636270403862, 0.9662410020828247, 0.9677541851997375, 0.969142735004425, 0.97012859582901, 0.9714230298995972, 0.972291886806488, 0.9731757044792175, 0.9753564596176147, 0.9764915704727173, 0.9789311289787292, 0.9797970652580261, 0.9810099601745605, 0.9819145202636719, 0.9842054843902588, 0.9841504096984863, 0.9853203892707825, 0.9852684140205383, 0.9861396551132202, 0.9861250519752502, 0.9868383407592773, 0.9870253205299377, 0.9898715615272522, 0.9904863238334656, 0.9912993311882019, 0.9919830560684204, 0.9926957488059998, 0.9938057065010071, 0.9951652884483337, 0.9959359765052795, 0.9965041875839233, 0.9966685175895691, 0.9966096878051758, 0.9965571761131287, 0.996956467628479, 0.9973788261413574, 0.9975805282592773, 0.9977807402610779, 0.9977566599845886, 0.9987072944641113, 0.9986913800239563, 0.9986640810966492, 0.9986355900764465, 0.9988786578178406, 0.9988665580749512, 0.9991258382797241, 0.9991055727005005, 0.9990842938423157, 0.9990540742874146, 0.9990301728248596, 0.9996712803840637, 0.9996626377105713, 0.9996535181999207, 0.999643862247467, 0.9996336698532104, 0.9996336698532104, 1.0, 1.0, 1.0, 1.0, 1.0, 1.0, 1.0, 1.0, 1.0, 1.0, 1.0, 1.0, 1.0, 1.0, 1.0, 1.0, 1.0, 1.0, 1.0, 1.0, 1.0, 1.0, 1.0, 1.0], "filter_out_rate": [0.0, 0.847457627118644, 1.694915254237288, 2.5423728813559325, 3.389830508474576, 4.23728813559322, 5.084745762711865, 5.932203389830509, 6.779661016949152, 7.627118644067797, 8.47457627118644, 9.322033898305085, 10.16949152542373, 11.016949152542372, 11.864406779661017, 12.711864406779661, 13.559322033898304, 14.40677966101695, 15.254237288135593, 16.101694915254235, 16.94915254237288, 17.796610169491526, 18.64406779661017, 19.491525423728813, 20.33898305084746, 21.1864406779661, 22.033898305084744, 22.88135593220339, 23.728813559322035, 24.576271186440678, 25.423728813559322, 26.27118644067797, 27.11864406779661, 27.966101694915253, 28.8135593220339, 29.66101694915254, 30.508474576271187, 31.35593220338983, 32.20338983050847, 33.05084745762712, 33.89830508474576, 34.74576271186441, 35.59322033898305, 36.440677966101696, 37.28813559322034, 38.13559322033898, 38.983050847457626, 39.83050847457627, 40.67796610169492, 41.52542372881356, 42.3728813559322, 43.22033898305085, 44.06779661016949, 44.91525423728814, 45.76271186440678, 46.61016949152542, 47.45762711864407, 48.30508474576271, 49.152542372881356, 50.0, 50.847457627118644, 51.69491525423729, 52.54237288135594, 53.38983050847458, 54.23728813559322, 55.08474576271186, 55.932203389830505, 56.779661016949156, 57.6271186440678, 58.47457627118644, 59.32203389830508, 60.16949152542372, 61.016949152542374, 61.86440677966102, 62.71186440677966, 63.559322033898304, 64.40677966101694, 65.2542372881356, 66.10169491525424, 66.94915254237289, 67.79661016949152, 68.64406779661016, 69.49152542372882, 70.33898305084746, 71.1864406779661, 72.03389830508475, 72.88135593220339, 73.72881355932203, 74.57627118644068, 75.42372881355932, 76.27118644067797, 77.11864406779661, 77.96610169491525, 78.8135593220339, 79.66101694915254, 80.50847457627118, 81.35593220338984, 82.20338983050848, 83.05084745762711, 83.89830508474576, 84.7457627118644, 85.59322033898306, 86.4406779661017, 87.28813559322035, 88.13559322033898, 88.98305084745762, 89.83050847457628, 90.67796610169492, 91.52542372881356, 92.37288135593221, 93.22033898305084, 94.0677966101695, 94.91525423728814, 95.76271186440678, 96.61016949152543, 97.45762711864407, 98.30508474576271, 99.15254237288136]}