{"ece": 0.062119671194190436, "acc": [0.0, 0.16981132075471697, 0.25063775510204084, 0.36268656716417913, 0.41914191419141916, 0.49194729136163984, 0.5585738539898133, 0.6439522998296422, 0.6780487804878049, 0.7809330628803245], "conf": [0.0, 0.1740369496855346, 0.24457908163265307, 0.3371268656716418, 0.4361936193619362, 0.5384333821376281, 0.6379456706281834, 0.7410562180579217, 0.8406504065040651, 0.9497971602434077]}