{"auprc": 0.6690667867660522, "fpr0": 0.0, "fpr10": 0.06440000236034393, "fpr20": 0.11599999666213989, "fpr30": 0.16410000622272491, "fpr40": 0.2093999981880188, "fpr50": 0.2485000044107437, "fpr60": 0.2822999954223633, "fpr70": 0.3149000108242035, "fpr80": 0.3443000018596649, "fpr90": 0.3693999946117401, "auroc": 0.48950350284576416}