{"ausc": 0.7293322086334229, "accuracies": [0.5222355723381042, 0.5247324705123901, 0.5284900069236755, 0.5294358730316162, 0.531947910785675, 0.5341879725456238, 0.5368852615356445, 0.5399449467658997, 0.5422008633613586, 0.5448179244995117, 0.5479139685630798, 0.5505150556564331, 0.5526083111763, 0.555295467376709, 0.5572424530982971, 0.5610392689704895, 0.5637591481208801, 0.5654885768890381, 0.5687645077705383, 0.572453498840332, 0.5745488405227661, 0.5748862028121948, 0.5774068832397461, 0.5809524059295654, 0.58382648229599, 0.5872542262077332, 0.58949214220047, 0.5919014811515808, 0.5938461422920227, 0.5975136160850525, 0.5996860861778259, 0.6022584438323975, 0.6037238836288452, 0.6080555319786072, 0.6119338274002075, 0.6161697506904602, 0.6193845272064209, 0.6216853260993958, 0.6248903274536133, 0.6274455785751343, 0.6302028894424438, 0.6339110732078552, 0.6393454670906067, 0.6415248513221741, 0.6468732357025146, 0.649417519569397, 0.6531184315681458, 0.6559155583381653, 0.660430908203125, 0.6657096147537231, 0.6688205003738403, 0.6741744875907898, 0.677818238735199, 0.6815546751022339, 0.6838374137878418, 0.6887805461883545, 0.6935491561889648, 0.697827935218811, 0.7051308751106262, 0.7075490951538086, 0.712317943572998, 0.7182994484901428, 0.7232442498207092, 0.7281373143196106, 0.7315784096717834, 0.734600305557251, 0.7411836385726929, 0.7451983690261841, 0.7524140477180481, 0.7586265802383423, 0.7651472687721252, 0.7723158597946167, 0.7783697843551636, 0.7860975861549377, 0.7905164957046509, 0.7986218333244324, 0.8018548488616943, 0.8113257884979248, 0.8188273310661316, 0.825447678565979, 0.8341627717018127, 0.8411638140678406, 0.8487733602523804, 0.8585086464881897, 0.8645287752151489, 0.8691344857215881, 0.8742560148239136, 0.8804976344108582, 0.8870458602905273, 0.8933110237121582, 0.8984585404396057, 0.9031862020492554, 0.9065194725990295, 0.910565972328186, 0.916113555431366, 0.919509768486023, 0.9285887479782104, 0.9350370764732361, 0.9367364645004272, 0.9426124691963196, 0.947440505027771, 0.9495233297348022, 0.9503892064094543, 0.9538626074790955, 0.9581165909767151, 0.9591363072395325, 0.9618319869041443, 0.96356600522995, 0.9662781953811646, 0.9686639308929443, 0.9697647094726562, 0.976076066493988, 0.9779345393180847, 0.9779506325721741, 0.9802748560905457, 0.9797331690788269, 0.9776386618614197, 0.9779706001281738], "filter_out_rate": [0.0, 0.847457627118644, 1.694915254237288, 2.5423728813559325, 3.389830508474576, 4.23728813559322, 5.084745762711865, 5.932203389830509, 6.779661016949152, 7.627118644067797, 8.47457627118644, 9.322033898305085, 10.16949152542373, 11.016949152542372, 11.864406779661017, 12.711864406779661, 13.559322033898304, 14.40677966101695, 15.254237288135593, 16.101694915254235, 16.94915254237288, 17.796610169491526, 18.64406779661017, 19.491525423728813, 20.33898305084746, 21.1864406779661, 22.033898305084744, 22.88135593220339, 23.728813559322035, 24.576271186440678, 25.423728813559322, 26.27118644067797, 27.11864406779661, 27.966101694915253, 28.8135593220339, 29.66101694915254, 30.508474576271187, 31.35593220338983, 32.20338983050847, 33.05084745762712, 33.89830508474576, 34.74576271186441, 35.59322033898305, 36.440677966101696, 37.28813559322034, 38.13559322033898, 38.983050847457626, 39.83050847457627, 40.67796610169492, 41.52542372881356, 42.3728813559322, 43.22033898305085, 44.06779661016949, 44.91525423728814, 45.76271186440678, 46.61016949152542, 47.45762711864407, 48.30508474576271, 49.152542372881356, 50.0, 50.847457627118644, 51.69491525423729, 52.54237288135594, 53.38983050847458, 54.23728813559322, 55.08474576271186, 55.932203389830505, 56.779661016949156, 57.6271186440678, 58.47457627118644, 59.32203389830508, 60.16949152542372, 61.016949152542374, 61.86440677966102, 62.71186440677966, 63.559322033898304, 64.40677966101694, 65.2542372881356, 66.10169491525424, 66.94915254237289, 67.79661016949152, 68.64406779661016, 69.49152542372882, 70.33898305084746, 71.1864406779661, 72.03389830508475, 72.88135593220339, 73.72881355932203, 74.57627118644068, 75.42372881355932, 76.27118644067797, 77.11864406779661, 77.96610169491525, 78.8135593220339, 79.66101694915254, 80.50847457627118, 81.35593220338984, 82.20338983050848, 83.05084745762711, 83.89830508474576, 84.7457627118644, 85.59322033898306, 86.4406779661017, 87.28813559322035, 88.13559322033898, 88.98305084745762, 89.83050847457628, 90.67796610169492, 91.52542372881356, 92.37288135593221, 93.22033898305084, 94.0677966101695, 94.91525423728814, 95.76271186440678, 96.61016949152543, 97.45762711864407, 98.30508474576271, 99.15254237288136]}