{"ece": 0.08053107409743787, "acc": [0.0, 0.0, 0.0, 0.3582089552238806, 0.3694581280788177, 0.44871794871794873, 0.6100478468899522, 0.6494382022471911, 0.7244897959183674, 0.8730290456431535], "conf": [0.0, 0.0, 0.280029296875, 0.34888059701492535, 0.4476600985221675, 0.5403846153846154, 0.6405502392344498, 0.7415730337078652, 0.8403061224489796, 0.9526970954356846]}