{"auprc": 0.972125768661499, "fpr0": 0.0, "fpr10": 0.00019999999494757503, "fpr20": 0.0007999999797903001, "fpr30": 0.0019000000320374966, "fpr40": 0.002899999963119626, "fpr50": 0.005100000184029341, "fpr60": 0.007899999618530273, "fpr70": 0.014600000344216824, "fpr80": 0.024700000882148743, "fpr90": 0.044599998742341995, "auroc": 0.9729325771331787}