{"ausc": 0.9631917476654053, "accuracies": [0.8738982081413269, 0.8779527544975281, 0.8825804591178894, 0.884922981262207, 0.8889577984809875, 0.8925370573997498, 0.8949137926101685, 0.8980717062950134, 0.8999999761581421, 0.9021763205528259, 0.9053672552108765, 0.9079552888870239, 0.9100353717803955, 0.9114826917648315, 0.9146424531936646, 0.9172906279563904, 0.9195283651351929, 0.922961413860321, 0.9243589639663696, 0.9273112416267395, 0.9305557012557983, 0.9331415891647339, 0.9358974099159241, 0.9372406005859375, 0.9378698468208313, 0.9401293992996216, 0.9414277672767639, 0.9436354041099548, 0.9458922147750854, 0.9480665326118469, 0.9508070349693298, 0.9526748657226562, 0.9559224247932434, 0.9586929082870483, 0.9590688943862915, 0.961108386516571, 0.9624986052513123, 0.9643357396125793, 0.9652133584022522, 0.9674199223518372, 0.9695277810096741, 0.9713826179504395, 0.9722242951393127, 0.9735508561134338, 0.9744600057601929, 0.9756810069084167, 0.9769412279129028, 0.9787294268608093, 0.9800471067428589, 0.9820568561553955, 0.9826409816741943, 0.9845585227012634, 0.985203742980957, 0.9856933355331421, 0.9868767857551575, 0.9884634017944336, 0.9898937940597534, 0.9919402003288269, 0.9923809766769409, 0.9934170842170715, 0.993876039981842, 0.9937472343444824, 0.9946426153182983, 0.9951655268669128, 0.995505690574646, 0.9954429864883423, 0.9959955215454102, 0.9959356784820557, 0.9965409636497498, 0.99691241979599, 0.9970872402191162, 0.9970396757125854, 0.9974523782730103, 0.9978803992271423, 0.9978359937667847, 0.9980365037918091, 0.9977567791938782, 0.9977121353149414, 0.9981734156608582, 0.9981244206428528, 0.9980844259262085, 0.9980302453041077, 0.998283863067627, 0.9982446432113647, 0.998203694820404, 0.9984514117240906, 0.9987257719039917, 0.9987015128135681, 0.9993507266044617, 0.999333918094635, 0.9993160963058472, 0.9992973208427429, 0.9992775321006775, 0.9992566108703613, 0.9992344379425049, 0.9992108345031738, 0.999172031879425, 0.9991728663444519, 0.9991453289985657, 1.0, 1.0, 1.0, 1.0, 1.0, 1.0, 1.0, 1.0, 1.0, 1.0, 1.0, 1.0, 1.0, 1.0, 1.0, 1.0, 1.0, 1.0, 1.0], "filter_out_rate": [0.0, 0.847457627118644, 1.694915254237288, 2.5423728813559325, 3.389830508474576, 4.23728813559322, 5.084745762711865, 5.932203389830509, 6.779661016949152, 7.627118644067797, 8.47457627118644, 9.322033898305085, 10.16949152542373, 11.016949152542372, 11.864406779661017, 12.711864406779661, 13.559322033898304, 14.40677966101695, 15.254237288135593, 16.101694915254235, 16.94915254237288, 17.796610169491526, 18.64406779661017, 19.491525423728813, 20.33898305084746, 21.1864406779661, 22.033898305084744, 22.88135593220339, 23.728813559322035, 24.576271186440678, 25.423728813559322, 26.27118644067797, 27.11864406779661, 27.966101694915253, 28.8135593220339, 29.66101694915254, 30.508474576271187, 31.35593220338983, 32.20338983050847, 33.05084745762712, 33.89830508474576, 34.74576271186441, 35.59322033898305, 36.440677966101696, 37.28813559322034, 38.13559322033898, 38.983050847457626, 39.83050847457627, 40.67796610169492, 41.52542372881356, 42.3728813559322, 43.22033898305085, 44.06779661016949, 44.91525423728814, 45.76271186440678, 46.61016949152542, 47.45762711864407, 48.30508474576271, 49.152542372881356, 50.0, 50.847457627118644, 51.69491525423729, 52.54237288135594, 53.38983050847458, 54.23728813559322, 55.08474576271186, 55.932203389830505, 56.779661016949156, 57.6271186440678, 58.47457627118644, 59.32203389830508, 60.16949152542372, 61.016949152542374, 61.86440677966102, 62.71186440677966, 63.559322033898304, 64.40677966101694, 65.2542372881356, 66.10169491525424, 66.94915254237289, 67.79661016949152, 68.64406779661016, 69.49152542372882, 70.33898305084746, 71.1864406779661, 72.03389830508475, 72.88135593220339, 73.72881355932203, 74.57627118644068, 75.42372881355932, 76.27118644067797, 77.11864406779661, 77.96610169491525, 78.8135593220339, 79.66101694915254, 80.50847457627118, 81.35593220338984, 82.20338983050848, 83.05084745762711, 83.89830508474576, 84.7457627118644, 85.59322033898306, 86.4406779661017, 87.28813559322035, 88.13559322033898, 88.98305084745762, 89.83050847457628, 90.67796610169492, 91.52542372881356, 92.37288135593221, 93.22033898305084, 94.0677966101695, 94.91525423728814, 95.76271186440678, 96.61016949152543, 97.45762711864407, 98.30508474576271, 99.15254237288136]}