{"ece": 0.06919642857142858, "acc": [0.0, 0.14761904761904762, 0.24492037342119716, 0.34312210200927357, 0.40963855421686746, 0.4606946983546618, 0.5448979591836735, 0.6346516007532956, 0.6441947565543071, 0.7363445378151261], "conf": [0.0, 0.17425595238095237, 0.2428610653487095, 0.33500772797527045, 0.43540829986613117, 0.5393053016453382, 0.6403061224489796, 0.7391713747645952, 0.8412921348314607, 0.9501050420168067]}