{"auprc": 0.6382762789726257, "fpr0": 0.0, "fpr10": 0.08070000261068344, "fpr20": 0.15000000596046448, "fpr30": 0.2071000039577484, "fpr40": 0.26159998774528503, "fpr50": 0.3070000112056732, "fpr60": 0.34299999475479126, "fpr70": 0.3779999911785126, "fpr80": 0.4083000123500824, "fpr90": 0.43470001220703125, "auroc": 0.4397103786468506}