{"ausc": 0.7106232643127441, "accuracies": [0.5047075152397156, 0.5075712203979492, 0.5117012858390808, 0.5149744153022766, 0.5164392590522766, 0.5176151990890503, 0.5191256999969482, 0.5210850238800049, 0.5243589878082275, 0.5272570848464966, 0.5295523405075073, 0.5317773818969727, 0.5349248647689819, 0.5364549160003662, 0.5380116701126099, 0.5393691658973694, 0.5421245098114014, 0.544929563999176, 0.546503484249115, 0.5490472316741943, 0.5516381859779358, 0.5543972849845886, 0.557692289352417, 0.5600732564926147, 0.5628698468208313, 0.5648493766784668, 0.5688788294792175, 0.5722264647483826, 0.5756410360336304, 0.5786066055297852, 0.5828100442886353, 0.5864392518997192, 0.5901442170143127, 0.5928475260734558, 0.5953354239463806, 0.5998070240020752, 0.6006131172180176, 0.603550374507904, 0.6082621216773987, 0.6113511323928833, 0.6134471297264099, 0.6179942488670349, 0.620956540107727, 0.6234360337257385, 0.6270447969436646, 0.6324396729469299, 0.6354608535766602, 0.6375533938407898, 0.641356348991394, 0.6444419622421265, 0.6476151943206787, 0.6511427760124207, 0.6537652611732483, 0.6575236916542053, 0.6609992384910583, 0.6668544411659241, 0.671662449836731, 0.676605761051178, 0.6807878017425537, 0.6848379969596863, 0.6904146671295166, 0.6966226696968079, 0.7019553780555725, 0.7080138921737671, 0.7130266427993774, 0.7185713648796082, 0.723986804485321, 0.7303974628448486, 0.7375990748405457, 0.7439404726028442, 0.7483662366867065, 0.7545050382614136, 0.7608935236930847, 0.767529308795929, 0.7729319334030151, 0.7803294658660889, 0.7856829166412354, 0.7915525436401367, 0.7989779710769653, 0.8073751926422119, 0.8135148286819458, 0.8182094693183899, 0.8245937824249268, 0.8306954503059387, 0.8373793363571167, 0.8418635725975037, 0.847939133644104, 0.8548213243484497, 0.8641653060913086, 0.8697028756141663, 0.8787818551063538, 0.883438766002655, 0.8895500302314758, 0.892158031463623, 0.8975692987442017, 0.902297854423523, 0.910523533821106, 0.9136039614677429, 0.9160998463630676, 0.9194238185882568, 0.9202563166618347, 0.9218307733535767, 0.9274734854698181, 0.934369683265686, 0.9349409341812134, 0.9436009526252747, 0.9482251405715942, 0.952081561088562, 0.9521995186805725, 0.9526594281196594, 0.958483874797821, 0.964473307132721, 0.9632272720336914, 0.9674178957939148, 0.9701281785964966, 0.9717246890068054, 0.9746503829956055, 0.9753181338310242], "filter_out_rate": [0.0, 0.847457627118644, 1.694915254237288, 2.5423728813559325, 3.389830508474576, 4.23728813559322, 5.084745762711865, 5.932203389830509, 6.779661016949152, 7.627118644067797, 8.47457627118644, 9.322033898305085, 10.16949152542373, 11.016949152542372, 11.864406779661017, 12.711864406779661, 13.559322033898304, 14.40677966101695, 15.254237288135593, 16.101694915254235, 16.94915254237288, 17.796610169491526, 18.64406779661017, 19.491525423728813, 20.33898305084746, 21.1864406779661, 22.033898305084744, 22.88135593220339, 23.728813559322035, 24.576271186440678, 25.423728813559322, 26.27118644067797, 27.11864406779661, 27.966101694915253, 28.8135593220339, 29.66101694915254, 30.508474576271187, 31.35593220338983, 32.20338983050847, 33.05084745762712, 33.89830508474576, 34.74576271186441, 35.59322033898305, 36.440677966101696, 37.28813559322034, 38.13559322033898, 38.983050847457626, 39.83050847457627, 40.67796610169492, 41.52542372881356, 42.3728813559322, 43.22033898305085, 44.06779661016949, 44.91525423728814, 45.76271186440678, 46.61016949152542, 47.45762711864407, 48.30508474576271, 49.152542372881356, 50.0, 50.847457627118644, 51.69491525423729, 52.54237288135594, 53.38983050847458, 54.23728813559322, 55.08474576271186, 55.932203389830505, 56.779661016949156, 57.6271186440678, 58.47457627118644, 59.32203389830508, 60.16949152542372, 61.016949152542374, 61.86440677966102, 62.71186440677966, 63.559322033898304, 64.40677966101694, 65.2542372881356, 66.10169491525424, 66.94915254237289, 67.79661016949152, 68.64406779661016, 69.49152542372882, 70.33898305084746, 71.1864406779661, 72.03389830508475, 72.88135593220339, 73.72881355932203, 74.57627118644068, 75.42372881355932, 76.27118644067797, 77.11864406779661, 77.96610169491525, 78.8135593220339, 79.66101694915254, 80.50847457627118, 81.35593220338984, 82.20338983050848, 83.05084745762711, 83.89830508474576, 84.7457627118644, 85.59322033898306, 86.4406779661017, 87.28813559322035, 88.13559322033898, 88.98305084745762, 89.83050847457628, 90.67796610169492, 91.52542372881356, 92.37288135593221, 93.22033898305084, 94.0677966101695, 94.91525423728814, 95.76271186440678, 96.61016949152543, 97.45762711864407, 98.30508474576271, 99.15254237288136]}