{"ece": 0.07242276633575345, "acc": [0.0, 0.16806722689075632, 0.24099883855981416, 0.34870550161812297, 0.44141689373297005, 0.48, 0.564, 0.5720930232558139, 0.6204081632653061, 0.685857321652065], "conf": [0.0, 0.17345063025210083, 0.24085365853658536, 0.33434466019417475, 0.4356267029972752, 0.5383333333333333, 0.639, 0.7418604651162791, 0.8433673469387755, 0.9493116395494368]}