{"auprc": 0.6492030620574951, "fpr0": 0.0, "fpr10": 0.07940000295639038, "fpr20": 0.1451999992132187, "fpr30": 0.20679999887943268, "fpr40": 0.2563000023365021, "fpr50": 0.2955000102519989, "fpr60": 0.33180001378059387, "fpr70": 0.36090001463890076, "fpr80": 0.39010000228881836, "fpr90": 0.41359999775886536, "auroc": 0.46693336963653564}