{"ausc": 0.7263977527618408, "accuracies": [0.5105168223381042, 0.5139309167861938, 0.5163818001747131, 0.518256425857544, 0.5198510885238647, 0.5213674902915955, 0.5250104665756226, 0.5268065333366394, 0.5300213694572449, 0.5315665006637573, 0.534550130367279, 0.536270022392273, 0.5400088429450989, 0.5426979064941406, 0.5461089015007019, 0.5471976399421692, 0.5496794581413269, 0.5527835488319397, 0.5564102530479431, 0.5584568381309509, 0.561253547668457, 0.563623309135437, 0.5667634606361389, 0.5697191953659058, 0.5740877985954285, 0.5765045285224915, 0.580650269985199, 0.5841127634048462, 0.5884162187576294, 0.5911245346069336, 0.5923168659210205, 0.5936645865440369, 0.5959204435348511, 0.6000330448150635, 0.6047390103340149, 0.6060059666633606, 0.6103664040565491, 0.6139726638793945, 0.6186578273773193, 0.6233041286468506, 0.6255843639373779, 0.6307171583175659, 0.6329807639122009, 0.6359997987747192, 0.6389936804771423, 0.644227921962738, 0.6483295559883118, 0.6515907049179077, 0.6554142236709595, 0.6589580774307251, 0.6604400277137756, 0.6635293960571289, 0.6665272116661072, 0.6719982028007507, 0.6775909066200256, 0.6824337840080261, 0.6881244778633118, 0.692999005317688, 0.6982136368751526, 0.7041171789169312, 0.7085444331169128, 0.7138463258743286, 0.7185519933700562, 0.7230241894721985, 0.7314643263816833, 0.7384222745895386, 0.7424382567405701, 0.7487267255783081, 0.7572646141052246, 0.7621945738792419, 0.7683627605438232, 0.7739387154579163, 0.7822719216346741, 0.7875897884368896, 0.7957406640052795, 0.8044144511222839, 0.8139922022819519, 0.8181498050689697, 0.8275819420814514, 0.8350883722305298, 0.8391815423965454, 0.8469992280006409, 0.8539140224456787, 0.8609194755554199, 0.8665410280227661, 0.87355637550354, 0.8803538084030151, 0.8874775767326355, 0.8948270082473755, 0.8984898328781128, 0.9044938683509827, 0.9094131588935852, 0.9142590761184692, 0.9191810488700867, 0.9270184636116028, 0.9301971197128296, 0.9337297081947327, 0.9364239573478699, 0.93795245885849, 0.9450202584266663, 0.9487019181251526, 0.9540071487426758, 0.9579851031303406, 0.9592912197113037, 0.9600207209587097, 0.9633892774581909, 0.9647743105888367, 0.9675647020339966, 0.9691216945648193, 0.9676713943481445, 0.9693742394447327, 0.9748266935348511, 0.9776738286018372, 0.9769973754882812, 0.974337637424469, 0.9810591340065002, 0.9801217317581177, 0.9796749949455261], "filter_out_rate": [0.0, 0.847457627118644, 1.694915254237288, 2.5423728813559325, 3.389830508474576, 4.23728813559322, 5.084745762711865, 5.932203389830509, 6.779661016949152, 7.627118644067797, 8.47457627118644, 9.322033898305085, 10.16949152542373, 11.016949152542372, 11.864406779661017, 12.711864406779661, 13.559322033898304, 14.40677966101695, 15.254237288135593, 16.101694915254235, 16.94915254237288, 17.796610169491526, 18.64406779661017, 19.491525423728813, 20.33898305084746, 21.1864406779661, 22.033898305084744, 22.88135593220339, 23.728813559322035, 24.576271186440678, 25.423728813559322, 26.27118644067797, 27.11864406779661, 27.966101694915253, 28.8135593220339, 29.66101694915254, 30.508474576271187, 31.35593220338983, 32.20338983050847, 33.05084745762712, 33.89830508474576, 34.74576271186441, 35.59322033898305, 36.440677966101696, 37.28813559322034, 38.13559322033898, 38.983050847457626, 39.83050847457627, 40.67796610169492, 41.52542372881356, 42.3728813559322, 43.22033898305085, 44.06779661016949, 44.91525423728814, 45.76271186440678, 46.61016949152542, 47.45762711864407, 48.30508474576271, 49.152542372881356, 50.0, 50.847457627118644, 51.69491525423729, 52.54237288135594, 53.38983050847458, 54.23728813559322, 55.08474576271186, 55.932203389830505, 56.779661016949156, 57.6271186440678, 58.47457627118644, 59.32203389830508, 60.16949152542372, 61.016949152542374, 61.86440677966102, 62.71186440677966, 63.559322033898304, 64.40677966101694, 65.2542372881356, 66.10169491525424, 66.94915254237289, 67.79661016949152, 68.64406779661016, 69.49152542372882, 70.33898305084746, 71.1864406779661, 72.03389830508475, 72.88135593220339, 73.72881355932203, 74.57627118644068, 75.42372881355932, 76.27118644067797, 77.11864406779661, 77.96610169491525, 78.8135593220339, 79.66101694915254, 80.50847457627118, 81.35593220338984, 82.20338983050848, 83.05084745762711, 83.89830508474576, 84.7457627118644, 85.59322033898306, 86.4406779661017, 87.28813559322035, 88.13559322033898, 88.98305084745762, 89.83050847457628, 90.67796610169492, 91.52542372881356, 92.37288135593221, 93.22033898305084, 94.0677966101695, 94.91525423728814, 95.76271186440678, 96.61016949152543, 97.45762711864407, 98.30508474576271, 99.15254237288136]}