{"ece": 0.05745131173872306, "acc": [0.0, 0.20134228187919462, 0.23036649214659685, 0.352317880794702, 0.45307443365695793, 0.49786628733997157, 0.5633561643835616, 0.6531365313653137, 0.7006802721088435, 0.7723404255319148], "conf": [0.0, 0.1730285234899329, 0.24394633507853403, 0.3382450331125828, 0.43635382955771307, 0.5384068278805121, 0.6399828767123288, 0.7384686346863468, 0.842687074829932, 0.9473404255319149]}