{"auprc": 0.6713430881500244, "fpr0": 0.0, "fpr10": 0.06539999693632126, "fpr20": 0.11800000071525574, "fpr30": 0.1665000021457672, "fpr40": 0.20999999344348907, "fpr50": 0.24819999933242798, "fpr60": 0.28119999170303345, "fpr70": 0.31290000677108765, "fpr80": 0.34209999442100525, "fpr90": 0.3653999865055084, "auroc": 0.49884504079818726}