{"ausc": 0.7204523682594299, "accuracies": [0.5182291865348816, 0.520795464515686, 0.5226902365684509, 0.5244102478027344, 0.5267783999443054, 0.5300187468528748, 0.5318411588668823, 0.5342233777046204, 0.5374999642372131, 0.5393233895301819, 0.5416122674942017, 0.544488251209259, 0.5473032593727112, 0.5506131649017334, 0.5553306341171265, 0.5580894351005554, 0.5604395270347595, 0.5623700022697449, 0.5637529492378235, 0.5671606659889221, 0.5699192881584167, 0.5721303224563599, 0.5759555101394653, 0.5785104036331177, 0.581607460975647, 0.5842669010162354, 0.5883610248565674, 0.5912668108940125, 0.593795657157898, 0.5964273810386658, 0.5992423892021179, 0.6023809909820557, 0.6053179502487183, 0.6088566780090332, 0.6115143895149231, 0.6141843795776367, 0.6177949905395508, 0.6209214329719543, 0.6239748001098633, 0.6295441389083862, 0.6332037448883057, 0.6347353458404541, 0.6390946507453918, 0.642086923122406, 0.6456705927848816, 0.6495909094810486, 0.652765154838562, 0.6522791981697083, 0.654984176158905, 0.6591745018959045, 0.6624912619590759, 0.6650607585906982, 0.6694355010986328, 0.6732409596443176, 0.6766344308853149, 0.6787895560264587, 0.6821656823158264, 0.6872104406356812, 0.6913521885871887, 0.6944215297698975, 0.6988942623138428, 0.7032107710838318, 0.7081874012947083, 0.711703896522522, 0.7174010872840881, 0.7240563035011292, 0.7300602197647095, 0.7339422702789307, 0.7395520210266113, 0.7454821467399597, 0.7498454451560974, 0.756406307220459, 0.7618908882141113, 0.7651274800300598, 0.7726691961288452, 0.7778401374816895, 0.784479022026062, 0.7893762588500977, 0.7962813973426819, 0.8025767207145691, 0.811996340751648, 0.8212063312530518, 0.8277453184127808, 0.831226646900177, 0.8388041853904724, 0.8480062484741211, 0.8518555760383606, 0.8638156056404114, 0.8731425404548645, 0.8812232613563538, 0.8888654708862305, 0.8936532735824585, 0.8982992768287659, 0.907303512096405, 0.9094088673591614, 0.9192677736282349, 0.9241625666618347, 0.9273454546928406, 0.9322094917297363, 0.9319037199020386, 0.9350396394729614, 0.9382091164588928, 0.9398210048675537, 0.9372114539146423, 0.9385270476341248, 0.9407941102981567, 0.9423463344573975, 0.9447363615036011, 0.9494231939315796, 0.9501710534095764, 0.9577192664146423, 0.9615734815597534, 0.9682016372680664, 0.9696134924888611, 0.9720912575721741, 0.9715383648872375, 0.9721217751502991, 0.9711894392967224], "filter_out_rate": [0.0, 0.847457627118644, 1.694915254237288, 2.5423728813559325, 3.389830508474576, 4.23728813559322, 5.084745762711865, 5.932203389830509, 6.779661016949152, 7.627118644067797, 8.47457627118644, 9.322033898305085, 10.16949152542373, 11.016949152542372, 11.864406779661017, 12.711864406779661, 13.559322033898304, 14.40677966101695, 15.254237288135593, 16.101694915254235, 16.94915254237288, 17.796610169491526, 18.64406779661017, 19.491525423728813, 20.33898305084746, 21.1864406779661, 22.033898305084744, 22.88135593220339, 23.728813559322035, 24.576271186440678, 25.423728813559322, 26.27118644067797, 27.11864406779661, 27.966101694915253, 28.8135593220339, 29.66101694915254, 30.508474576271187, 31.35593220338983, 32.20338983050847, 33.05084745762712, 33.89830508474576, 34.74576271186441, 35.59322033898305, 36.440677966101696, 37.28813559322034, 38.13559322033898, 38.983050847457626, 39.83050847457627, 40.67796610169492, 41.52542372881356, 42.3728813559322, 43.22033898305085, 44.06779661016949, 44.91525423728814, 45.76271186440678, 46.61016949152542, 47.45762711864407, 48.30508474576271, 49.152542372881356, 50.0, 50.847457627118644, 51.69491525423729, 52.54237288135594, 53.38983050847458, 54.23728813559322, 55.08474576271186, 55.932203389830505, 56.779661016949156, 57.6271186440678, 58.47457627118644, 59.32203389830508, 60.16949152542372, 61.016949152542374, 61.86440677966102, 62.71186440677966, 63.559322033898304, 64.40677966101694, 65.2542372881356, 66.10169491525424, 66.94915254237289, 67.79661016949152, 68.64406779661016, 69.49152542372882, 70.33898305084746, 71.1864406779661, 72.03389830508475, 72.88135593220339, 73.72881355932203, 74.57627118644068, 75.42372881355932, 76.27118644067797, 77.11864406779661, 77.96610169491525, 78.8135593220339, 79.66101694915254, 80.50847457627118, 81.35593220338984, 82.20338983050848, 83.05084745762711, 83.89830508474576, 84.7457627118644, 85.59322033898306, 86.4406779661017, 87.28813559322035, 88.13559322033898, 88.98305084745762, 89.83050847457628, 90.67796610169492, 91.52542372881356, 92.37288135593221, 93.22033898305084, 94.0677966101695, 94.91525423728814, 95.76271186440678, 96.61016949152543, 97.45762711864407, 98.30508474576271, 99.15254237288136]}