{"ece": 0.0809719386245265, "acc": [0.0, 0.0, 0.3333333333333333, 0.22666666666666666, 0.3824884792626728, 0.4965034965034965, 0.5721518987341773, 0.6238738738738738, 0.7518115942028986, 0.8712955122777307], "conf": [0.0, 0.1800537109375, 0.2766927083333333, 0.3525, 0.44527649769585254, 0.541083916083916, 0.6386075949367088, 0.7415540540540541, 0.8442028985507246, 0.951735817104149]}