{"auprc": 0.9839206337928772, "fpr0": 0.0, "fpr10": 0.0, "fpr20": 9.999999747378752e-05, "fpr30": 0.00039999998989515007, "fpr40": 0.0012000000569969416, "fpr50": 0.0031999999191612005, "fpr60": 0.0052999998442828655, "fpr70": 0.00839999970048666, "fpr80": 0.01549999974668026, "fpr90": 0.030300000682473183, "auroc": 0.9849430322647095}