{"ausc": 0.9605920314788818, "accuracies": [0.8665865659713745, 0.8702806234359741, 0.8739317059516907, 0.8776410222053528, 0.8812034726142883, 0.8844069242477417, 0.8871374726295471, 0.8899131417274475, 0.8933761715888977, 0.8951734900474548, 0.8984137177467346, 0.9013805985450745, 0.9038461446762085, 0.9059086441993713, 0.9084571599960327, 0.91105055809021, 0.9142628312110901, 0.9155694246292114, 0.9188811182975769, 0.9220095872879028, 0.9253236055374146, 0.9271416068077087, 0.9289930462837219, 0.9316239953041077, 0.9333087205886841, 0.9357607960700989, 0.9389028549194336, 0.9404557347297668, 0.9422973394393921, 0.9441749453544617, 0.9466127157211304, 0.9481727480888367, 0.9491046071052551, 0.9509992599487305, 0.9534783959388733, 0.9553214907646179, 0.9576120376586914, 0.959680438041687, 0.9613542556762695, 0.9637941122055054, 0.9649713039398193, 0.9672133326530457, 0.9680274724960327, 0.9680957198143005, 0.9697084426879883, 0.9716633558273315, 0.973824143409729, 0.9760305881500244, 0.9774888753890991, 0.979476809501648, 0.9793727397918701, 0.9814304709434509, 0.9820127487182617, 0.9829702973365784, 0.9842692613601685, 0.9858077764511108, 0.9872263669967651, 0.988489031791687, 0.9903309345245361, 0.9920517206192017, 0.992138683795929, 0.9926080107688904, 0.9932863116264343, 0.9945780634880066, 0.9946919679641724, 0.9950189590454102, 0.9951437711715698, 0.9950804114341736, 0.9954352974891663, 0.9960166811943054, 0.9964045286178589, 0.9965775609016418, 0.9976728558540344, 0.9980913996696472, 0.9980691075325012, 0.9982835054397583, 0.9979983568191528, 0.9979637265205383, 0.997927725315094, 0.99788498878479, 0.9978286623954773, 0.9975088834762573, 0.9974539279937744, 0.9973964095115662, 0.998203694820404, 0.9984808564186096, 0.9984440207481384, 0.9987257719039917, 0.9987097382545471, 0.9986677765846252, 0.9989878535270691, 0.9989604353904724, 0.999643862247467, 0.9996336698532104, 0.9996229410171509, 1.0, 1.0, 1.0, 1.0, 1.0, 1.0, 1.0, 1.0, 1.0, 1.0, 1.0, 1.0, 1.0, 1.0, 1.0, 1.0, 1.0, 1.0, 1.0, 1.0, 1.0, 1.0, 1.0], "filter_out_rate": [0.0, 0.847457627118644, 1.694915254237288, 2.5423728813559325, 3.389830508474576, 4.23728813559322, 5.084745762711865, 5.932203389830509, 6.779661016949152, 7.627118644067797, 8.47457627118644, 9.322033898305085, 10.16949152542373, 11.016949152542372, 11.864406779661017, 12.711864406779661, 13.559322033898304, 14.40677966101695, 15.254237288135593, 16.101694915254235, 16.94915254237288, 17.796610169491526, 18.64406779661017, 19.491525423728813, 20.33898305084746, 21.1864406779661, 22.033898305084744, 22.88135593220339, 23.728813559322035, 24.576271186440678, 25.423728813559322, 26.27118644067797, 27.11864406779661, 27.966101694915253, 28.8135593220339, 29.66101694915254, 30.508474576271187, 31.35593220338983, 32.20338983050847, 33.05084745762712, 33.89830508474576, 34.74576271186441, 35.59322033898305, 36.440677966101696, 37.28813559322034, 38.13559322033898, 38.983050847457626, 39.83050847457627, 40.67796610169492, 41.52542372881356, 42.3728813559322, 43.22033898305085, 44.06779661016949, 44.91525423728814, 45.76271186440678, 46.61016949152542, 47.45762711864407, 48.30508474576271, 49.152542372881356, 50.0, 50.847457627118644, 51.69491525423729, 52.54237288135594, 53.38983050847458, 54.23728813559322, 55.08474576271186, 55.932203389830505, 56.779661016949156, 57.6271186440678, 58.47457627118644, 59.32203389830508, 60.16949152542372, 61.016949152542374, 61.86440677966102, 62.71186440677966, 63.559322033898304, 64.40677966101694, 65.2542372881356, 66.10169491525424, 66.94915254237289, 67.79661016949152, 68.64406779661016, 69.49152542372882, 70.33898305084746, 71.1864406779661, 72.03389830508475, 72.88135593220339, 73.72881355932203, 74.57627118644068, 75.42372881355932, 76.27118644067797, 77.11864406779661, 77.96610169491525, 78.8135593220339, 79.66101694915254, 80.50847457627118, 81.35593220338984, 82.20338983050848, 83.05084745762711, 83.89830508474576, 84.7457627118644, 85.59322033898306, 86.4406779661017, 87.28813559322035, 88.13559322033898, 88.98305084745762, 89.83050847457628, 90.67796610169492, 91.52542372881356, 92.37288135593221, 93.22033898305084, 94.0677966101695, 94.91525423728814, 95.76271186440678, 96.61016949152543, 97.45762711864407, 98.30508474576271, 99.15254237288136]}