{"ece": 0.12568234174679488, "acc": [0.0, 0.0, 0.0, 0.0, 0.2222222222222222, 0.5, 0.42857142857142855, 0.6444444444444445, 0.7777777777777778, 0.8175675675675675], "conf": [0.0, 0.0, 0.0, 0.35009765625, 0.453125, 0.544921875, 0.6428571428571429, 0.7465277777777778, 0.8460648148148148, 0.9552364864864865]}