{"auprc": 0.9134100675582886, "fpr0": 0.0, "fpr10": 0.002099999925121665, "fpr20": 0.006500000134110451, "fpr30": 0.01209999993443489, "fpr40": 0.020600000396370888, "fpr50": 0.030400000512599945, "fpr60": 0.04569999873638153, "fpr70": 0.06400000303983688, "fpr80": 0.08309999853372574, "fpr90": 0.11079999804496765, "auroc": 0.9268436431884766}