{"ausc": 0.9897663593292236, "accuracies": [0.9872796535491943, 0.9881890416145325, 0.9890110492706299, 0.9897435307502747, 0.99079829454422, 0.9912446141242981, 0.9920133948326111, 0.9927949905395508, 0.9929486513137817, 0.9940745234489441, 0.9942416548728943, 0.9945211410522461, 0.9948054552078247, 0.9954292178153992, 0.9953891038894653, 0.995348334312439, 0.9965658783912659, 0.9967660307884216, 0.9969696402549744, 0.9970595240592957, 0.9971510171890259, 0.9971243143081665, 0.9972181916236877, 0.9973138570785522, 0.99741131067276, 0.9975106716156006, 0.9976118803024292, 0.9977151155471802, 0.9976922273635864, 0.9976689219474792, 0.9977759122848511, 0.9980175495147705, 0.9979968070983887, 0.9979756474494934, 0.9980906248092651, 0.9980700612068176, 0.9980490207672119, 0.9981684684753418, 0.9982905387878418, 0.9982713460922241, 0.9982516765594482, 0.9982316493988037, 0.998062014579773, 0.9980392456054688, 0.9980158805847168, 0.9981464743614197, 0.9981237649917603, 0.9981006979942322, 0.9982371926307678, 0.9985394477844238, 0.9986850023269653, 0.9986680150032043, 0.9988192319869995, 0.998803436756134, 0.998960554599762, 0.9989462494850159, 0.9989315867424011, 0.9989166259765625, 0.9990842938423157, 0.9990710020065308, 0.9990572929382324, 0.9992346167564392, 0.999222993850708, 0.9996055364608765, 0.9997996687889099, 1.0, 1.0, 1.0, 1.0, 1.0, 1.0, 1.0, 1.0, 1.0, 0.9997581243515015, 0.9997535347938538, 0.9997486472129822, 0.9997435212135315, 0.999738335609436, 0.9997328519821167, 0.999727189540863, 1.0, 1.0, 1.0, 1.0, 1.0, 1.0, 1.0, 1.0, 1.0, 1.0, 1.0, 1.0, 1.0, 1.0, 1.0, 1.0, 1.0, 1.0, 1.0, 1.0, 1.0, 1.0, 1.0, 1.0, 1.0, 1.0, 1.0, 1.0, 1.0, 1.0, 1.0, 1.0, 1.0, 1.0, 1.0, 1.0, 1.0], "filter_out_rate": [0.0, 0.847457627118644, 1.694915254237288, 2.5423728813559325, 3.389830508474576, 4.23728813559322, 5.084745762711865, 5.932203389830509, 6.779661016949152, 7.627118644067797, 8.47457627118644, 9.322033898305085, 10.16949152542373, 11.016949152542372, 11.864406779661017, 12.711864406779661, 13.559322033898304, 14.40677966101695, 15.254237288135593, 16.101694915254235, 16.94915254237288, 17.796610169491526, 18.64406779661017, 19.491525423728813, 20.33898305084746, 21.1864406779661, 22.033898305084744, 22.88135593220339, 23.728813559322035, 24.576271186440678, 25.423728813559322, 26.27118644067797, 27.11864406779661, 27.966101694915253, 28.8135593220339, 29.66101694915254, 30.508474576271187, 31.35593220338983, 32.20338983050847, 33.05084745762712, 33.89830508474576, 34.74576271186441, 35.59322033898305, 36.440677966101696, 37.28813559322034, 38.13559322033898, 38.983050847457626, 39.83050847457627, 40.67796610169492, 41.52542372881356, 42.3728813559322, 43.22033898305085, 44.06779661016949, 44.91525423728814, 45.76271186440678, 46.61016949152542, 47.45762711864407, 48.30508474576271, 49.152542372881356, 50.0, 50.847457627118644, 51.69491525423729, 52.54237288135594, 53.38983050847458, 54.23728813559322, 55.08474576271186, 55.932203389830505, 56.779661016949156, 57.6271186440678, 58.47457627118644, 59.32203389830508, 60.16949152542372, 61.016949152542374, 61.86440677966102, 62.71186440677966, 63.559322033898304, 64.40677966101694, 65.2542372881356, 66.10169491525424, 66.94915254237289, 67.79661016949152, 68.64406779661016, 69.49152542372882, 70.33898305084746, 71.1864406779661, 72.03389830508475, 72.88135593220339, 73.72881355932203, 74.57627118644068, 75.42372881355932, 76.27118644067797, 77.11864406779661, 77.96610169491525, 78.8135593220339, 79.66101694915254, 80.50847457627118, 81.35593220338984, 82.20338983050848, 83.05084745762711, 83.89830508474576, 84.7457627118644, 85.59322033898306, 86.4406779661017, 87.28813559322035, 88.13559322033898, 88.98305084745762, 89.83050847457628, 90.67796610169492, 91.52542372881356, 92.37288135593221, 93.22033898305084, 94.0677966101695, 94.91525423728814, 95.76271186440678, 96.61016949152543, 97.45762711864407, 98.30508474576271, 99.15254237288136]}