{"ece": 0.07681124925328556, "acc": [0.0, 0.0, 0.375, 0.40789473684210525, 0.379746835443038, 0.5216284987277354, 0.5390428211586902, 0.6659090909090909, 0.7552083333333334, 0.8665028665028665], "conf": [0.0, 0.0, 0.2724609375, 0.3515625, 0.4438291139240506, 0.5397582697201018, 0.6410579345088161, 0.7420454545454546, 0.8450520833333334, 0.9516789516789517]}