{"auprc": 0.9768441319465637, "fpr0": 0.0, "fpr10": 0.0005000000237487257, "fpr20": 0.0008999999845400453, "fpr30": 0.001500000013038516, "fpr40": 0.0026000000070780516, "fpr50": 0.00559999980032444, "fpr60": 0.009200000204145908, "fpr70": 0.013199999928474426, "fpr80": 0.022199999541044235, "fpr90": 0.03709999844431877, "auroc": 0.9794787168502808}