{"ausc": 0.9609017372131348, "accuracies": [0.8672876358032227, 0.8709872364997864, 0.8744404315948486, 0.8784615993499756, 0.8826510310173035, 0.8868043422698975, 0.889764666557312, 0.8929858207702637, 0.8961538672447205, 0.8989441990852356, 0.9000433683395386, 0.9024764895439148, 0.9055039882659912, 0.9076923727989197, 0.9095817804336548, 0.911156952381134, 0.9145990014076233, 0.9168325662612915, 0.9198048710823059, 0.922481119632721, 0.924738883972168, 0.9272705316543579, 0.9313014149665833, 0.9332112073898315, 0.9363905191421509, 0.9390092492103577, 0.940925121307373, 0.942751944065094, 0.9443589448928833, 0.9463830590248108, 0.9476686120033264, 0.9495055079460144, 0.95191890001297, 0.9533020257949829, 0.9547074437141418, 0.9571151733398438, 0.9578953385353088, 0.9596788287162781, 0.9625082612037659, 0.9629397392272949, 0.9641088843345642, 0.9664937257766724, 0.9686395525932312, 0.9708377122879028, 0.9729280471801758, 0.9732210040092468, 0.9746037721633911, 0.9765133857727051, 0.9776593446731567, 0.9796287417411804, 0.9801730513572693, 0.9814216494560242, 0.9828540086746216, 0.9838066101074219, 0.9852920770645142, 0.9872082471847534, 0.9886459112167358, 0.9897686839103699, 0.9910803437232971, 0.991717517375946, 0.9921683073043823, 0.9930241703987122, 0.9928960800170898, 0.9929913282394409, 0.9934876561164856, 0.9937992691993713, 0.9941349625587463, 0.9944649934768677, 0.994175910949707, 0.9942971467971802, 0.9950976967811584, 0.9961274266242981, 0.9960528612136841, 0.9966663718223572, 0.9965894818305969, 0.9970118403434753, 0.9969578385353088, 0.9969018697738647, 0.9968489408493042, 0.9967886805534363, 0.9967320561408997, 0.9963763356208801, 0.9968909025192261, 0.9971250891685486, 0.9973505735397339, 0.9975863695144653, 0.997222900390625, 0.9980764985084534, 0.9983559846878052, 0.9986677765846252, 0.9986321926116943, 0.9985947012901306, 0.9989112615585327, 0.9988688230514526, 0.998834490776062, 0.9987980723381042, 0.9987593293190002, 0.9987179636955261, 0.9991157650947571, 0.9990842938423157, 0.9990503191947937, 0.9989743232727051, 1.0, 1.0, 1.0, 1.0, 1.0, 1.0, 1.0, 1.0, 1.0, 1.0, 1.0, 1.0, 1.0, 1.0, 1.0, 1.0], "filter_out_rate": [0.0, 0.847457627118644, 1.694915254237288, 2.5423728813559325, 3.389830508474576, 4.23728813559322, 5.084745762711865, 5.932203389830509, 6.779661016949152, 7.627118644067797, 8.47457627118644, 9.322033898305085, 10.16949152542373, 11.016949152542372, 11.864406779661017, 12.711864406779661, 13.559322033898304, 14.40677966101695, 15.254237288135593, 16.101694915254235, 16.94915254237288, 17.796610169491526, 18.64406779661017, 19.491525423728813, 20.33898305084746, 21.1864406779661, 22.033898305084744, 22.88135593220339, 23.728813559322035, 24.576271186440678, 25.423728813559322, 26.27118644067797, 27.11864406779661, 27.966101694915253, 28.8135593220339, 29.66101694915254, 30.508474576271187, 31.35593220338983, 32.20338983050847, 33.05084745762712, 33.89830508474576, 34.74576271186441, 35.59322033898305, 36.440677966101696, 37.28813559322034, 38.13559322033898, 38.983050847457626, 39.83050847457627, 40.67796610169492, 41.52542372881356, 42.3728813559322, 43.22033898305085, 44.06779661016949, 44.91525423728814, 45.76271186440678, 46.61016949152542, 47.45762711864407, 48.30508474576271, 49.152542372881356, 50.0, 50.847457627118644, 51.69491525423729, 52.54237288135594, 53.38983050847458, 54.23728813559322, 55.08474576271186, 55.932203389830505, 56.779661016949156, 57.6271186440678, 58.47457627118644, 59.32203389830508, 60.16949152542372, 61.016949152542374, 61.86440677966102, 62.71186440677966, 63.559322033898304, 64.40677966101694, 65.2542372881356, 66.10169491525424, 66.94915254237289, 67.79661016949152, 68.64406779661016, 69.49152542372882, 70.33898305084746, 71.1864406779661, 72.03389830508475, 72.88135593220339, 73.72881355932203, 74.57627118644068, 75.42372881355932, 76.27118644067797, 77.11864406779661, 77.96610169491525, 78.8135593220339, 79.66101694915254, 80.50847457627118, 81.35593220338984, 82.20338983050848, 83.05084745762711, 83.89830508474576, 84.7457627118644, 85.59322033898306, 86.4406779661017, 87.28813559322035, 88.13559322033898, 88.98305084745762, 89.83050847457628, 90.67796610169492, 91.52542372881356, 92.37288135593221, 93.22033898305084, 94.0677966101695, 94.91525423728814, 95.76271186440678, 96.61016949152543, 97.45762711864407, 98.30508474576271, 99.15254237288136]}