{"ece": 0.052411016949152546, "acc": [0.0, 0.14857142857142858, 0.25594855305466235, 0.35403283369022126, 0.45076586433260396, 0.5029154518950437, 0.5928449744463373, 0.6643356643356644, 0.7003610108303249, 0.7841031149301826], "conf": [0.0, 0.17589285714285716, 0.24389067524115757, 0.3369022127052106, 0.43818380743982493, 0.5375364431486881, 0.641396933560477, 0.7403846153846154, 0.8398014440433214, 0.9500537056928035]}