{"auprc": 0.6360981464385986, "fpr0": 0.0, "fpr10": 0.08150000125169754, "fpr20": 0.14990000426769257, "fpr30": 0.2102999985218048, "fpr40": 0.2662999927997589, "fpr50": 0.313400000333786, "fpr60": 0.3537999987602234, "fpr70": 0.38670000433921814, "fpr80": 0.4138999879360199, "fpr90": 0.43849998712539673, "auroc": 0.43537387251853943}