{"ausc": 0.7326728105545044, "accuracies": [0.5247395634651184, 0.5273571610450745, 0.5285918116569519, 0.5307692289352417, 0.5322580337524414, 0.5342922806739807, 0.5378310084342957, 0.5405806303024292, 0.5433760285377502, 0.5454643964767456, 0.5479139089584351, 0.5512820482254028, 0.5552608370780945, 0.5585284233093262, 0.5601664185523987, 0.5625141859054565, 0.5658195614814758, 0.5676831007003784, 0.5707459449768066, 0.5744529962539673, 0.5765103697776794, 0.5801005363464355, 0.5837595462799072, 0.5865103602409363, 0.5900547504425049, 0.5926686525344849, 0.595463216304779, 0.599582314491272, 0.602245569229126, 0.6044445037841797, 0.6072116494178772, 0.6103001236915588, 0.6137188673019409, 0.618290364742279, 0.619958758354187, 0.6231779456138611, 0.6256324648857117, 0.628422737121582, 0.6315599083900452, 0.6351686716079712, 0.6403507590293884, 0.6446188688278198, 0.64719557762146, 0.6499856114387512, 0.653447151184082, 0.6571464538574219, 0.6609377861022949, 0.6634021401405334, 0.6654434204101562, 0.6689990162849426, 0.6723511815071106, 0.6777542233467102, 0.6814125180244446, 0.6868607401847839, 0.689732551574707, 0.6954933404922485, 0.700839638710022, 0.7058427333831787, 0.7081806659698486, 0.7128608822822571, 0.7170679569244385, 0.7217264175415039, 0.728629469871521, 0.7338942289352417, 0.737211287021637, 0.7434355020523071, 0.7467084527015686, 0.7524562478065491, 0.7526300549507141, 0.7607608437538147, 0.7675362229347229, 0.7745006084442139, 0.7809879779815674, 0.7888181209564209, 0.7960240840911865, 0.7997365593910217, 0.8047327995300293, 0.8119320273399353, 0.8210042119026184, 0.8282710313796997, 0.8344685435295105, 0.844956636428833, 0.8533387780189514, 0.8644266128540039, 0.8686149716377258, 0.8745295405387878, 0.8809570074081421, 0.8859501481056213, 0.8913970589637756, 0.8964017033576965, 0.9019104242324829, 0.9076871871948242, 0.9113324284553528, 0.9153569340705872, 0.9183723330497742, 0.9247801303863525, 0.9304271340370178, 0.9359796047210693, 0.9417006373405457, 0.9427348375320435, 0.9428611993789673, 0.9464712738990784, 0.9494061470031738, 0.9483818411827087, 0.9504922032356262, 0.950617790222168, 0.955094575881958, 0.9595710635185242, 0.9685795307159424, 0.9705935716629028, 0.9701690673828125, 0.9705389738082886, 0.9713171124458313, 0.9744239449501038, 0.9744569659233093, 0.9809554815292358, 0.9828218221664429, 0.9806966781616211], "filter_out_rate": [0.0, 0.847457627118644, 1.694915254237288, 2.5423728813559325, 3.389830508474576, 4.23728813559322, 5.084745762711865, 5.932203389830509, 6.779661016949152, 7.627118644067797, 8.47457627118644, 9.322033898305085, 10.16949152542373, 11.016949152542372, 11.864406779661017, 12.711864406779661, 13.559322033898304, 14.40677966101695, 15.254237288135593, 16.101694915254235, 16.94915254237288, 17.796610169491526, 18.64406779661017, 19.491525423728813, 20.33898305084746, 21.1864406779661, 22.033898305084744, 22.88135593220339, 23.728813559322035, 24.576271186440678, 25.423728813559322, 26.27118644067797, 27.11864406779661, 27.966101694915253, 28.8135593220339, 29.66101694915254, 30.508474576271187, 31.35593220338983, 32.20338983050847, 33.05084745762712, 33.89830508474576, 34.74576271186441, 35.59322033898305, 36.440677966101696, 37.28813559322034, 38.13559322033898, 38.983050847457626, 39.83050847457627, 40.67796610169492, 41.52542372881356, 42.3728813559322, 43.22033898305085, 44.06779661016949, 44.91525423728814, 45.76271186440678, 46.61016949152542, 47.45762711864407, 48.30508474576271, 49.152542372881356, 50.0, 50.847457627118644, 51.69491525423729, 52.54237288135594, 53.38983050847458, 54.23728813559322, 55.08474576271186, 55.932203389830505, 56.779661016949156, 57.6271186440678, 58.47457627118644, 59.32203389830508, 60.16949152542372, 61.016949152542374, 61.86440677966102, 62.71186440677966, 63.559322033898304, 64.40677966101694, 65.2542372881356, 66.10169491525424, 66.94915254237289, 67.79661016949152, 68.64406779661016, 69.49152542372882, 70.33898305084746, 71.1864406779661, 72.03389830508475, 72.88135593220339, 73.72881355932203, 74.57627118644068, 75.42372881355932, 76.27118644067797, 77.11864406779661, 77.96610169491525, 78.8135593220339, 79.66101694915254, 80.50847457627118, 81.35593220338984, 82.20338983050848, 83.05084745762711, 83.89830508474576, 84.7457627118644, 85.59322033898306, 86.4406779661017, 87.28813559322035, 88.13559322033898, 88.98305084745762, 89.83050847457628, 90.67796610169492, 91.52542372881356, 92.37288135593221, 93.22033898305084, 94.0677966101695, 94.91525423728814, 95.76271186440678, 96.61016949152543, 97.45762711864407, 98.30508474576271, 99.15254237288136]}