{"ece": 0.031983866494082844, "acc": [0.0, 0.14705882352941177, 0.2290909090909091, 0.3424828446662508, 0.4474153297682709, 0.5145739910313901, 0.6256983240223464, 0.7119205298013245, 0.7522796352583586, 0.8399602385685885], "conf": [0.0, 0.1742876838235294, 0.24654545454545454, 0.3378041172800998, 0.4391711229946524, 0.5375560538116592, 0.6375698324022346, 0.7408940397350994, 0.8427051671732523, 0.94831013916501]}