{"auprc": 0.6547102332115173, "fpr0": 0.0, "fpr10": 0.0649000033736229, "fpr20": 0.12520000338554382, "fpr30": 0.1753000020980835, "fpr40": 0.2198999971151352, "fpr50": 0.25999999046325684, "fpr60": 0.2955999970436096, "fpr70": 0.3262999951839447, "fpr80": 0.3598000109195709, "fpr90": 0.38589999079704285, "auroc": 0.4548235833644867}