{"ausc": 0.7178635001182556, "accuracies": [0.5245392918586731, 0.5259438753128052, 0.5277777910232544, 0.5308717489242554, 0.534325897693634, 0.5361683964729309, 0.5382512807846069, 0.5416401624679565, 0.5435897707939148, 0.5452488660812378, 0.5465015769004822, 0.5472277402877808, 0.5490716099739075, 0.5508361458778381, 0.5539811253547668, 0.555479884147644, 0.5572344660758972, 0.5594826340675354, 0.5615383982658386, 0.5646907091140747, 0.5682573914527893, 0.5685358047485352, 0.5718432068824768, 0.5768010020256042, 0.5798816084861755, 0.5820263624191284, 0.5838361382484436, 0.5866971611976624, 0.5893589854240417, 0.5922040939331055, 0.5934065580368042, 0.5950303673744202, 0.597088634967804, 0.6000000238418579, 0.6029732823371887, 0.6062862873077393, 0.6092530488967896, 0.6131304502487183, 0.6159544587135315, 0.6176893711090088, 0.622086226940155, 0.624521017074585, 0.6277579069137573, 0.6312217116355896, 0.6356837749481201, 0.6371640563011169, 0.638524055480957, 0.6415993571281433, 0.6444924473762512, 0.6481037735939026, 0.6500038504600525, 0.6544485688209534, 0.657998263835907, 0.6626057624816895, 0.6682709455490112, 0.6749721765518188, 0.6805405020713806, 0.6852551102638245, 0.6899187564849854, 0.6936055421829224, 0.7007468342781067, 0.7065690755844116, 0.7111081480979919, 0.7139361500740051, 0.7206101417541504, 0.7237156629562378, 0.7292506098747253, 0.7365139722824097, 0.7418078780174255, 0.7462984919548035, 0.7507639527320862, 0.7541971802711487, 0.7592009902000427, 0.76497483253479, 0.7696139216423035, 0.776130735874176, 0.7836564779281616, 0.7895253300666809, 0.7971163988113403, 0.8031294345855713, 0.8069573640823364, 0.8140645027160645, 0.8211004734039307, 0.8258011937141418, 0.8322499394416809, 0.837716817855835, 0.8423890471458435, 0.8493110537528992, 0.8580704927444458, 0.8670382499694824, 0.871811032295227, 0.8791407346725464, 0.8868447542190552, 0.8923147320747375, 0.8954972624778748, 0.9053593277931213, 0.9105177521705627, 0.9152603149414062, 0.9220682978630066, 0.9227737188339233, 0.9309240579605103, 0.9359443783760071, 0.940475344657898, 0.9400025606155396, 0.9467474222183228, 0.9539530873298645, 0.9612324833869934, 0.96598219871521, 0.9711613059043884, 0.9711082577705383, 0.970783531665802, 0.971510648727417, 0.971390962600708, 0.9740420579910278, 0.9751419425010681, 0.9753885269165039, 0.9784058928489685, 0.9747654795646667], "filter_out_rate": [0.0, 0.847457627118644, 1.694915254237288, 2.5423728813559325, 3.389830508474576, 4.23728813559322, 5.084745762711865, 5.932203389830509, 6.779661016949152, 7.627118644067797, 8.47457627118644, 9.322033898305085, 10.16949152542373, 11.016949152542372, 11.864406779661017, 12.711864406779661, 13.559322033898304, 14.40677966101695, 15.254237288135593, 16.101694915254235, 16.94915254237288, 17.796610169491526, 18.64406779661017, 19.491525423728813, 20.33898305084746, 21.1864406779661, 22.033898305084744, 22.88135593220339, 23.728813559322035, 24.576271186440678, 25.423728813559322, 26.27118644067797, 27.11864406779661, 27.966101694915253, 28.8135593220339, 29.66101694915254, 30.508474576271187, 31.35593220338983, 32.20338983050847, 33.05084745762712, 33.89830508474576, 34.74576271186441, 35.59322033898305, 36.440677966101696, 37.28813559322034, 38.13559322033898, 38.983050847457626, 39.83050847457627, 40.67796610169492, 41.52542372881356, 42.3728813559322, 43.22033898305085, 44.06779661016949, 44.91525423728814, 45.76271186440678, 46.61016949152542, 47.45762711864407, 48.30508474576271, 49.152542372881356, 50.0, 50.847457627118644, 51.69491525423729, 52.54237288135594, 53.38983050847458, 54.23728813559322, 55.08474576271186, 55.932203389830505, 56.779661016949156, 57.6271186440678, 58.47457627118644, 59.32203389830508, 60.16949152542372, 61.016949152542374, 61.86440677966102, 62.71186440677966, 63.559322033898304, 64.40677966101694, 65.2542372881356, 66.10169491525424, 66.94915254237289, 67.79661016949152, 68.64406779661016, 69.49152542372882, 70.33898305084746, 71.1864406779661, 72.03389830508475, 72.88135593220339, 73.72881355932203, 74.57627118644068, 75.42372881355932, 76.27118644067797, 77.11864406779661, 77.96610169491525, 78.8135593220339, 79.66101694915254, 80.50847457627118, 81.35593220338984, 82.20338983050848, 83.05084745762711, 83.89830508474576, 84.7457627118644, 85.59322033898306, 86.4406779661017, 87.28813559322035, 88.13559322033898, 88.98305084745762, 89.83050847457628, 90.67796610169492, 91.52542372881356, 92.37288135593221, 93.22033898305084, 94.0677966101695, 94.91525423728814, 95.76271186440678, 96.61016949152543, 97.45762711864407, 98.30508474576271, 99.15254237288136]}