{"ece": 0.10424265287750684, "acc": [0.0, 0.0, 0.0, 0.31666666666666665, 0.391304347826087, 0.4780058651026393, 0.5437665782493368, 0.6298076923076923, 0.7124735729386892, 0.834681042228212], "conf": [0.0, 0.0, 0.260009765625, 0.35078125, 0.4440993788819876, 0.5403225806451613, 0.6402519893899205, 0.7421875, 0.8424947145877378, 0.9514824797843666]}