{"auprc": 0.965982973575592, "fpr0": 0.0, "fpr10": 9.999999747378752e-05, "fpr20": 0.0005000000237487257, "fpr30": 0.0017999999690800905, "fpr40": 0.004100000020116568, "fpr50": 0.006599999964237213, "fpr60": 0.010999999940395355, "fpr70": 0.017400000244379044, "fpr80": 0.029600000008940697, "fpr90": 0.052400000393390656, "auroc": 0.9664378762245178}