{"ausc": 0.9629548788070679, "accuracies": [0.8729968070983887, 0.8781545758247375, 0.8814611434936523, 0.8838974237442017, 0.8867866396903992, 0.8899312019348145, 0.8935476541519165, 0.8961644172668457, 0.9004274010658264, 0.9032536149024963, 0.9058018326759338, 0.9086127877235413, 0.9106985330581665, 0.9124861359596252, 0.9154296517372131, 0.9186521768569946, 0.9218177795410156, 0.9250405430793762, 0.9266899228096008, 0.9287225604057312, 0.9307931065559387, 0.9319434762001038, 0.9339438080787659, 0.93502277135849, 0.9383425712585449, 0.9399731755256653, 0.9420338273048401, 0.9441266059875488, 0.9461213946342468, 0.9486862421035767, 0.9505183696746826, 0.952917218208313, 0.9549638032913208, 0.9571883082389832, 0.9583708047866821, 0.9597163796424866, 0.9610790610313416, 0.962912917137146, 0.9650613069534302, 0.9663934707641602, 0.9673072695732117, 0.9700219631195068, 0.9714686274528503, 0.9726225137710571, 0.9730551242828369, 0.9747390747070312, 0.9750474095344543, 0.9766017198562622, 0.979518711566925, 0.9812158346176147, 0.9816266298294067, 0.9828933477401733, 0.9831564426422119, 0.984486997127533, 0.985152006149292, 0.9863642454147339, 0.9890297055244446, 0.9894127249717712, 0.9912769794464111, 0.992452085018158, 0.9929103255271912, 0.9935654997825623, 0.9940824508666992, 0.9939703345298767, 0.9944877624511719, 0.9952325820922852, 0.9955751299858093, 0.9959357976913452, 0.9960987567901611, 0.9962643384933472, 0.9962031245231628, 0.9968104958534241, 0.9974562525749207, 0.9978803992271423, 0.9978407025337219, 0.9985159039497375, 0.9987379908561707, 0.9989688396453857, 0.9992094039916992, 0.9991928339004517, 0.9991692900657654, 0.9991574287414551, 0.9991450309753418, 0.9991255402565002, 0.999112069606781, 0.9990984797477722, 0.9990768432617188, 0.9990541338920593, 0.9990302920341492, 0.9993425011634827, 0.9993252754211426, 0.9993069767951965, 0.9992775321006775, 0.9992566108703613, 0.9996229410171509, 1.0, 1.0, 1.0, 1.0, 1.0, 1.0, 1.0, 1.0, 1.0, 1.0, 1.0, 1.0, 1.0, 1.0, 1.0, 1.0, 1.0, 1.0, 1.0, 1.0, 1.0, 1.0, 1.0], "filter_out_rate": [0.0, 0.847457627118644, 1.694915254237288, 2.5423728813559325, 3.389830508474576, 4.23728813559322, 5.084745762711865, 5.932203389830509, 6.779661016949152, 7.627118644067797, 8.47457627118644, 9.322033898305085, 10.16949152542373, 11.016949152542372, 11.864406779661017, 12.711864406779661, 13.559322033898304, 14.40677966101695, 15.254237288135593, 16.101694915254235, 16.94915254237288, 17.796610169491526, 18.64406779661017, 19.491525423728813, 20.33898305084746, 21.1864406779661, 22.033898305084744, 22.88135593220339, 23.728813559322035, 24.576271186440678, 25.423728813559322, 26.27118644067797, 27.11864406779661, 27.966101694915253, 28.8135593220339, 29.66101694915254, 30.508474576271187, 31.35593220338983, 32.20338983050847, 33.05084745762712, 33.89830508474576, 34.74576271186441, 35.59322033898305, 36.440677966101696, 37.28813559322034, 38.13559322033898, 38.983050847457626, 39.83050847457627, 40.67796610169492, 41.52542372881356, 42.3728813559322, 43.22033898305085, 44.06779661016949, 44.91525423728814, 45.76271186440678, 46.61016949152542, 47.45762711864407, 48.30508474576271, 49.152542372881356, 50.0, 50.847457627118644, 51.69491525423729, 52.54237288135594, 53.38983050847458, 54.23728813559322, 55.08474576271186, 55.932203389830505, 56.779661016949156, 57.6271186440678, 58.47457627118644, 59.32203389830508, 60.16949152542372, 61.016949152542374, 61.86440677966102, 62.71186440677966, 63.559322033898304, 64.40677966101694, 65.2542372881356, 66.10169491525424, 66.94915254237289, 67.79661016949152, 68.64406779661016, 69.49152542372882, 70.33898305084746, 71.1864406779661, 72.03389830508475, 72.88135593220339, 73.72881355932203, 74.57627118644068, 75.42372881355932, 76.27118644067797, 77.11864406779661, 77.96610169491525, 78.8135593220339, 79.66101694915254, 80.50847457627118, 81.35593220338984, 82.20338983050848, 83.05084745762711, 83.89830508474576, 84.7457627118644, 85.59322033898306, 86.4406779661017, 87.28813559322035, 88.13559322033898, 88.98305084745762, 89.83050847457628, 90.67796610169492, 91.52542372881356, 92.37288135593221, 93.22033898305084, 94.0677966101695, 94.91525423728814, 95.76271186440678, 96.61016949152543, 97.45762711864407, 98.30508474576271, 99.15254237288136]}