{"ece": 0.1035434737404943, "acc": [0.0, 0.0, 0.25, 0.288135593220339, 0.3674698795180723, 0.40934065934065933, 0.5401069518716578, 0.6515580736543909, 0.7423312883435583, 0.8440959409594095], "conf": [0.0, 0.0, 0.2449951171875, 0.3522245762711864, 0.44728915662650603, 0.5415521978021978, 0.6366978609625669, 0.740084985835694, 0.8425357873210634, 0.9529520295202952]}