{"auprc": 0.9699824452400208, "fpr0": 0.0, "fpr10": 0.0, "fpr20": 0.0003000000142492354, "fpr30": 0.0013000000035390258, "fpr40": 0.0019000000320374966, "fpr50": 0.0038999998942017555, "fpr60": 0.007300000172108412, "fpr70": 0.014100000262260437, "fpr80": 0.028599999845027924, "fpr90": 0.05389999970793724, "auroc": 0.9700300097465515}