{"ausc": 0.9643702507019043, "accuracies": [0.8783053159713745, 0.8823944330215454, 0.8858364820480347, 0.8895384669303894, 0.892989993095398, 0.8969147801399231, 0.9001681208610535, 0.9035813808441162, 0.9060897827148438, 0.9082093834877014, 0.9107996821403503, 0.9131054878234863, 0.9151192903518677, 0.9178372621536255, 0.9203670024871826, 0.9223849773406982, 0.9245536923408508, 0.9269923567771912, 0.9295908808708191, 0.9324743747711182, 0.9352928400039673, 0.9380428791046143, 0.940242350101471, 0.9418709874153137, 0.9429240822792053, 0.9458551406860352, 0.9474610686302185, 0.9487179517745972, 0.9497436285018921, 0.9524734616279602, 0.9545981287956238, 0.9555839896202087, 0.9571215510368347, 0.957884669303894, 0.9592067003250122, 0.9609705805778503, 0.9622030258178711, 0.9651638865470886, 0.966618537902832, 0.968978226184845, 0.9709527492523193, 0.9719392657279968, 0.9735184907913208, 0.974399983882904, 0.9757819771766663, 0.9774817228317261, 0.9776687622070312, 0.978978157043457, 0.9807931184768677, 0.9818525910377502, 0.982792317867279, 0.983077883720398, 0.9841898679733276, 0.9856706261634827, 0.987041175365448, 0.9877296090126038, 0.9887931942939758, 0.9895437955856323, 0.9903261065483093, 0.9911624193191528, 0.99160236120224, 0.9918639063835144, 0.9917362928390503, 0.9924023151397705, 0.992915153503418, 0.9936352968215942, 0.9947860836982727, 0.9947069883346558, 0.9954873323440552, 0.9956201314926147, 0.9955439567565918, 0.9959109425544739, 0.9965240359306335, 0.9967017769813538, 0.9971193075180054, 0.997306227684021, 0.9977419972419739, 0.9979481101036072, 0.9986802339553833, 0.9986584186553955, 0.998629629611969, 0.998612105846405, 0.9985814094543457, 0.998549222946167, 0.9985156655311584, 0.9984880089759827, 0.9990842938423157, 0.9990463256835938, 0.9990385174751282, 0.9996712803840637, 0.9996626377105713, 0.9996535181999207, 0.999643862247467, 0.9996336698532104, 0.9996229410171509, 0.999611496925354, 1.0, 1.0, 1.0, 1.0, 1.0, 1.0, 1.0, 1.0, 1.0, 1.0, 1.0, 1.0, 1.0, 1.0, 1.0, 1.0, 1.0, 1.0, 1.0, 1.0, 1.0, 1.0], "filter_out_rate": [0.0, 0.847457627118644, 1.694915254237288, 2.5423728813559325, 3.389830508474576, 4.23728813559322, 5.084745762711865, 5.932203389830509, 6.779661016949152, 7.627118644067797, 8.47457627118644, 9.322033898305085, 10.16949152542373, 11.016949152542372, 11.864406779661017, 12.711864406779661, 13.559322033898304, 14.40677966101695, 15.254237288135593, 16.101694915254235, 16.94915254237288, 17.796610169491526, 18.64406779661017, 19.491525423728813, 20.33898305084746, 21.1864406779661, 22.033898305084744, 22.88135593220339, 23.728813559322035, 24.576271186440678, 25.423728813559322, 26.27118644067797, 27.11864406779661, 27.966101694915253, 28.8135593220339, 29.66101694915254, 30.508474576271187, 31.35593220338983, 32.20338983050847, 33.05084745762712, 33.89830508474576, 34.74576271186441, 35.59322033898305, 36.440677966101696, 37.28813559322034, 38.13559322033898, 38.983050847457626, 39.83050847457627, 40.67796610169492, 41.52542372881356, 42.3728813559322, 43.22033898305085, 44.06779661016949, 44.91525423728814, 45.76271186440678, 46.61016949152542, 47.45762711864407, 48.30508474576271, 49.152542372881356, 50.0, 50.847457627118644, 51.69491525423729, 52.54237288135594, 53.38983050847458, 54.23728813559322, 55.08474576271186, 55.932203389830505, 56.779661016949156, 57.6271186440678, 58.47457627118644, 59.32203389830508, 60.16949152542372, 61.016949152542374, 61.86440677966102, 62.71186440677966, 63.559322033898304, 64.40677966101694, 65.2542372881356, 66.10169491525424, 66.94915254237289, 67.79661016949152, 68.64406779661016, 69.49152542372882, 70.33898305084746, 71.1864406779661, 72.03389830508475, 72.88135593220339, 73.72881355932203, 74.57627118644068, 75.42372881355932, 76.27118644067797, 77.11864406779661, 77.96610169491525, 78.8135593220339, 79.66101694915254, 80.50847457627118, 81.35593220338984, 82.20338983050848, 83.05084745762711, 83.89830508474576, 84.7457627118644, 85.59322033898306, 86.4406779661017, 87.28813559322035, 88.13559322033898, 88.98305084745762, 89.83050847457628, 90.67796610169492, 91.52542372881356, 92.37288135593221, 93.22033898305084, 94.0677966101695, 94.91525423728814, 95.76271186440678, 96.61016949152543, 97.45762711864407, 98.30508474576271, 99.15254237288136]}