{"ece": 0.08560157611853574, "acc": [0.0, 0.0, 0.25, 0.2716049382716049, 0.4, 0.4634760705289673, 0.5410628019323671, 0.6323851203501094, 0.7447552447552448, 0.8748043818466353], "conf": [0.0, 0.0, 0.267578125, 0.3533950617283951, 0.44680851063829785, 0.5406171284634761, 0.6407004830917874, 0.7417943107221007, 0.8426573426573427, 0.9522691705790297]}