{"auprc": 0.976435661315918, "fpr0": 0.0, "fpr10": 0.0003000000142492354, "fpr20": 0.0008999999845400453, "fpr30": 0.00139999995008111, "fpr40": 0.0035000001080334187, "fpr50": 0.007199999876320362, "fpr60": 0.010200000368058681, "fpr70": 0.015799999237060547, "fpr80": 0.02459999918937683, "fpr90": 0.041099999099969864, "auroc": 0.9798102378845215}