{"ausc": 0.9599975943565369, "accuracies": [0.8605769276618958, 0.8660406470298767, 0.8700650334358215, 0.8739486932754517, 0.8769643902778625, 0.8815927505493164, 0.8850358128547668, 0.8884297013282776, 0.892094075679779, 0.8953889608383179, 0.8981963992118835, 0.901051938533783, 0.9038461446762085, 0.9066889882087708, 0.9093438982963562, 0.9134209752082825, 0.9156240820884705, 0.9187907576560974, 0.9220161437988281, 0.9237706065177917, 0.9271008372306824, 0.9290554523468018, 0.9322563409805298, 0.9333215355873108, 0.9350225925445557, 0.9380024671554565, 0.9399083256721497, 0.9414710998535156, 0.9426819086074829, 0.9441735744476318, 0.9459545612335205, 0.9477667212486267, 0.949351966381073, 0.9504393339157104, 0.9516746401786804, 0.9534934759140015, 0.9557790756225586, 0.9583967328071594, 0.959635317325592, 0.9613534808158875, 0.9632447361946106, 0.9645968675613403, 0.9667103290557861, 0.9678068161010742, 0.9699952602386475, 0.9717777967453003, 0.9732871651649475, 0.9753259420394897, 0.9774441719055176, 0.977970540523529, 0.9804653525352478, 0.9815446138381958, 0.9823116660118103, 0.9837759733200073, 0.9851182699203491, 0.9852781891822815, 0.9859570264816284, 0.9868324398994446, 0.9875493049621582, 0.988311767578125, 0.9887002110481262, 0.9895208477973938, 0.9901272654533386, 0.9907519817352295, 0.991621732711792, 0.9921440482139587, 0.9924286007881165, 0.9933781623840332, 0.9939144849777222, 0.9947056174278259, 0.9957574009895325, 0.996577799320221, 0.9965028762817383, 0.9966755509376526, 0.9973341822624207, 0.9972874522209167, 0.9972293376922607, 0.9971789121627808, 0.9976338148117065, 0.9975900053977966, 0.9975326657295227, 0.9974786639213562, 0.9977266192436218, 0.9982579350471497, 0.9982175827026367, 0.9981826543807983, 0.9981387257575989, 0.9984208941459656, 0.9983810186386108, 0.998339056968689, 0.9986321926116943, 0.9993069767951965, 0.9992877244949341, 0.9989011883735657, 0.9988688230514526, 0.998834490776062, 0.9987980723381042, 0.9987455606460571, 0.9987031817436218, 0.9986580014228821, 0.9995251893997192, 0.999506950378418, 0.9994657635688782, 1.0, 1.0, 1.0, 1.0, 1.0, 1.0, 1.0, 1.0, 1.0, 1.0, 1.0, 1.0, 1.0, 1.0, 1.0], "filter_out_rate": [0.0, 0.847457627118644, 1.694915254237288, 2.5423728813559325, 3.389830508474576, 4.23728813559322, 5.084745762711865, 5.932203389830509, 6.779661016949152, 7.627118644067797, 8.47457627118644, 9.322033898305085, 10.16949152542373, 11.016949152542372, 11.864406779661017, 12.711864406779661, 13.559322033898304, 14.40677966101695, 15.254237288135593, 16.101694915254235, 16.94915254237288, 17.796610169491526, 18.64406779661017, 19.491525423728813, 20.33898305084746, 21.1864406779661, 22.033898305084744, 22.88135593220339, 23.728813559322035, 24.576271186440678, 25.423728813559322, 26.27118644067797, 27.11864406779661, 27.966101694915253, 28.8135593220339, 29.66101694915254, 30.508474576271187, 31.35593220338983, 32.20338983050847, 33.05084745762712, 33.89830508474576, 34.74576271186441, 35.59322033898305, 36.440677966101696, 37.28813559322034, 38.13559322033898, 38.983050847457626, 39.83050847457627, 40.67796610169492, 41.52542372881356, 42.3728813559322, 43.22033898305085, 44.06779661016949, 44.91525423728814, 45.76271186440678, 46.61016949152542, 47.45762711864407, 48.30508474576271, 49.152542372881356, 50.0, 50.847457627118644, 51.69491525423729, 52.54237288135594, 53.38983050847458, 54.23728813559322, 55.08474576271186, 55.932203389830505, 56.779661016949156, 57.6271186440678, 58.47457627118644, 59.32203389830508, 60.16949152542372, 61.016949152542374, 61.86440677966102, 62.71186440677966, 63.559322033898304, 64.40677966101694, 65.2542372881356, 66.10169491525424, 66.94915254237289, 67.79661016949152, 68.64406779661016, 69.49152542372882, 70.33898305084746, 71.1864406779661, 72.03389830508475, 72.88135593220339, 73.72881355932203, 74.57627118644068, 75.42372881355932, 76.27118644067797, 77.11864406779661, 77.96610169491525, 78.8135593220339, 79.66101694915254, 80.50847457627118, 81.35593220338984, 82.20338983050848, 83.05084745762711, 83.89830508474576, 84.7457627118644, 85.59322033898306, 86.4406779661017, 87.28813559322035, 88.13559322033898, 88.98305084745762, 89.83050847457628, 90.67796610169492, 91.52542372881356, 92.37288135593221, 93.22033898305084, 94.0677966101695, 94.91525423728814, 95.76271186440678, 96.61016949152543, 97.45762711864407, 98.30508474576271, 99.15254237288136]}