{"ece": 0.09684156694012183, "acc": [0.0, 0.0, 0.3333333333333333, 0.2786885245901639, 0.35106382978723405, 0.5106951871657754, 0.5513196480938416, 0.632420091324201, 0.7306843267108167, 0.8401826484018264], "conf": [0.0, 0.0, 0.2633463541666667, 0.35604508196721313, 0.4474734042553192, 0.5401069518716578, 0.6392961876832844, 0.7408675799086758, 0.8443708609271523, 0.9525114155251142]}