{"auprc": 0.9719662070274353, "fpr0": 0.0, "fpr10": 0.00019999999494757503, "fpr20": 0.0005000000237487257, "fpr30": 0.0010999999940395355, "fpr40": 0.002899999963119626, "fpr50": 0.005200000014156103, "fpr60": 0.008999999612569809, "fpr70": 0.015699999406933784, "fpr80": 0.027799999341368675, "fpr90": 0.048500001430511475, "auroc": 0.9732471704483032}