{"ausc": 0.9627035856246948, "accuracies": [0.8726963400840759, 0.8765393495559692, 0.8798331022262573, 0.8847180008888245, 0.888647735118866, 0.8907651901245117, 0.8939680457115173, 0.8970120549201965, 0.9014956951141357, 0.9039000272750854, 0.9064537286758423, 0.9089415073394775, 0.9106878638267517, 0.9133672714233398, 0.9164308309555054, 0.9190947413444519, 0.921005129814148, 0.9222558736801147, 0.924462616443634, 0.9271815419197083, 0.9291189312934875, 0.9319332838058472, 0.9346775412559509, 0.9361311197280884, 0.9367508292198181, 0.9387505650520325, 0.9407919049263, 0.9432457089424133, 0.9448574781417847, 0.9457249641418457, 0.94883131980896, 0.9512057900428772, 0.9524263143539429, 0.9554311037063599, 0.9571374654769897, 0.959147036075592, 0.9602383375167847, 0.9623461961746216, 0.9643298387527466, 0.9659385681152344, 0.9680306911468506, 0.9705996513366699, 0.9708389043807983, 0.9716976881027222, 0.9734907746315002, 0.9748578071594238, 0.9759528040885925, 0.9777198433876038, 0.9787158370018005, 0.9802423119544983, 0.9819401502609253, 0.9832152128219604, 0.9853659272193909, 0.9860305786132812, 0.9874090552330017, 0.9882980585098267, 0.9891853332519531, 0.9897559881210327, 0.9909190535545349, 0.9907882809638977, 0.9912371635437012, 0.9918788075447083, 0.992525041103363, 0.9925930500030518, 0.9934927821159363, 0.9940218925476074, 0.9947687983512878, 0.9957541227340698, 0.9961246848106384, 0.9971487522125244, 0.997110903263092, 0.9970599412918091, 0.9974691867828369, 0.997655987739563, 0.9980916976928711, 0.9982789158821106, 0.998245120048523, 0.9981892704963684, 0.9981518983840942, 0.9981129765510559, 0.9986175298690796, 0.9991445541381836, 0.9988462924957275, 0.9993894696235657, 0.9993745684623718, 0.9993589520454407, 0.9993589520454407, 0.9993425011634827, 0.9993425011634827, 0.9996626377105713, 0.9996626377105713, 0.9996535181999207, 0.999643862247467, 0.9996336698532104, 0.9996229410171509, 0.999611496925354, 0.9991987347602844, 0.9991728663444519, 0.9991453289985657, 0.9991157650947571, 0.9990503191947937, 0.9990138411521912, 0.9989743232727051, 1.0, 1.0, 1.0, 1.0, 1.0, 1.0, 1.0, 1.0, 1.0, 1.0, 1.0, 1.0, 1.0, 1.0, 1.0], "filter_out_rate": [0.0, 0.847457627118644, 1.694915254237288, 2.5423728813559325, 3.389830508474576, 4.23728813559322, 5.084745762711865, 5.932203389830509, 6.779661016949152, 7.627118644067797, 8.47457627118644, 9.322033898305085, 10.16949152542373, 11.016949152542372, 11.864406779661017, 12.711864406779661, 13.559322033898304, 14.40677966101695, 15.254237288135593, 16.101694915254235, 16.94915254237288, 17.796610169491526, 18.64406779661017, 19.491525423728813, 20.33898305084746, 21.1864406779661, 22.033898305084744, 22.88135593220339, 23.728813559322035, 24.576271186440678, 25.423728813559322, 26.27118644067797, 27.11864406779661, 27.966101694915253, 28.8135593220339, 29.66101694915254, 30.508474576271187, 31.35593220338983, 32.20338983050847, 33.05084745762712, 33.89830508474576, 34.74576271186441, 35.59322033898305, 36.440677966101696, 37.28813559322034, 38.13559322033898, 38.983050847457626, 39.83050847457627, 40.67796610169492, 41.52542372881356, 42.3728813559322, 43.22033898305085, 44.06779661016949, 44.91525423728814, 45.76271186440678, 46.61016949152542, 47.45762711864407, 48.30508474576271, 49.152542372881356, 50.0, 50.847457627118644, 51.69491525423729, 52.54237288135594, 53.38983050847458, 54.23728813559322, 55.08474576271186, 55.932203389830505, 56.779661016949156, 57.6271186440678, 58.47457627118644, 59.32203389830508, 60.16949152542372, 61.016949152542374, 61.86440677966102, 62.71186440677966, 63.559322033898304, 64.40677966101694, 65.2542372881356, 66.10169491525424, 66.94915254237289, 67.79661016949152, 68.64406779661016, 69.49152542372882, 70.33898305084746, 71.1864406779661, 72.03389830508475, 72.88135593220339, 73.72881355932203, 74.57627118644068, 75.42372881355932, 76.27118644067797, 77.11864406779661, 77.96610169491525, 78.8135593220339, 79.66101694915254, 80.50847457627118, 81.35593220338984, 82.20338983050848, 83.05084745762711, 83.89830508474576, 84.7457627118644, 85.59322033898306, 86.4406779661017, 87.28813559322035, 88.13559322033898, 88.98305084745762, 89.83050847457628, 90.67796610169492, 91.52542372881356, 92.37288135593221, 93.22033898305084, 94.0677966101695, 94.91525423728814, 95.76271186440678, 96.61016949152543, 97.45762711864407, 98.30508474576271, 99.15254237288136]}