{"ece": 0.03250363147484238, "acc": [0.0, 0.1810344827586207, 0.24295774647887325, 0.3335343787696019, 0.462624584717608, 0.5473568281938326, 0.6347569955817378, 0.6661045531197302, 0.7621440536013401, 0.8238512035010941], "conf": [0.0, 0.1752424568965517, 0.24753521126760564, 0.3380579010856454, 0.4377076411960133, 0.537169603524229, 0.6395434462444771, 0.7381956155143339, 0.8425460636515912, 0.949671772428884]}