{"auprc": 0.6299282312393188, "fpr0": 0.0, "fpr10": 0.08060000091791153, "fpr20": 0.1477999985218048, "fpr30": 0.20409999787807465, "fpr40": 0.25360000133514404, "fpr50": 0.29899999499320984, "fpr60": 0.3384000062942505, "fpr70": 0.3741999864578247, "fpr80": 0.40639999508857727, "fpr90": 0.4320000112056732, "auroc": 0.40677160024642944}