{"ausc": 0.706649661064148, "accuracies": [0.5119190812110901, 0.5149404406547546, 0.517399251461029, 0.5193846225738525, 0.5225392580032349, 0.5248071551322937, 0.5262715220451355, 0.5293495059013367, 0.5322648882865906, 0.5344753861427307, 0.5352020859718323, 0.5379136800765991, 0.5393457412719727, 0.5426977872848511, 0.5453216433525085, 0.5485590696334839, 0.550251841545105, 0.5534764528274536, 0.5566433668136597, 0.5585744380950928, 0.5614909529685974, 0.564342200756073, 0.5657957792282104, 0.567277193069458, 0.5706360936164856, 0.5739358067512512, 0.5775514841079712, 0.5784463286399841, 0.5805128216743469, 0.5830096006393433, 0.5850340127944946, 0.5881575345993042, 0.5913461446762085, 0.5946018695831299, 0.5968357920646667, 0.6003584265708923, 0.6034002304077148, 0.6058045625686646, 0.6068375706672668, 0.6101987361907959, 0.6130536198616028, 0.6153846383094788, 0.6188133358955383, 0.6223227977752686, 0.624847412109375, 0.6275872588157654, 0.6303939819335938, 0.632478654384613, 0.6355140209197998, 0.6406387090682983, 0.6434270739555359, 0.6471203565597534, 0.6534457802772522, 0.6585701704025269, 0.6618821024894714, 0.6663447022438049, 0.6691293716430664, 0.6751276850700378, 0.6803790330886841, 0.6848617792129517, 0.6877714991569519, 0.6933427453041077, 0.6962016224861145, 0.701260507106781, 0.7056242227554321, 0.7100843787193298, 0.7147554159164429, 0.7179722785949707, 0.724234938621521, 0.7268984913825989, 0.7287015914916992, 0.736588180065155, 0.7417187690734863, 0.7482501268386841, 0.7544398307800293, 0.7603516578674316, 0.7660379409790039, 0.7719801068305969, 0.7819620966911316, 0.7868492007255554, 0.7928677797317505, 0.7997125387191772, 0.8066519498825073, 0.8137250542640686, 0.8195666074752808, 0.8259649276733398, 0.8338304162025452, 0.839268147945404, 0.8461477756500244, 0.8515960574150085, 0.8586328029632568, 0.8608403205871582, 0.8669133186340332, 0.8717321753501892, 0.8814204335212708, 0.8886515498161316, 0.8921409249305725, 0.8996659517288208, 0.904055655002594, 0.9084437489509583, 0.9176672101020813, 0.9227260947227478, 0.9301323294639587, 0.9285707473754883, 0.9295857548713684, 0.9362154006958008, 0.9453266859054565, 0.9491236805915833, 0.9484972953796387, 0.9546687602996826, 0.9607322812080383, 0.9602476358413696, 0.9621177911758423, 0.9657469391822815, 0.9704176783561707, 0.9752336144447327, 0.9718032479286194, 0.9734330773353577], "filter_out_rate": [0.0, 0.847457627118644, 1.694915254237288, 2.5423728813559325, 3.389830508474576, 4.23728813559322, 5.084745762711865, 5.932203389830509, 6.779661016949152, 7.627118644067797, 8.47457627118644, 9.322033898305085, 10.16949152542373, 11.016949152542372, 11.864406779661017, 12.711864406779661, 13.559322033898304, 14.40677966101695, 15.254237288135593, 16.101694915254235, 16.94915254237288, 17.796610169491526, 18.64406779661017, 19.491525423728813, 20.33898305084746, 21.1864406779661, 22.033898305084744, 22.88135593220339, 23.728813559322035, 24.576271186440678, 25.423728813559322, 26.27118644067797, 27.11864406779661, 27.966101694915253, 28.8135593220339, 29.66101694915254, 30.508474576271187, 31.35593220338983, 32.20338983050847, 33.05084745762712, 33.89830508474576, 34.74576271186441, 35.59322033898305, 36.440677966101696, 37.28813559322034, 38.13559322033898, 38.983050847457626, 39.83050847457627, 40.67796610169492, 41.52542372881356, 42.3728813559322, 43.22033898305085, 44.06779661016949, 44.91525423728814, 45.76271186440678, 46.61016949152542, 47.45762711864407, 48.30508474576271, 49.152542372881356, 50.0, 50.847457627118644, 51.69491525423729, 52.54237288135594, 53.38983050847458, 54.23728813559322, 55.08474576271186, 55.932203389830505, 56.779661016949156, 57.6271186440678, 58.47457627118644, 59.32203389830508, 60.16949152542372, 61.016949152542374, 61.86440677966102, 62.71186440677966, 63.559322033898304, 64.40677966101694, 65.2542372881356, 66.10169491525424, 66.94915254237289, 67.79661016949152, 68.64406779661016, 69.49152542372882, 70.33898305084746, 71.1864406779661, 72.03389830508475, 72.88135593220339, 73.72881355932203, 74.57627118644068, 75.42372881355932, 76.27118644067797, 77.11864406779661, 77.96610169491525, 78.8135593220339, 79.66101694915254, 80.50847457627118, 81.35593220338984, 82.20338983050848, 83.05084745762711, 83.89830508474576, 84.7457627118644, 85.59322033898306, 86.4406779661017, 87.28813559322035, 88.13559322033898, 88.98305084745762, 89.83050847457628, 90.67796610169492, 91.52542372881356, 92.37288135593221, 93.22033898305084, 94.0677966101695, 94.91525423728814, 95.76271186440678, 96.61016949152543, 97.45762711864407, 98.30508474576271, 99.15254237288136]}