{"ece": 0.07855252736175115, "acc": [0.0, 0.1505016722408027, 0.2607242339832869, 0.37389911929543634, 0.41830065359477125, 0.46579804560260585, 0.5786026200873362, 0.5843373493975904, 0.6325678496868476, 0.7013977128335451], "conf": [0.0, 0.17297240802675584, 0.24192200557103063, 0.3354683746997598, 0.4362745098039216, 0.5370521172638436, 0.6381004366812227, 0.7404618473895582, 0.8402922755741128, 0.9491740787801779]}