{"auprc": 0.6429482698440552, "fpr0": 0.0, "fpr10": 0.07829999923706055, "fpr20": 0.14480000734329224, "fpr30": 0.20170000195503235, "fpr40": 0.25200000405311584, "fpr50": 0.29420000314712524, "fpr60": 0.33329999446868896, "fpr70": 0.3668999969959259, "fpr80": 0.39820000529289246, "fpr90": 0.4242999851703644, "auroc": 0.4505269229412079}