{"ausc": 0.7168521881103516, "accuracies": [0.5038061141967773, 0.5066626071929932, 0.5086488127708435, 0.511179506778717, 0.514888346195221, 0.5181363224983215, 0.5215426683425903, 0.5238398313522339, 0.5259615778923035, 0.5297349691390991, 0.5325945615768433, 0.5352838635444641, 0.5376349687576294, 0.5406384468078613, 0.5434685349464417, 0.545100748538971, 0.5475654006004333, 0.5497270226478577, 0.5530923008918762, 0.5565205216407776, 0.5579929947853088, 0.5598546862602234, 0.5644124150276184, 0.5677127242088318, 0.5714463591575623, 0.5742567181587219, 0.5761154294013977, 0.5794097781181335, 0.5831533670425415, 0.5851582884788513, 0.5870732069015503, 0.5895577669143677, 0.591825544834137, 0.5950282216072083, 0.5994506478309631, 0.6025895476341248, 0.6042608618736267, 0.6061128377914429, 0.6089999079704285, 0.6125330924987793, 0.6176000833511353, 0.620482325553894, 0.6248640418052673, 0.6272391080856323, 0.6308916807174683, 0.6333420276641846, 0.6384082436561584, 0.6421276926994324, 0.6459935307502747, 0.649254322052002, 0.6521534323692322, 0.6554651856422424, 0.659122884273529, 0.6626127362251282, 0.6659688949584961, 0.6691278219223022, 0.6726154685020447, 0.6774725317955017, 0.6821522116661072, 0.6857115626335144, 0.6909035444259644, 0.6947112083435059, 0.6990646123886108, 0.7056921720504761, 0.7116624712944031, 0.7173601984977722, 0.7227282524108887, 0.7302157282829285, 0.7372069954872131, 0.7469111680984497, 0.7520338892936707, 0.7623434662818909, 0.7702006101608276, 0.7748087644577026, 0.7795785069465637, 0.7869358062744141, 0.7949268221855164, 0.7998247742652893, 0.8072352409362793, 0.8123372793197632, 0.8187575936317444, 0.8286647200584412, 0.832606852054596, 0.8442270159721375, 0.8514454960823059, 0.855731189250946, 0.8626420497894287, 0.8695669174194336, 0.8788163661956787, 0.8868551254272461, 0.8938633799552917, 0.8969157338142395, 0.8994907736778259, 0.9033429026603699, 0.90715092420578, 0.9169082641601562, 0.9241944551467896, 0.9260414242744446, 0.9303575158119202, 0.9344043135643005, 0.9408237934112549, 0.9441775679588318, 0.9464821219444275, 0.948062002658844, 0.9527354836463928, 0.9536707997322083, 0.9546782374382019, 0.9614823460578918, 0.963638186454773, 0.9662289619445801, 0.968292236328125, 0.9751858711242676, 0.9732588529586792, 0.9714543223381042, 0.9758509993553162, 0.9772454500198364, 0.9816336035728455, 0.982645571231842], "filter_out_rate": [0.0, 0.847457627118644, 1.694915254237288, 2.5423728813559325, 3.389830508474576, 4.23728813559322, 5.084745762711865, 5.932203389830509, 6.779661016949152, 7.627118644067797, 8.47457627118644, 9.322033898305085, 10.16949152542373, 11.016949152542372, 11.864406779661017, 12.711864406779661, 13.559322033898304, 14.40677966101695, 15.254237288135593, 16.101694915254235, 16.94915254237288, 17.796610169491526, 18.64406779661017, 19.491525423728813, 20.33898305084746, 21.1864406779661, 22.033898305084744, 22.88135593220339, 23.728813559322035, 24.576271186440678, 25.423728813559322, 26.27118644067797, 27.11864406779661, 27.966101694915253, 28.8135593220339, 29.66101694915254, 30.508474576271187, 31.35593220338983, 32.20338983050847, 33.05084745762712, 33.89830508474576, 34.74576271186441, 35.59322033898305, 36.440677966101696, 37.28813559322034, 38.13559322033898, 38.983050847457626, 39.83050847457627, 40.67796610169492, 41.52542372881356, 42.3728813559322, 43.22033898305085, 44.06779661016949, 44.91525423728814, 45.76271186440678, 46.61016949152542, 47.45762711864407, 48.30508474576271, 49.152542372881356, 50.0, 50.847457627118644, 51.69491525423729, 52.54237288135594, 53.38983050847458, 54.23728813559322, 55.08474576271186, 55.932203389830505, 56.779661016949156, 57.6271186440678, 58.47457627118644, 59.32203389830508, 60.16949152542372, 61.016949152542374, 61.86440677966102, 62.71186440677966, 63.559322033898304, 64.40677966101694, 65.2542372881356, 66.10169491525424, 66.94915254237289, 67.79661016949152, 68.64406779661016, 69.49152542372882, 70.33898305084746, 71.1864406779661, 72.03389830508475, 72.88135593220339, 73.72881355932203, 74.57627118644068, 75.42372881355932, 76.27118644067797, 77.11864406779661, 77.96610169491525, 78.8135593220339, 79.66101694915254, 80.50847457627118, 81.35593220338984, 82.20338983050848, 83.05084745762711, 83.89830508474576, 84.7457627118644, 85.59322033898306, 86.4406779661017, 87.28813559322035, 88.13559322033898, 88.98305084745762, 89.83050847457628, 90.67796610169492, 91.52542372881356, 92.37288135593221, 93.22033898305084, 94.0677966101695, 94.91525423728814, 95.76271186440678, 96.61016949152543, 97.45762711864407, 98.30508474576271, 99.15254237288136]}