{"ece": 0.09967642653806935, "acc": [0.0, 0.0, 0.0, 0.3157894736842105, 0.41875, 0.5, 0.5374331550802139, 0.6166219839142091, 0.7102272727272727, 0.8426966292134831], "conf": [0.0, 0.0, 0.26513671875, 0.3530701754385965, 0.448828125, 0.5390211640211641, 0.6397058823529411, 0.7412868632707775, 0.8423295454545454, 0.951310861423221]}