{"auprc": 0.9753238558769226, "fpr0": 0.0, "fpr10": 9.999999747378752e-05, "fpr20": 0.0005000000237487257, "fpr30": 0.00139999995008111, "fpr40": 0.00279999990016222, "fpr50": 0.005100000184029341, "fpr60": 0.007899999618530273, "fpr70": 0.013100000098347664, "fpr80": 0.023000000044703484, "fpr90": 0.04170000180602074, "auroc": 0.9767147302627563}