{"ausc": 0.9636932611465454, "accuracies": [0.8705929517745972, 0.8744195103645325, 0.879120945930481, 0.8839999437332153, 0.8879238963127136, 0.8912861943244934, 0.8951240181922913, 0.8981776237487793, 0.9009614586830139, 0.9040077328681946, 0.9080834984779358, 0.9114617705345154, 0.9151193499565125, 0.9166110157966614, 0.9192533493041992, 0.9212616086006165, 0.9242216348648071, 0.9263108968734741, 0.9308857321739197, 0.9326039552688599, 0.9339982271194458, 0.9357776045799255, 0.937711775302887, 0.94004887342453, 0.9419330954551697, 0.9443566799163818, 0.9474559426307678, 0.9483345150947571, 0.9507627487182617, 0.9531183242797852, 0.9540748596191406, 0.9557133913040161, 0.9577822685241699, 0.9597682356834412, 0.9615063071250916, 0.962470531463623, 0.964705228805542, 0.9651607871055603, 0.966490626335144, 0.9688343405723572, 0.9693299531936646, 0.9716305732727051, 0.9733834862709045, 0.9739761352539062, 0.9753351211547852, 0.9768920540809631, 0.9789407253265381, 0.9799315333366394, 0.9809487462043762, 0.9818478226661682, 0.9831011891365051, 0.9847138524055481, 0.9850170612335205, 0.9860138297080994, 0.9868672490119934, 0.9872052073478699, 0.9884698390960693, 0.9897422790527344, 0.9905307292938232, 0.990946352481842, 0.9909996390342712, 0.991873025894165, 0.9929165840148926, 0.9931914210319519, 0.993916928768158, 0.9938123822212219, 0.9945482015609741, 0.9948810935020447, 0.9954537749290466, 0.9953756332397461, 0.9955158829689026, 0.995215117931366, 0.995603621006012, 0.9959933161735535, 0.9961601495742798, 0.9968082904815674, 0.9967509508132935, 0.9966914057731628, 0.9968755841255188, 0.9970723390579224, 0.9970160126686096, 0.9969515800476074, 0.9968776106834412, 0.9976615905761719, 0.9979265928268433, 0.9978774785995483, 0.9978260397911072, 0.998092532157898, 0.9983810186386108, 0.9986677765846252, 0.9993252754211426, 0.9993069767951965, 0.999643862247467, 0.9996336698532104, 1.0, 1.0, 1.0, 1.0, 1.0, 1.0, 1.0, 1.0, 1.0, 1.0, 1.0, 1.0, 1.0, 1.0, 1.0, 1.0, 1.0, 1.0, 1.0, 1.0, 1.0, 1.0, 1.0, 1.0], "filter_out_rate": [0.0, 0.847457627118644, 1.694915254237288, 2.5423728813559325, 3.389830508474576, 4.23728813559322, 5.084745762711865, 5.932203389830509, 6.779661016949152, 7.627118644067797, 8.47457627118644, 9.322033898305085, 10.16949152542373, 11.016949152542372, 11.864406779661017, 12.711864406779661, 13.559322033898304, 14.40677966101695, 15.254237288135593, 16.101694915254235, 16.94915254237288, 17.796610169491526, 18.64406779661017, 19.491525423728813, 20.33898305084746, 21.1864406779661, 22.033898305084744, 22.88135593220339, 23.728813559322035, 24.576271186440678, 25.423728813559322, 26.27118644067797, 27.11864406779661, 27.966101694915253, 28.8135593220339, 29.66101694915254, 30.508474576271187, 31.35593220338983, 32.20338983050847, 33.05084745762712, 33.89830508474576, 34.74576271186441, 35.59322033898305, 36.440677966101696, 37.28813559322034, 38.13559322033898, 38.983050847457626, 39.83050847457627, 40.67796610169492, 41.52542372881356, 42.3728813559322, 43.22033898305085, 44.06779661016949, 44.91525423728814, 45.76271186440678, 46.61016949152542, 47.45762711864407, 48.30508474576271, 49.152542372881356, 50.0, 50.847457627118644, 51.69491525423729, 52.54237288135594, 53.38983050847458, 54.23728813559322, 55.08474576271186, 55.932203389830505, 56.779661016949156, 57.6271186440678, 58.47457627118644, 59.32203389830508, 60.16949152542372, 61.016949152542374, 61.86440677966102, 62.71186440677966, 63.559322033898304, 64.40677966101694, 65.2542372881356, 66.10169491525424, 66.94915254237289, 67.79661016949152, 68.64406779661016, 69.49152542372882, 70.33898305084746, 71.1864406779661, 72.03389830508475, 72.88135593220339, 73.72881355932203, 74.57627118644068, 75.42372881355932, 76.27118644067797, 77.11864406779661, 77.96610169491525, 78.8135593220339, 79.66101694915254, 80.50847457627118, 81.35593220338984, 82.20338983050848, 83.05084745762711, 83.89830508474576, 84.7457627118644, 85.59322033898306, 86.4406779661017, 87.28813559322035, 88.13559322033898, 88.98305084745762, 89.83050847457628, 90.67796610169492, 91.52542372881356, 92.37288135593221, 93.22033898305084, 94.0677966101695, 94.91525423728814, 95.76271186440678, 96.61016949152543, 97.45762711864407, 98.30508474576271, 99.15254237288136]}