auprc,auroc
0.966254472732544,0.9204367399215698
