auprc,auroc
0.9629582166671753,0.9198366403579712
