auprc,auroc
0.7117413282394409,0.4857958257198334
