auprc,auroc
0.9383078217506409,0.8698083162307739
