{"ece": 0.029397807984325258, "acc": [0.0, 0.1774193548387097, 0.24407252440725244, 0.33415536374845867, 0.4485420240137221, 0.5266343825665859, 0.6293222683264177, 0.6746794871794872, 0.7629513343799058, 0.8396039603960396], "conf": [0.0, 0.1748991935483871, 0.24738493723849372, 0.33847102342786684, 0.43760720411663806, 0.5363196125907991, 0.6386583679114799, 0.7411858974358975, 0.8398744113029827, 0.9485148514851485]}