{"auprc": 0.6418336033821106, "fpr0": 0.0, "fpr10": 0.07360000163316727, "fpr20": 0.13099999725818634, "fpr30": 0.18410000205039978, "fpr40": 0.2295999974012375, "fpr50": 0.27090001106262207, "fpr60": 0.30720001459121704, "fpr70": 0.33970001339912415, "fpr80": 0.3716000020503998, "fpr90": 0.399399995803833, "auroc": 0.42387568950653076}