{"ausc": 0.7038495540618896, "accuracies": [0.5084134340286255, 0.5109025239944458, 0.5136345028877258, 0.5150769352912903, 0.518093466758728, 0.5220971703529358, 0.5256410837173462, 0.5273362994194031, 0.5293803215026855, 0.5311354994773865, 0.5341155529022217, 0.536270022392273, 0.5404508709907532, 0.5437012314796448, 0.5450966954231262, 0.5469707250595093, 0.5485348105430603, 0.5523215532302856, 0.5543122887611389, 0.5558692216873169, 0.5575735569000244, 0.5593098402023315, 0.5598693490028381, 0.563003659248352, 0.564965546131134, 0.5673388242721558, 0.5691302418708801, 0.5719726085662842, 0.5755127668380737, 0.5779591202735901, 0.5805861353874207, 0.583928108215332, 0.5862714052200317, 0.5904183387756348, 0.5935624837875366, 0.5951198935508728, 0.5974079966545105, 0.6008735299110413, 0.6034188270568848, 0.6055890917778015, 0.6078088283538818, 0.6103743314743042, 0.6132975220680237, 0.6180996298789978, 0.6204212307929993, 0.6229533553123474, 0.6260161995887756, 0.6294713616371155, 0.6340575814247131, 0.6376405358314514, 0.6426970362663269, 0.6468837857246399, 0.6506387591362, 0.6555625200271606, 0.6602184176445007, 0.6644420623779297, 0.6692222952842712, 0.6742454767227173, 0.6770531535148621, 0.6812905669212341, 0.6850419640541077, 0.6881124973297119, 0.6917458772659302, 0.6982618570327759, 0.7032553553581238, 0.7063558101654053, 0.714034378528595, 0.7212080359458923, 0.7238320708274841, 0.7267137169837952, 0.7319958806037903, 0.7354696989059448, 0.739507794380188, 0.7458570599555969, 0.7491963505744934, 0.755667507648468, 0.7634667754173279, 0.7704488039016724, 0.7757893204689026, 0.782546877861023, 0.7915167212486267, 0.7981748580932617, 0.8057208061218262, 0.8122287392616272, 0.8175725936889648, 0.825123131275177, 0.8298963904380798, 0.8362755179405212, 0.8440062403678894, 0.8510626554489136, 0.8582273721694946, 0.8644375801086426, 0.869965672492981, 0.878768265247345, 0.8833253383636475, 0.8899949193000793, 0.8946431279182434, 0.9020681977272034, 0.9058007597923279, 0.9114965796470642, 0.9188100099563599, 0.9208964109420776, 0.9255691170692444, 0.9233102798461914, 0.9252029657363892, 0.9298707246780396, 0.9360456466674805, 0.9365977644920349, 0.9368522763252258, 0.9446200728416443, 0.9478683471679688, 0.9537176489830017, 0.9583755731582642, 0.9631468653678894, 0.9668536186218262, 0.9725329875946045, 0.9761818051338196, 0.9752493500709534], "filter_out_rate": [0.0, 0.847457627118644, 1.694915254237288, 2.5423728813559325, 3.389830508474576, 4.23728813559322, 5.084745762711865, 5.932203389830509, 6.779661016949152, 7.627118644067797, 8.47457627118644, 9.322033898305085, 10.16949152542373, 11.016949152542372, 11.864406779661017, 12.711864406779661, 13.559322033898304, 14.40677966101695, 15.254237288135593, 16.101694915254235, 16.94915254237288, 17.796610169491526, 18.64406779661017, 19.491525423728813, 20.33898305084746, 21.1864406779661, 22.033898305084744, 22.88135593220339, 23.728813559322035, 24.576271186440678, 25.423728813559322, 26.27118644067797, 27.11864406779661, 27.966101694915253, 28.8135593220339, 29.66101694915254, 30.508474576271187, 31.35593220338983, 32.20338983050847, 33.05084745762712, 33.89830508474576, 34.74576271186441, 35.59322033898305, 36.440677966101696, 37.28813559322034, 38.13559322033898, 38.983050847457626, 39.83050847457627, 40.67796610169492, 41.52542372881356, 42.3728813559322, 43.22033898305085, 44.06779661016949, 44.91525423728814, 45.76271186440678, 46.61016949152542, 47.45762711864407, 48.30508474576271, 49.152542372881356, 50.0, 50.847457627118644, 51.69491525423729, 52.54237288135594, 53.38983050847458, 54.23728813559322, 55.08474576271186, 55.932203389830505, 56.779661016949156, 57.6271186440678, 58.47457627118644, 59.32203389830508, 60.16949152542372, 61.016949152542374, 61.86440677966102, 62.71186440677966, 63.559322033898304, 64.40677966101694, 65.2542372881356, 66.10169491525424, 66.94915254237289, 67.79661016949152, 68.64406779661016, 69.49152542372882, 70.33898305084746, 71.1864406779661, 72.03389830508475, 72.88135593220339, 73.72881355932203, 74.57627118644068, 75.42372881355932, 76.27118644067797, 77.11864406779661, 77.96610169491525, 78.8135593220339, 79.66101694915254, 80.50847457627118, 81.35593220338984, 82.20338983050848, 83.05084745762711, 83.89830508474576, 84.7457627118644, 85.59322033898306, 86.4406779661017, 87.28813559322035, 88.13559322033898, 88.98305084745762, 89.83050847457628, 90.67796610169492, 91.52542372881356, 92.37288135593221, 93.22033898305084, 94.0677966101695, 94.91525423728814, 95.76271186440678, 96.61016949152543, 97.45762711864407, 98.30508474576271, 99.15254237288136]}