{"ece": 0.0721369513070414, "acc": [0.0, 0.0, 0.5, 0.30392156862745096, 0.42857142857142855, 0.49, 0.5514511873350924, 0.6400911161731208, 0.7608286252354048, 0.8812351543942993], "conf": [0.0, 0.0, 0.2633463541666667, 0.35202205882352944, 0.44642857142857145, 0.538125, 0.6418205804749341, 0.7386104783599089, 0.8422787193973634, 0.9517022961203484]}