{"auprc": 0.9779582619667053, "fpr0": 0.0, "fpr10": 0.00019999999494757503, "fpr20": 0.0010000000474974513, "fpr30": 0.0019000000320374966, "fpr40": 0.0027000000700354576, "fpr50": 0.004999999888241291, "fpr60": 0.008100000210106373, "fpr70": 0.012799999676644802, "fpr80": 0.019300000742077827, "fpr90": 0.03689999878406525, "auroc": 0.9803376197814941}