{"ausc": 0.9626243114471436, "accuracies": [0.8716946840286255, 0.8746213912963867, 0.8794262409210205, 0.8832820057868958, 0.8857526779174805, 0.8894100785255432, 0.8922867178916931, 0.8962704539299011, 0.8997863531112671, 0.9036844968795776, 0.9069969058036804, 0.9102563858032227, 0.9134615659713745, 0.9161650538444519, 0.9190284609794617, 0.922500491142273, 0.924900233745575, 0.9274575710296631, 0.9301778078079224, 0.932360053062439, 0.9341080784797668, 0.9354091286659241, 0.9370929002761841, 0.9386915564537048, 0.9414303302764893, 0.9431020021438599, 0.9448001384735107, 0.9461573958396912, 0.9479265213012695, 0.9494816660881042, 0.9510564804077148, 0.9533288478851318, 0.9557762145996094, 0.9576019048690796, 0.9590600728988647, 0.9608267545700073, 0.9619351029396057, 0.9626420140266418, 0.9645042419433594, 0.9658172726631165, 0.9665921330451965, 0.9675167798995972, 0.969512939453125, 0.9705055356025696, 0.9727253913879395, 0.973942220211029, 0.9745649695396423, 0.9756423830986023, 0.9758250713348389, 0.9763094782829285, 0.9786248803138733, 0.9793298244476318, 0.980577826499939, 0.9811851382255554, 0.9825223088264465, 0.9835076928138733, 0.985603928565979, 0.985571563243866, 0.9871891736984253, 0.9873833060264587, 0.989700198173523, 0.9908808469772339, 0.9911320805549622, 0.9921863079071045, 0.9924724102020264, 0.9927648901939392, 0.9928568601608276, 0.9940060377120972, 0.9943463206291199, 0.9949041604995728, 0.9957142472267151, 0.9958825707435608, 0.9958077669143677, 0.997373640537262, 0.9978170394897461, 0.9977609515190125, 0.9982244968414307, 0.9981986880302429, 0.997910737991333, 0.997879147529602, 0.9981014728546143, 0.9980603456497192, 0.998030424118042, 0.9988341927528381, 0.9988070726394653, 0.9987787008285522, 0.9993742108345032, 0.9993667602539062, 0.9993507266044617, 0.999333918094635, 0.9993160963058472, 0.9992973208427429, 0.9992775321006775, 0.9992566108703613, 0.9992344379425049, 0.9991979598999023, 0.999172031879425, 1.0, 1.0, 1.0, 1.0, 1.0, 1.0, 1.0, 1.0, 1.0, 1.0, 1.0, 1.0, 1.0, 1.0, 1.0, 1.0, 1.0, 1.0, 1.0, 1.0, 1.0], "filter_out_rate": [0.0, 0.847457627118644, 1.694915254237288, 2.5423728813559325, 3.389830508474576, 4.23728813559322, 5.084745762711865, 5.932203389830509, 6.779661016949152, 7.627118644067797, 8.47457627118644, 9.322033898305085, 10.16949152542373, 11.016949152542372, 11.864406779661017, 12.711864406779661, 13.559322033898304, 14.40677966101695, 15.254237288135593, 16.101694915254235, 16.94915254237288, 17.796610169491526, 18.64406779661017, 19.491525423728813, 20.33898305084746, 21.1864406779661, 22.033898305084744, 22.88135593220339, 23.728813559322035, 24.576271186440678, 25.423728813559322, 26.27118644067797, 27.11864406779661, 27.966101694915253, 28.8135593220339, 29.66101694915254, 30.508474576271187, 31.35593220338983, 32.20338983050847, 33.05084745762712, 33.89830508474576, 34.74576271186441, 35.59322033898305, 36.440677966101696, 37.28813559322034, 38.13559322033898, 38.983050847457626, 39.83050847457627, 40.67796610169492, 41.52542372881356, 42.3728813559322, 43.22033898305085, 44.06779661016949, 44.91525423728814, 45.76271186440678, 46.61016949152542, 47.45762711864407, 48.30508474576271, 49.152542372881356, 50.0, 50.847457627118644, 51.69491525423729, 52.54237288135594, 53.38983050847458, 54.23728813559322, 55.08474576271186, 55.932203389830505, 56.779661016949156, 57.6271186440678, 58.47457627118644, 59.32203389830508, 60.16949152542372, 61.016949152542374, 61.86440677966102, 62.71186440677966, 63.559322033898304, 64.40677966101694, 65.2542372881356, 66.10169491525424, 66.94915254237289, 67.79661016949152, 68.64406779661016, 69.49152542372882, 70.33898305084746, 71.1864406779661, 72.03389830508475, 72.88135593220339, 73.72881355932203, 74.57627118644068, 75.42372881355932, 76.27118644067797, 77.11864406779661, 77.96610169491525, 78.8135593220339, 79.66101694915254, 80.50847457627118, 81.35593220338984, 82.20338983050848, 83.05084745762711, 83.89830508474576, 84.7457627118644, 85.59322033898306, 86.4406779661017, 87.28813559322035, 88.13559322033898, 88.98305084745762, 89.83050847457628, 90.67796610169492, 91.52542372881356, 92.37288135593221, 93.22033898305084, 94.0677966101695, 94.91525423728814, 95.76271186440678, 96.61016949152543, 97.45762711864407, 98.30508474576271, 99.15254237288136]}