{"ece": 0.06810516566475605, "acc": [0.0, 0.18552036199095023, 0.23002421307506055, 0.31351351351351353, 0.4423337856173677, 0.4884437596302003, 0.5785582255083179, 0.617059891107078, 0.6490566037735849, 0.744114636642784], "conf": [0.0, 0.17350113122171945, 0.24182808716707022, 0.33513513513513515, 0.43724559023066484, 0.5377503852080123, 0.6395563770794824, 0.7391107078039928, 0.839622641509434, 0.9488229273285568]}