{"auprc": 0.6424480080604553, "fpr0": 0.0, "fpr10": 0.0731000006198883, "fpr20": 0.13830000162124634, "fpr30": 0.19370000064373016, "fpr40": 0.24639999866485596, "fpr50": 0.2922999858856201, "fpr60": 0.3314000070095062, "fpr70": 0.36719998717308044, "fpr80": 0.3993000090122223, "fpr90": 0.4271000027656555, "auroc": 0.4447668790817261}