{"ausc": 0.7136035561561584, "accuracies": [0.5104166865348816, 0.5139309167861938, 0.5163818001747131, 0.5191795229911804, 0.5218155980110168, 0.523139476776123, 0.5269020199775696, 0.5308327674865723, 0.533226490020752, 0.5359836220741272, 0.5378096699714661, 0.5392285585403442, 0.539787769317627, 0.5423634648323059, 0.5437471866607666, 0.5449285507202148, 0.5472756028175354, 0.5496650338172913, 0.5515151023864746, 0.5536344051361084, 0.5563865303993225, 0.5585908889770508, 0.5621674656867981, 0.5643467307090759, 0.567307710647583, 0.5700771808624268, 0.5731523036956787, 0.575526773929596, 0.5791025161743164, 0.5831390619277954, 0.5862115025520325, 0.5886862277984619, 0.5904113054275513, 0.594062089920044, 0.5986087918281555, 0.6000826954841614, 0.6024247407913208, 0.6053817868232727, 0.6081196665763855, 0.6096225380897522, 0.6114510297775269, 0.6147951483726501, 0.6186642646789551, 0.6230769753456116, 0.6285102963447571, 0.6317013502120972, 0.636591911315918, 0.638756275177002, 0.6419343948364258, 0.6448663473129272, 0.6470537185668945, 0.6507943272590637, 0.655308187007904, 0.6600508093833923, 0.6667236685752869, 0.6720914840698242, 0.6758757829666138, 0.6816204786300659, 0.6871026158332825, 0.6905206441879272, 0.694764256477356, 0.6991962790489197, 0.7066433429718018, 0.7119945883750916, 0.7162984013557434, 0.7234498262405396, 0.7286709547042847, 0.732534646987915, 0.7399826645851135, 0.7429333925247192, 0.7464298605918884, 0.7518523335456848, 0.7594115138053894, 0.7659839987754822, 0.7723226547241211, 0.7795371413230896, 0.7854674458503723, 0.7917278409004211, 0.796900749206543, 0.8052680492401123, 0.8093598484992981, 0.8174842596054077, 0.8269592523574829, 0.8357812166213989, 0.8420478701591492, 0.8477984666824341, 0.854966402053833, 0.8623492121696472, 0.8715413212776184, 0.8767563104629517, 0.8851788640022278, 0.8913440108299255, 0.8967594504356384, 0.8979141116142273, 0.901719331741333, 0.9047288298606873, 0.9104434251785278, 0.914574921131134, 0.9145471453666687, 0.9218271970748901, 0.9225746393203735, 0.9286256432533264, 0.9301608204841614, 0.9324775338172913, 0.9368542432785034, 0.9407682418823242, 0.944402277469635, 0.9471250772476196, 0.9504799246788025, 0.9546354413032532, 0.958063542842865, 0.9630961418151855, 0.9736111164093018, 0.9787991642951965, 0.9776132106781006, 0.9811561703681946, 0.9804195761680603, 0.9828994870185852], "filter_out_rate": [0.0, 0.847457627118644, 1.694915254237288, 2.5423728813559325, 3.389830508474576, 4.23728813559322, 5.084745762711865, 5.932203389830509, 6.779661016949152, 7.627118644067797, 8.47457627118644, 9.322033898305085, 10.16949152542373, 11.016949152542372, 11.864406779661017, 12.711864406779661, 13.559322033898304, 14.40677966101695, 15.254237288135593, 16.101694915254235, 16.94915254237288, 17.796610169491526, 18.64406779661017, 19.491525423728813, 20.33898305084746, 21.1864406779661, 22.033898305084744, 22.88135593220339, 23.728813559322035, 24.576271186440678, 25.423728813559322, 26.27118644067797, 27.11864406779661, 27.966101694915253, 28.8135593220339, 29.66101694915254, 30.508474576271187, 31.35593220338983, 32.20338983050847, 33.05084745762712, 33.89830508474576, 34.74576271186441, 35.59322033898305, 36.440677966101696, 37.28813559322034, 38.13559322033898, 38.983050847457626, 39.83050847457627, 40.67796610169492, 41.52542372881356, 42.3728813559322, 43.22033898305085, 44.06779661016949, 44.91525423728814, 45.76271186440678, 46.61016949152542, 47.45762711864407, 48.30508474576271, 49.152542372881356, 50.0, 50.847457627118644, 51.69491525423729, 52.54237288135594, 53.38983050847458, 54.23728813559322, 55.08474576271186, 55.932203389830505, 56.779661016949156, 57.6271186440678, 58.47457627118644, 59.32203389830508, 60.16949152542372, 61.016949152542374, 61.86440677966102, 62.71186440677966, 63.559322033898304, 64.40677966101694, 65.2542372881356, 66.10169491525424, 66.94915254237289, 67.79661016949152, 68.64406779661016, 69.49152542372882, 70.33898305084746, 71.1864406779661, 72.03389830508475, 72.88135593220339, 73.72881355932203, 74.57627118644068, 75.42372881355932, 76.27118644067797, 77.11864406779661, 77.96610169491525, 78.8135593220339, 79.66101694915254, 80.50847457627118, 81.35593220338984, 82.20338983050848, 83.05084745762711, 83.89830508474576, 84.7457627118644, 85.59322033898306, 86.4406779661017, 87.28813559322035, 88.13559322033898, 88.98305084745762, 89.83050847457628, 90.67796610169492, 91.52542372881356, 92.37288135593221, 93.22033898305084, 94.0677966101695, 94.91525423728814, 95.76271186440678, 96.61016949152543, 97.45762711864407, 98.30508474576271, 99.15254237288136]}