{"ece": 0.08749816392479436, "acc": [0.0, 0.15261044176706828, 0.23243243243243245, 0.3242320819112628, 0.42120343839541546, 0.4510166358595194, 0.5426829268292683, 0.5892857142857143, 0.5848375451263538, 0.6934619506966774], "conf": [0.0, 0.17444779116465864, 0.24204204204204205, 0.3346843003412969, 0.4380372492836676, 0.5378927911275416, 0.6387195121951219, 0.7380952380952381, 0.8429602888086642, 0.9485530546623794]}