{"auprc": 0.6465953588485718, "fpr0": 0.0, "fpr10": 0.0786999985575676, "fpr20": 0.14569999277591705, "fpr30": 0.2045000046491623, "fpr40": 0.25519999861717224, "fpr50": 0.2985999882221222, "fpr60": 0.33640000224113464, "fpr70": 0.36660000681877136, "fpr80": 0.3961000144481659, "fpr90": 0.4205999970436096, "auroc": 0.4593813419342041}