{"ausc": 0.7253627777099609, "accuracies": [0.5083132982254028, 0.5111044049263, 0.5139397978782654, 0.5171281695365906, 0.519127368927002, 0.5222013592720032, 0.5257461071014404, 0.5287137031555176, 0.5318375825881958, 0.5345830917358398, 0.5372664332389832, 0.5402147769927979, 0.5446507334709167, 0.546711266040802, 0.5494827032089233, 0.5509416460990906, 0.5521978139877319, 0.5548625588417053, 0.5587412118911743, 0.5609268546104431, 0.5643399357795715, 0.5682961940765381, 0.5705128312110901, 0.5725275278091431, 0.5755670666694641, 0.5777943730354309, 0.5798139572143555, 0.5833967924118042, 0.5861538648605347, 0.5902615785598755, 0.5924908518791199, 0.5968807339668274, 0.5989583134651184, 0.6016194224357605, 0.6052918434143066, 0.6084439158439636, 0.6117124557495117, 0.6161814332008362, 0.6184689402580261, 0.6222499012947083, 0.6265908479690552, 0.6289317011833191, 0.63277268409729, 0.6370507478713989, 0.6414344906806946, 0.6448484063148499, 0.6480194330215454, 0.6522166132926941, 0.656733512878418, 0.6626249551773071, 0.6661466956138611, 0.672247588634491, 0.6760064959526062, 0.6789061427116394, 0.6825355887413025, 0.6871523857116699, 0.6918951869010925, 0.69532710313797, 0.7009799480438232, 0.7084550857543945, 0.7137743830680847, 0.7206119298934937, 0.7289896607398987, 0.7343765497207642, 0.7400845289230347, 0.7434313297271729, 0.7493769526481628, 0.7549606561660767, 0.7614296078681946, 0.7685129046440125, 0.773847758769989, 0.7820318341255188, 0.7892283797264099, 0.7949956059455872, 0.8027802109718323, 0.8090963363647461, 0.813797116279602, 0.8195017576217651, 0.8242058157920837, 0.8296469449996948, 0.8364193439483643, 0.8412176966667175, 0.8479526042938232, 0.8549049496650696, 0.8636919856071472, 0.8681416511535645, 0.8757243752479553, 0.8825957179069519, 0.8872838020324707, 0.8893159627914429, 0.893487811088562, 0.8966009616851807, 0.9009413123130798, 0.906143307685852, 0.907676100730896, 0.9124571681022644, 0.9191285967826843, 0.9238923192024231, 0.9276745319366455, 0.9328007102012634, 0.9393754601478577, 0.942122220993042, 0.9450175166130066, 0.9454545378684998, 0.9511523842811584, 0.9531031847000122, 0.9540780186653137, 0.9597684144973755, 0.9594354629516602, 0.9604347348213196, 0.9619123935699463, 0.9670867919921875, 0.9662405252456665, 0.9722393751144409, 0.9729479551315308, 0.9740641713142395, 0.9724941849708557, 0.973543107509613], "filter_out_rate": [0.0, 0.847457627118644, 1.694915254237288, 2.5423728813559325, 3.389830508474576, 4.23728813559322, 5.084745762711865, 5.932203389830509, 6.779661016949152, 7.627118644067797, 8.47457627118644, 9.322033898305085, 10.16949152542373, 11.016949152542372, 11.864406779661017, 12.711864406779661, 13.559322033898304, 14.40677966101695, 15.254237288135593, 16.101694915254235, 16.94915254237288, 17.796610169491526, 18.64406779661017, 19.491525423728813, 20.33898305084746, 21.1864406779661, 22.033898305084744, 22.88135593220339, 23.728813559322035, 24.576271186440678, 25.423728813559322, 26.27118644067797, 27.11864406779661, 27.966101694915253, 28.8135593220339, 29.66101694915254, 30.508474576271187, 31.35593220338983, 32.20338983050847, 33.05084745762712, 33.89830508474576, 34.74576271186441, 35.59322033898305, 36.440677966101696, 37.28813559322034, 38.13559322033898, 38.983050847457626, 39.83050847457627, 40.67796610169492, 41.52542372881356, 42.3728813559322, 43.22033898305085, 44.06779661016949, 44.91525423728814, 45.76271186440678, 46.61016949152542, 47.45762711864407, 48.30508474576271, 49.152542372881356, 50.0, 50.847457627118644, 51.69491525423729, 52.54237288135594, 53.38983050847458, 54.23728813559322, 55.08474576271186, 55.932203389830505, 56.779661016949156, 57.6271186440678, 58.47457627118644, 59.32203389830508, 60.16949152542372, 61.016949152542374, 61.86440677966102, 62.71186440677966, 63.559322033898304, 64.40677966101694, 65.2542372881356, 66.10169491525424, 66.94915254237289, 67.79661016949152, 68.64406779661016, 69.49152542372882, 70.33898305084746, 71.1864406779661, 72.03389830508475, 72.88135593220339, 73.72881355932203, 74.57627118644068, 75.42372881355932, 76.27118644067797, 77.11864406779661, 77.96610169491525, 78.8135593220339, 79.66101694915254, 80.50847457627118, 81.35593220338984, 82.20338983050848, 83.05084745762711, 83.89830508474576, 84.7457627118644, 85.59322033898306, 86.4406779661017, 87.28813559322035, 88.13559322033898, 88.98305084745762, 89.83050847457628, 90.67796610169492, 91.52542372881356, 92.37288135593221, 93.22033898305084, 94.0677966101695, 94.91525423728814, 95.76271186440678, 96.61016949152543, 97.45762711864407, 98.30508474576271, 99.15254237288136]}