{"ece": 0.015156362055749256, "acc": [0.0, 0.0, 0.20512820512820512, 0.3377777777777778, 0.44766708701134933, 0.5236617532971296, 0.5896103896103896, 0.7288135593220338, 0.8331716779825412, 0.9522222222222222], "conf": [0.0, 0.1600341796875, 0.2630208333333333, 0.35388888888888886, 0.44672131147540983, 0.5387897595034911, 0.6393939393939394, 0.7383474576271186, 0.8423860329776915, 0.9477777777777778]}