{"auprc": 0.9729922413825989, "fpr0": 0.0, "fpr10": 0.0006000000284984708, "fpr20": 0.0017999999690800905, "fpr30": 0.003000000026077032, "fpr40": 0.004699999932199717, "fpr50": 0.006300000008195639, "fpr60": 0.010499999858438969, "fpr70": 0.016100000590085983, "fpr80": 0.026200000196695328, "fpr90": 0.042899999767541885, "auroc": 0.9770700931549072}