{"ausc": 0.866868793964386, "accuracies": [0.7248597741127014, 0.788612961769104, 0.7916157841682434, 0.7962051033973694, 0.7398675680160522, 0.8042528033256531, 0.8073770403862, 0.8099173903465271, 0.7540597915649414, 0.8168498873710632, 0.8215993046760559, 0.8223755955696106, 0.7660256624221802, 0.8270902633666992, 0.8289473056793213, 0.8327659964561462, 0.7770147323608398, 0.8356433510780334, 0.8392773866653442, 0.840155303478241, 0.7871557474136353, 0.8438648581504822, 0.8465040326118469, 0.8491933941841125, 0.7923920154571533, 0.8517440557479858, 0.852678656578064, 0.8536317348480225, 0.802038311958313, 0.8576701283454895, 0.8596190214157104, 0.8598898649215698, 0.8107498288154602, 0.8612585067749023, 0.8611565828323364, 0.8631100654602051, 0.8154960870742798, 0.8655958771705627, 0.8666667342185974, 0.8680495023727417, 0.8224067687988281, 0.8719233870506287, 0.8753254413604736, 0.8791114687919617, 0.8312364220619202, 0.87836092710495, 0.8809396624565125, 0.8824623227119446, 0.8394325375556946, 0.8849789500236511, 0.8874474763870239, 0.8871408104896545, 0.8470528721809387, 0.8915424942970276, 0.892133355140686, 0.8918763399124146, 0.8517476320266724, 0.892507791519165, 0.8929355144500732, 0.894926905632019, 0.895300030708313, 0.8579735159873962, 0.8602198362350464, 0.8628661036491394, 0.8986904621124268, 0.8690391182899475, 0.8713853359222412, 0.871774435043335, 0.9016079306602478, 0.8720521330833435, 0.8724218606948853, 0.8744013905525208, 0.9049357175827026, 0.8764329552650452, 0.8773819208145142, 0.8781890869140625, 0.9072471857070923, 0.8777669072151184, 0.8796138167381287, 0.8816385269165039, 0.9075031876564026, 0.8845594525337219, 0.8879322409629822, 0.8901584148406982, 0.9170939922332764, 0.8955947756767273, 0.8966978788375854, 0.8980482816696167, 0.9236350655555725, 0.9052914381027222, 0.9043574929237366, 0.904151439666748, 0.9227636456489563, 0.9101160764694214, 0.9148350954055786, 0.9156674146652222, 0.9339971542358398, 0.9189268350601196, 0.9238258600234985, 0.925726056098938, 0.9439412355422974, 0.9310612678527832, 0.9304685592651367, 0.9304878115653992, 0.9338705539703369, 0.9331886172294617, 0.9337481260299683, 0.9387533664703369, 0.9385462999343872, 0.9435235857963562, 0.9413242936134338, 0.9458156228065491, 0.9484204053878784, 0.9551929831504822, 0.9551531672477722, 0.9567390084266663, 0.96145099401474, 0.9819494485855103], "filter_out_rate": [0.0, 0.847457627118644, 1.694915254237288, 2.5423728813559325, 3.389830508474576, 4.23728813559322, 5.084745762711865, 5.932203389830509, 6.779661016949152, 7.627118644067797, 8.47457627118644, 9.322033898305085, 10.16949152542373, 11.016949152542372, 11.864406779661017, 12.711864406779661, 13.559322033898304, 14.40677966101695, 15.254237288135593, 16.101694915254235, 16.94915254237288, 17.796610169491526, 18.64406779661017, 19.491525423728813, 20.33898305084746, 21.1864406779661, 22.033898305084744, 22.88135593220339, 23.728813559322035, 24.576271186440678, 25.423728813559322, 26.27118644067797, 27.11864406779661, 27.966101694915253, 28.8135593220339, 29.66101694915254, 30.508474576271187, 31.35593220338983, 32.20338983050847, 33.05084745762712, 33.89830508474576, 34.74576271186441, 35.59322033898305, 36.440677966101696, 37.28813559322034, 38.13559322033898, 38.983050847457626, 39.83050847457627, 40.67796610169492, 41.52542372881356, 42.3728813559322, 43.22033898305085, 44.06779661016949, 44.91525423728814, 45.76271186440678, 46.61016949152542, 47.45762711864407, 48.30508474576271, 49.152542372881356, 50.0, 50.847457627118644, 51.69491525423729, 52.54237288135594, 53.38983050847458, 54.23728813559322, 55.08474576271186, 55.932203389830505, 56.779661016949156, 57.6271186440678, 58.47457627118644, 59.32203389830508, 60.16949152542372, 61.016949152542374, 61.86440677966102, 62.71186440677966, 63.559322033898304, 64.40677966101694, 65.2542372881356, 66.10169491525424, 66.94915254237289, 67.79661016949152, 68.64406779661016, 69.49152542372882, 70.33898305084746, 71.1864406779661, 72.03389830508475, 72.88135593220339, 73.72881355932203, 74.57627118644068, 75.42372881355932, 76.27118644067797, 77.11864406779661, 77.96610169491525, 78.8135593220339, 79.66101694915254, 80.50847457627118, 81.35593220338984, 82.20338983050848, 83.05084745762711, 83.89830508474576, 84.7457627118644, 85.59322033898306, 86.4406779661017, 87.28813559322035, 88.13559322033898, 88.98305084745762, 89.83050847457628, 90.67796610169492, 91.52542372881356, 92.37288135593221, 93.22033898305084, 94.0677966101695, 94.91525423728814, 95.76271186440678, 96.61016949152543, 97.45762711864407, 98.30508474576271, 99.15254237288136]}