{"ece": 0.16679175175448688, "acc": [0.0, 0.0, 0.19596541786743515, 0.2516309412861137, 0.30835486649440136, 0.37513171759747105, 0.44712182061579653, 0.5276872964169381, 0.6153846153846154, 0.6989795918367347], "conf": [0.0, 0.17640269886363635, 0.2554034582132565, 0.34389561975768873, 0.4384151593453919, 0.5384615384615384, 0.6395582329317269, 0.738599348534202, 0.8390894819466248, 0.9479591836734694]}