{"auprc": 0.6702619791030884, "fpr0": 0.0, "fpr10": 0.06960000097751617, "fpr20": 0.11890000104904175, "fpr30": 0.15800000727176666, "fpr40": 0.1941000074148178, "fpr50": 0.2321999967098236, "fpr60": 0.26179999113082886, "fpr70": 0.29159998893737793, "fpr80": 0.31940001249313354, "fpr90": 0.3483000099658966, "auroc": 0.48586732149124146}