{"ausc": 0.7439426183700562, "accuracies": [0.5488781929016113, 0.5499697327613831, 0.5520960688591003, 0.554358959197998, 0.5561414361000061, 0.5584740042686462, 0.5622109770774841, 0.5645263195037842, 0.5677350163459778, 0.5685197114944458, 0.5708388090133667, 0.5722112655639648, 0.5744916200637817, 0.5758082270622253, 0.5780476927757263, 0.5794190764427185, 0.5823030471801758, 0.5840840935707092, 0.5879952907562256, 0.5892730951309204, 0.5927112698554993, 0.5941768288612366, 0.596274733543396, 0.5995116829872131, 0.6021942496299744, 0.6049290299415588, 0.6059577465057373, 0.6075146198272705, 0.609743595123291, 0.6121470928192139, 0.6159079670906067, 0.6190853714942932, 0.6225962042808533, 0.6253710985183716, 0.6271139979362488, 0.6295837163925171, 0.6348941326141357, 0.6383488774299622, 0.6411681175231934, 0.6467876434326172, 0.6496212482452393, 0.6529620289802551, 0.6577220559120178, 0.658371090888977, 0.6617826819419861, 0.663690447807312, 0.6659563779830933, 0.6702240109443665, 0.6725130081176758, 0.6758357882499695, 0.6800570487976074, 0.6861756443977356, 0.688841700553894, 0.692698061466217, 0.69669109582901, 0.7003839015960693, 0.7037062048912048, 0.708154022693634, 0.7126957774162292, 0.7165223360061646, 0.7227802872657776, 0.727180004119873, 0.7319705486297607, 0.7368250489234924, 0.7453354001045227, 0.7511389255523682, 0.7561966776847839, 0.7629220485687256, 0.7668759822845459, 0.7730920910835266, 0.7794446349143982, 0.7827604413032532, 0.7895627021789551, 0.7959533929824829, 0.8030168414115906, 0.8085874915122986, 0.8144233822822571, 0.8170614838600159, 0.8242964148521423, 0.829649806022644, 0.831749439239502, 0.8431828618049622, 0.8553594946861267, 0.8622553944587708, 0.8707112073898315, 0.8783154487609863, 0.8881150484085083, 0.8952891230583191, 0.9066933989524841, 0.911915123462677, 0.9188891649246216, 0.923762857913971, 0.9299424290657043, 0.9346345067024231, 0.9399899244308472, 0.9420915246009827, 0.9442170858383179, 0.9471246600151062, 0.9495238065719604, 0.9537897109985352, 0.9583784937858582, 0.9612289071083069, 0.9612467885017395, 0.9627515077590942, 0.9652023315429688, 0.9683759808540344, 0.9747858047485352, 0.9748013019561768, 0.9774316549301147, 0.9804487228393555, 0.9837626814842224, 0.9824386835098267, 0.9825836420059204, 0.9865681529045105, 0.9918733239173889, 0.9932296872138977, 0.9925666451454163, 0.9947293400764465], "filter_out_rate": [0.0, 0.847457627118644, 1.694915254237288, 2.5423728813559325, 3.389830508474576, 4.23728813559322, 5.084745762711865, 5.932203389830509, 6.779661016949152, 7.627118644067797, 8.47457627118644, 9.322033898305085, 10.16949152542373, 11.016949152542372, 11.864406779661017, 12.711864406779661, 13.559322033898304, 14.40677966101695, 15.254237288135593, 16.101694915254235, 16.94915254237288, 17.796610169491526, 18.64406779661017, 19.491525423728813, 20.33898305084746, 21.1864406779661, 22.033898305084744, 22.88135593220339, 23.728813559322035, 24.576271186440678, 25.423728813559322, 26.27118644067797, 27.11864406779661, 27.966101694915253, 28.8135593220339, 29.66101694915254, 30.508474576271187, 31.35593220338983, 32.20338983050847, 33.05084745762712, 33.89830508474576, 34.74576271186441, 35.59322033898305, 36.440677966101696, 37.28813559322034, 38.13559322033898, 38.983050847457626, 39.83050847457627, 40.67796610169492, 41.52542372881356, 42.3728813559322, 43.22033898305085, 44.06779661016949, 44.91525423728814, 45.76271186440678, 46.61016949152542, 47.45762711864407, 48.30508474576271, 49.152542372881356, 50.0, 50.847457627118644, 51.69491525423729, 52.54237288135594, 53.38983050847458, 54.23728813559322, 55.08474576271186, 55.932203389830505, 56.779661016949156, 57.6271186440678, 58.47457627118644, 59.32203389830508, 60.16949152542372, 61.016949152542374, 61.86440677966102, 62.71186440677966, 63.559322033898304, 64.40677966101694, 65.2542372881356, 66.10169491525424, 66.94915254237289, 67.79661016949152, 68.64406779661016, 69.49152542372882, 70.33898305084746, 71.1864406779661, 72.03389830508475, 72.88135593220339, 73.72881355932203, 74.57627118644068, 75.42372881355932, 76.27118644067797, 77.11864406779661, 77.96610169491525, 78.8135593220339, 79.66101694915254, 80.50847457627118, 81.35593220338984, 82.20338983050848, 83.05084745762711, 83.89830508474576, 84.7457627118644, 85.59322033898306, 86.4406779661017, 87.28813559322035, 88.13559322033898, 88.98305084745762, 89.83050847457628, 90.67796610169492, 91.52542372881356, 92.37288135593221, 93.22033898305084, 94.0677966101695, 94.91525423728814, 95.76271186440678, 96.61016949152543, 97.45762711864407, 98.30508474576271, 99.15254237288136]}