{"ece": 0.021466941654781236, "acc": [0.0, 0.0, 0.2903225806451613, 0.3697478991596639, 0.4192592592592593, 0.5228915662650603, 0.5909528392685275, 0.684964200477327, 0.8377693282636248, 0.9545712663259511], "conf": [0.0, 0.1600341796875, 0.2516381048387097, 0.3542542016806723, 0.4474074074074074, 0.5385542168674698, 0.6371511068334937, 0.7398568019093079, 0.8422053231939164, 0.9540034071550255]}