{"auprc": 0.9701652526855469, "fpr0": 0.0, "fpr10": 0.000699999975040555, "fpr20": 0.0027000000700354576, "fpr30": 0.004999999888241291, "fpr40": 0.006399999838322401, "fpr50": 0.010200000368058681, "fpr60": 0.014600000344216824, "fpr70": 0.020600000396370888, "fpr80": 0.029500000178813934, "fpr90": 0.045499999076128006, "auroc": 0.9772201776504517}