{"ausc": 0.8810511827468872, "accuracies": [0.7535055875778198, 0.8044618964195251, 0.8095237612724304, 0.8139486908912659, 0.7681968808174133, 0.8191578984260559, 0.8237704634666443, 0.8265522718429565, 0.7825854420661926, 0.8331178426742554, 0.8365928530693054, 0.8389217853546143, 0.7953138947486877, 0.8429208397865295, 0.8435671925544739, 0.8453596830368042, 0.8041437864303589, 0.8506584167480469, 0.8523309230804443, 0.8540343046188354, 0.8111348152160645, 0.8574166893959045, 0.8582487106323242, 0.8592185974121094, 0.8203895092010498, 0.8623350858688354, 0.8642446994781494, 0.8648045659065247, 0.8275640606880188, 0.8663557767868042, 0.8678621053695679, 0.8700558543205261, 0.832630455493927, 0.8725658059120178, 0.8735589981079102, 0.8746793866157532, 0.8405673503875732, 0.8776947259902954, 0.879327118396759, 0.8807177543640137, 0.848459780216217, 0.8835598826408386, 0.8839840292930603, 0.8860896229743958, 0.8556735515594482, 0.8894583582878113, 0.8893598914146423, 0.8894151449203491, 0.8615466356277466, 0.8893548846244812, 0.8915571570396423, 0.8913083076477051, 0.867519199848175, 0.8970499038696289, 0.8980526328086853, 0.8999919295310974, 0.8742572069168091, 0.9009076356887817, 0.9004189968109131, 0.9010012745857239, 0.9037806391716003, 0.8819213509559631, 0.8844025731086731, 0.8855701088905334, 0.9129838943481445, 0.8906497359275818, 0.8909379839897156, 0.8928009271621704, 0.9168006777763367, 0.8943293690681458, 0.8947117328643799, 0.8966984152793884, 0.9219241142272949, 0.8962367177009583, 0.8962077498435974, 0.8968049883842468, 0.9236553907394409, 0.8980666995048523, 0.8983554244041443, 0.9005084037780762, 0.9296562075614929, 0.9020218253135681, 0.9025776386260986, 0.9065089225769043, 0.9322851896286011, 0.9080678224563599, 0.9063679575920105, 0.9076799154281616, 0.9354076981544495, 0.9110351800918579, 0.9121356010437012, 0.9115917682647705, 0.93825364112854, 0.9195481538772583, 0.9214010238647461, 0.9264252781867981, 0.9509789943695068, 0.9307307004928589, 0.932682454586029, 0.9367918372154236, 0.9527332782745361, 0.937482476234436, 0.9408508539199829, 0.9416930079460144, 0.9427569508552551, 0.946060061454773, 0.9473625421524048, 0.9496141076087952, 0.9512254595756531, 0.958050549030304, 0.9641719460487366, 0.9630692601203918, 0.9647917151451111, 0.9629562497138977, 0.9613739252090454, 0.9619942903518677, 0.9562785029411316, 0.9596602320671082], "filter_out_rate": [0.0, 0.847457627118644, 1.694915254237288, 2.5423728813559325, 3.389830508474576, 4.23728813559322, 5.084745762711865, 5.932203389830509, 6.779661016949152, 7.627118644067797, 8.47457627118644, 9.322033898305085, 10.16949152542373, 11.016949152542372, 11.864406779661017, 12.711864406779661, 13.559322033898304, 14.40677966101695, 15.254237288135593, 16.101694915254235, 16.94915254237288, 17.796610169491526, 18.64406779661017, 19.491525423728813, 20.33898305084746, 21.1864406779661, 22.033898305084744, 22.88135593220339, 23.728813559322035, 24.576271186440678, 25.423728813559322, 26.27118644067797, 27.11864406779661, 27.966101694915253, 28.8135593220339, 29.66101694915254, 30.508474576271187, 31.35593220338983, 32.20338983050847, 33.05084745762712, 33.89830508474576, 34.74576271186441, 35.59322033898305, 36.440677966101696, 37.28813559322034, 38.13559322033898, 38.983050847457626, 39.83050847457627, 40.67796610169492, 41.52542372881356, 42.3728813559322, 43.22033898305085, 44.06779661016949, 44.91525423728814, 45.76271186440678, 46.61016949152542, 47.45762711864407, 48.30508474576271, 49.152542372881356, 50.0, 50.847457627118644, 51.69491525423729, 52.54237288135594, 53.38983050847458, 54.23728813559322, 55.08474576271186, 55.932203389830505, 56.779661016949156, 57.6271186440678, 58.47457627118644, 59.32203389830508, 60.16949152542372, 61.016949152542374, 61.86440677966102, 62.71186440677966, 63.559322033898304, 64.40677966101694, 65.2542372881356, 66.10169491525424, 66.94915254237289, 67.79661016949152, 68.64406779661016, 69.49152542372882, 70.33898305084746, 71.1864406779661, 72.03389830508475, 72.88135593220339, 73.72881355932203, 74.57627118644068, 75.42372881355932, 76.27118644067797, 77.11864406779661, 77.96610169491525, 78.8135593220339, 79.66101694915254, 80.50847457627118, 81.35593220338984, 82.20338983050848, 83.05084745762711, 83.89830508474576, 84.7457627118644, 85.59322033898306, 86.4406779661017, 87.28813559322035, 88.13559322033898, 88.98305084745762, 89.83050847457628, 90.67796610169492, 91.52542372881356, 92.37288135593221, 93.22033898305084, 94.0677966101695, 94.91525423728814, 95.76271186440678, 96.61016949152543, 97.45762711864407, 98.30508474576271, 99.15254237288136]}