{"ece": 0.05167585950189496, "acc": [0.0, 0.12738853503184713, 0.24, 0.3468660968660969, 0.44265809217577706, 0.48401162790697677, 0.6030150753768844, 0.6634799235181644, 0.7210440456769984, 0.7656731757451182], "conf": [0.0, 0.17376592356687898, 0.24533333333333332, 0.33653846153846156, 0.43810289389067525, 0.5381540697674418, 0.6386097152428811, 0.7404397705544933, 0.8401305057096248, 0.94655704008222]}