{"auprc": 0.6463481783866882, "fpr0": 0.0, "fpr10": 0.08150000125169754, "fpr20": 0.14749999344348907, "fpr30": 0.20080000162124634, "fpr40": 0.24940000474452972, "fpr50": 0.28949999809265137, "fpr60": 0.3240000009536743, "fpr70": 0.3564999997615814, "fpr80": 0.38269999623298645, "fpr90": 0.40619999170303345, "auroc": 0.4527832269668579}