{"ausc": 0.7289310097694397, "accuracies": [0.5229367017745972, 0.5277609825134277, 0.5303215384483337, 0.5337435603141785, 0.5351530313491821, 0.5374191999435425, 0.5405632257461548, 0.5423818826675415, 0.5445513129234314, 0.5475113987922668, 0.5491091012954712, 0.551720380783081, 0.553492546081543, 0.5558528304100037, 0.5597165822982788, 0.5612661242485046, 0.5629578828811646, 0.5661816000938416, 0.5696969628334045, 0.5717478394508362, 0.5740740895271301, 0.5756050944328308, 0.5780116319656372, 0.5829706192016602, 0.5866042971611023, 0.5899339318275452, 0.5935815572738647, 0.5960320234298706, 0.5991724729537964, 0.6025046110153198, 0.6048582196235657, 0.6072616577148438, 0.6102493405342102, 0.6124903559684753, 0.6155972480773926, 0.620425283908844, 0.6218714714050293, 0.6244795322418213, 0.6271439790725708, 0.6310223340988159, 0.6355715394020081, 0.6411095857620239, 0.6446911692619324, 0.6480535864830017, 0.6516469120979309, 0.655326783657074, 0.6592546105384827, 0.6623297929763794, 0.6646178364753723, 0.6686140894889832, 0.6714332699775696, 0.6766610741615295, 0.6789900660514832, 0.6837745904922485, 0.6881686449050903, 0.6938590407371521, 0.7006039023399353, 0.704116940498352, 0.7102988958358765, 0.714810848236084, 0.7165266275405884, 0.7225807309150696, 0.724949836730957, 0.7304661870002747, 0.7366603016853333, 0.7416335344314575, 0.7487627267837524, 0.7543540596961975, 0.758771538734436, 0.764906108379364, 0.7726842164993286, 0.7799694538116455, 0.7854455709457397, 0.7882025837898254, 0.7922184467315674, 0.7969245910644531, 0.8038247227668762, 0.809510350227356, 0.814113438129425, 0.8172575831413269, 0.8228515386581421, 0.8301329016685486, 0.8368885517120361, 0.8416902422904968, 0.8480737209320068, 0.8526548743247986, 0.8621153235435486, 0.8683847188949585, 0.8751752972602844, 0.8781096339225769, 0.8838219046592712, 0.8916845321655273, 0.8990002870559692, 0.9035832285881042, 0.9092198610305786, 0.9117651581764221, 0.9121139645576477, 0.9151249527931213, 0.9205740094184875, 0.9266571402549744, 0.9287928938865662, 0.9313696622848511, 0.9392762780189514, 0.9415687322616577, 0.9497541785240173, 0.9554746747016907, 0.9569039940834045, 0.9620904922485352, 0.9629202485084534, 0.9675304889678955, 0.9700904488563538, 0.976190447807312, 0.9781869053840637, 0.9817296266555786, 0.9861211776733398, 0.9864961504936218, 0.9863343834877014, 0.9864293336868286], "filter_out_rate": [0.0, 0.847457627118644, 1.694915254237288, 2.5423728813559325, 3.389830508474576, 4.23728813559322, 5.084745762711865, 5.932203389830509, 6.779661016949152, 7.627118644067797, 8.47457627118644, 9.322033898305085, 10.16949152542373, 11.016949152542372, 11.864406779661017, 12.711864406779661, 13.559322033898304, 14.40677966101695, 15.254237288135593, 16.101694915254235, 16.94915254237288, 17.796610169491526, 18.64406779661017, 19.491525423728813, 20.33898305084746, 21.1864406779661, 22.033898305084744, 22.88135593220339, 23.728813559322035, 24.576271186440678, 25.423728813559322, 26.27118644067797, 27.11864406779661, 27.966101694915253, 28.8135593220339, 29.66101694915254, 30.508474576271187, 31.35593220338983, 32.20338983050847, 33.05084745762712, 33.89830508474576, 34.74576271186441, 35.59322033898305, 36.440677966101696, 37.28813559322034, 38.13559322033898, 38.983050847457626, 39.83050847457627, 40.67796610169492, 41.52542372881356, 42.3728813559322, 43.22033898305085, 44.06779661016949, 44.91525423728814, 45.76271186440678, 46.61016949152542, 47.45762711864407, 48.30508474576271, 49.152542372881356, 50.0, 50.847457627118644, 51.69491525423729, 52.54237288135594, 53.38983050847458, 54.23728813559322, 55.08474576271186, 55.932203389830505, 56.779661016949156, 57.6271186440678, 58.47457627118644, 59.32203389830508, 60.16949152542372, 61.016949152542374, 61.86440677966102, 62.71186440677966, 63.559322033898304, 64.40677966101694, 65.2542372881356, 66.10169491525424, 66.94915254237289, 67.79661016949152, 68.64406779661016, 69.49152542372882, 70.33898305084746, 71.1864406779661, 72.03389830508475, 72.88135593220339, 73.72881355932203, 74.57627118644068, 75.42372881355932, 76.27118644067797, 77.11864406779661, 77.96610169491525, 78.8135593220339, 79.66101694915254, 80.50847457627118, 81.35593220338984, 82.20338983050848, 83.05084745762711, 83.89830508474576, 84.7457627118644, 85.59322033898306, 86.4406779661017, 87.28813559322035, 88.13559322033898, 88.98305084745762, 89.83050847457628, 90.67796610169492, 91.52542372881356, 92.37288135593221, 93.22033898305084, 94.0677966101695, 94.91525423728814, 95.76271186440678, 96.61016949152543, 97.45762711864407, 98.30508474576271, 99.15254237288136]}