{"ece": 0.026740376429092664, "acc": [0.0, 0.16911764705882354, 0.2431592039800995, 0.3465045592705167, 0.45493934142114384, 0.5532934131736527, 0.6438569206842923, 0.7122186495176849, 0.7571669477234402, 0.8509127789046653], "conf": [0.0, 0.17176011029411764, 0.24720149253731344, 0.33768996960486325, 0.4358752166377816, 0.5389221556886228, 0.6391912908242613, 0.7395498392282959, 0.8397976391231029, 0.9477687626774848]}