{"auprc": 0.641150712966919, "fpr0": 0.0, "fpr10": 0.07829999923706055, "fpr20": 0.13840000331401825, "fpr30": 0.19020000100135803, "fpr40": 0.23559999465942383, "fpr50": 0.2784000039100647, "fpr60": 0.31779998540878296, "fpr70": 0.35420000553131104, "fpr80": 0.38530001044273376, "fpr90": 0.4124000072479248, "auroc": 0.4323763847351074}