{"ausc": 0.7013586163520813, "accuracies": [0.5128205418586731, 0.5142338275909424, 0.515466034412384, 0.5176410675048828, 0.5198510885238647, 0.5217844843864441, 0.5250105261802673, 0.5263826847076416, 0.529273509979248, 0.5311355590820312, 0.5329204201698303, 0.5349551439285278, 0.5377984046936035, 0.5401338338851929, 0.543522298336029, 0.5459496378898621, 0.5470467209815979, 0.5500115156173706, 0.5520978569984436, 0.5549282431602478, 0.5568613409996033, 0.5601485371589661, 0.5624093413352966, 0.5632478594779968, 0.565212070941925, 0.5690814256668091, 0.5695072412490845, 0.5704493522644043, 0.5732051730155945, 0.5775705575942993, 0.5804552435874939, 0.581945538520813, 0.5848023295402527, 0.5887989401817322, 0.5917894244194031, 0.5945685505867004, 0.5981859564781189, 0.601800262928009, 0.605638861656189, 0.6081231236457825, 0.6109570860862732, 0.6134123206138611, 0.6166701912879944, 0.6198538541793823, 0.6222913861274719, 0.6269392371177673, 0.6270759701728821, 0.6295940279960632, 0.6313798427581787, 0.6375843286514282, 0.641482412815094, 0.6455190181732178, 0.6491317749023438, 0.6516401767730713, 0.6557708978652954, 0.6583781838417053, 0.6637323498725891, 0.6674895882606506, 0.6712693572044373, 0.6753804087638855, 0.6809841990470886, 0.684653639793396, 0.6878400444984436, 0.6907420754432678, 0.6948641538619995, 0.6994203329086304, 0.7018264532089233, 0.7083052396774292, 0.7126829028129578, 0.7189003825187683, 0.7238873243331909, 0.7295737266540527, 0.7333049774169922, 0.7368526458740234, 0.741239070892334, 0.7489854693412781, 0.7564066052436829, 0.7572488784790039, 0.7614337801933289, 0.7660399079322815, 0.7731189131736755, 0.7796927094459534, 0.7839392423629761, 0.7939578294754028, 0.7992078065872192, 0.8042080402374268, 0.8145862221717834, 0.8251950144767761, 0.8310490846633911, 0.8375314474105835, 0.8446531891822815, 0.8510546684265137, 0.8616108894348145, 0.8687148690223694, 0.8731895089149475, 0.8837618827819824, 0.8865591883659363, 0.900235116481781, 0.9084486365318298, 0.9170647859573364, 0.9186062216758728, 0.9226940870285034, 0.9276736378669739, 0.9229440689086914, 0.9311834573745728, 0.938859224319458, 0.9454774260520935, 0.9555375576019287, 0.9596390128135681, 0.9585368037223816, 0.959551215171814, 0.9655746221542358, 0.966530442237854, 0.9722313284873962, 0.9773730039596558, 0.9792619347572327, 0.9802780151367188, 0.9789822101593018], "filter_out_rate": [0.0, 0.847457627118644, 1.694915254237288, 2.5423728813559325, 3.389830508474576, 4.23728813559322, 5.084745762711865, 5.932203389830509, 6.779661016949152, 7.627118644067797, 8.47457627118644, 9.322033898305085, 10.16949152542373, 11.016949152542372, 11.864406779661017, 12.711864406779661, 13.559322033898304, 14.40677966101695, 15.254237288135593, 16.101694915254235, 16.94915254237288, 17.796610169491526, 18.64406779661017, 19.491525423728813, 20.33898305084746, 21.1864406779661, 22.033898305084744, 22.88135593220339, 23.728813559322035, 24.576271186440678, 25.423728813559322, 26.27118644067797, 27.11864406779661, 27.966101694915253, 28.8135593220339, 29.66101694915254, 30.508474576271187, 31.35593220338983, 32.20338983050847, 33.05084745762712, 33.89830508474576, 34.74576271186441, 35.59322033898305, 36.440677966101696, 37.28813559322034, 38.13559322033898, 38.983050847457626, 39.83050847457627, 40.67796610169492, 41.52542372881356, 42.3728813559322, 43.22033898305085, 44.06779661016949, 44.91525423728814, 45.76271186440678, 46.61016949152542, 47.45762711864407, 48.30508474576271, 49.152542372881356, 50.0, 50.847457627118644, 51.69491525423729, 52.54237288135594, 53.38983050847458, 54.23728813559322, 55.08474576271186, 55.932203389830505, 56.779661016949156, 57.6271186440678, 58.47457627118644, 59.32203389830508, 60.16949152542372, 61.016949152542374, 61.86440677966102, 62.71186440677966, 63.559322033898304, 64.40677966101694, 65.2542372881356, 66.10169491525424, 66.94915254237289, 67.79661016949152, 68.64406779661016, 69.49152542372882, 70.33898305084746, 71.1864406779661, 72.03389830508475, 72.88135593220339, 73.72881355932203, 74.57627118644068, 75.42372881355932, 76.27118644067797, 77.11864406779661, 77.96610169491525, 78.8135593220339, 79.66101694915254, 80.50847457627118, 81.35593220338984, 82.20338983050848, 83.05084745762711, 83.89830508474576, 84.7457627118644, 85.59322033898306, 86.4406779661017, 87.28813559322035, 88.13559322033898, 88.98305084745762, 89.83050847457628, 90.67796610169492, 91.52542372881356, 92.37288135593221, 93.22033898305084, 94.0677966101695, 94.91525423728814, 95.76271186440678, 96.61016949152543, 97.45762711864407, 98.30508474576271, 99.15254237288136]}