{"ece": 0.05988352464550979, "acc": [0.0, 0.18497109826589594, 0.22845953002610966, 0.32752360203340597, 0.45444444444444443, 0.4859154929577465, 0.5443886097152428, 0.6422338568935427, 0.7167832167832168, 0.7734294541709578], "conf": [0.0, 0.17377167630057805, 0.24412532637075718, 0.3360566448801743, 0.43583333333333335, 0.5362676056338028, 0.6381909547738693, 0.7404013961605584, 0.8409090909090909, 0.9485066941297632]}