{"auprc": 0.6507489085197449, "fpr0": 0.0, "fpr10": 0.07050000131130219, "fpr20": 0.1281999945640564, "fpr30": 0.18330000340938568, "fpr40": 0.2329999953508377, "fpr50": 0.27810001373291016, "fpr60": 0.3158000111579895, "fpr70": 0.3521000146865845, "fpr80": 0.3840999901294708, "fpr90": 0.41040000319480896, "auroc": 0.45945239067077637}