{"ausc": 0.7205832600593567, "accuracies": [0.5174278616905212, 0.5197859406471252, 0.5231989622116089, 0.5254358649253845, 0.5285359621047974, 0.5301229953765869, 0.5324715971946716, 0.5341174006462097, 0.5362179279327393, 0.5369532108306885, 0.540199875831604, 0.541968047618866, 0.5447612404823303, 0.547491729259491, 0.5483580827713013, 0.5511685609817505, 0.5526556968688965, 0.5537075400352478, 0.5573426485061646, 0.5603387355804443, 0.5635090470314026, 0.5669781565666199, 0.5694242715835571, 0.571672797203064, 0.5733481049537659, 0.5759273171424866, 0.5791855454444885, 0.5806041359901428, 0.5824941396713257, 0.5855282545089722, 0.5892782807350159, 0.5924462080001831, 0.5962157249450684, 0.6006015539169312, 0.6033061742782593, 0.6075883507728577, 0.6112653017044067, 0.6133340001106262, 0.6177278161048889, 0.6196275353431702, 0.6230273246765137, 0.6272438168525696, 0.6303132176399231, 0.6338092088699341, 0.6380007266998291, 0.6426493525505066, 0.6455848217010498, 0.6503897309303284, 0.6551221013069153, 0.6576889753341675, 0.6598764061927795, 0.6621580123901367, 0.6658119559288025, 0.669903039932251, 0.6735871434211731, 0.6780699491500854, 0.6821531057357788, 0.6864700317382812, 0.6904124617576599, 0.6954061985015869, 0.6993370056152344, 0.7036582827568054, 0.7109766006469727, 0.7179826498031616, 0.7232905626296997, 0.7280613780021667, 0.7328947186470032, 0.7400798201560974, 0.744238018989563, 0.7492207288742065, 0.7552772760391235, 0.7603377103805542, 0.7655838131904602, 0.7733228206634521, 0.7817975282669067, 0.7884248495101929, 0.7961875200271606, 0.8042789101600647, 0.8118500709533691, 0.8178268074989319, 0.8270373940467834, 0.8331161141395569, 0.8389645218849182, 0.8498151898384094, 0.8563163876533508, 0.8603390455245972, 0.8669419884681702, 0.8720502853393555, 0.8746781945228577, 0.880315899848938, 0.8865248560905457, 0.8934034705162048, 0.8998507261276245, 0.904109537601471, 0.9077830910682678, 0.9117885231971741, 0.9140816926956177, 0.9152790904045105, 0.9196104407310486, 0.9264668226242065, 0.9278243780136108, 0.9319005012512207, 0.9377749562263489, 0.9406315684318542, 0.9422777891159058, 0.9456747174263, 0.9464163184165955, 0.956206202507019, 0.9637141227722168, 0.9679298400878906, 0.970312774181366, 0.9712661504745483, 0.975671648979187, 0.9792147874832153, 0.9792781472206116, 0.9821290373802185, 0.983158528804779, 0.9861111640930176], "filter_out_rate": [0.0, 0.847457627118644, 1.694915254237288, 2.5423728813559325, 3.389830508474576, 4.23728813559322, 5.084745762711865, 5.932203389830509, 6.779661016949152, 7.627118644067797, 8.47457627118644, 9.322033898305085, 10.16949152542373, 11.016949152542372, 11.864406779661017, 12.711864406779661, 13.559322033898304, 14.40677966101695, 15.254237288135593, 16.101694915254235, 16.94915254237288, 17.796610169491526, 18.64406779661017, 19.491525423728813, 20.33898305084746, 21.1864406779661, 22.033898305084744, 22.88135593220339, 23.728813559322035, 24.576271186440678, 25.423728813559322, 26.27118644067797, 27.11864406779661, 27.966101694915253, 28.8135593220339, 29.66101694915254, 30.508474576271187, 31.35593220338983, 32.20338983050847, 33.05084745762712, 33.89830508474576, 34.74576271186441, 35.59322033898305, 36.440677966101696, 37.28813559322034, 38.13559322033898, 38.983050847457626, 39.83050847457627, 40.67796610169492, 41.52542372881356, 42.3728813559322, 43.22033898305085, 44.06779661016949, 44.91525423728814, 45.76271186440678, 46.61016949152542, 47.45762711864407, 48.30508474576271, 49.152542372881356, 50.0, 50.847457627118644, 51.69491525423729, 52.54237288135594, 53.38983050847458, 54.23728813559322, 55.08474576271186, 55.932203389830505, 56.779661016949156, 57.6271186440678, 58.47457627118644, 59.32203389830508, 60.16949152542372, 61.016949152542374, 61.86440677966102, 62.71186440677966, 63.559322033898304, 64.40677966101694, 65.2542372881356, 66.10169491525424, 66.94915254237289, 67.79661016949152, 68.64406779661016, 69.49152542372882, 70.33898305084746, 71.1864406779661, 72.03389830508475, 72.88135593220339, 73.72881355932203, 74.57627118644068, 75.42372881355932, 76.27118644067797, 77.11864406779661, 77.96610169491525, 78.8135593220339, 79.66101694915254, 80.50847457627118, 81.35593220338984, 82.20338983050848, 83.05084745762711, 83.89830508474576, 84.7457627118644, 85.59322033898306, 86.4406779661017, 87.28813559322035, 88.13559322033898, 88.98305084745762, 89.83050847457628, 90.67796610169492, 91.52542372881356, 92.37288135593221, 93.22033898305084, 94.0677966101695, 94.91525423728814, 95.76271186440678, 96.61016949152543, 97.45762711864407, 98.30508474576271, 99.15254237288136]}