{"ece": 0.2022831441756049, "acc": [0.0, 0.0, 0.3786407766990291, 0.5799457994579946, 0.7655913978494624, 0.8407534246575342, 0.9049360146252285, 0.9373412362404742, 0.958974358974359, 0.9942062572421785], "conf": [0.0, 0.0, 0.2522754854368932, 0.3358739837398374, 0.4346774193548387, 0.5346746575342466, 0.6329981718464351, 0.7320067739204065, 0.8323076923076923, 0.9438006952491309]}