{"ece": 0.194063191257694, "acc": [0.0, 0.5555555555555556, 0.43099273607748184, 0.644870349492672, 0.7830637488106565, 0.862280701754386, 0.9264836138175376, 0.9452690166975881, 0.9655172413793104, 0.9945715393563397], "conf": [0.0, 0.17784288194444445, 0.2568099273607748, 0.3475197294250282, 0.4457659372026641, 0.5460526315789473, 0.6452612931798052, 0.7435064935064936, 0.8405172413793104, 0.9654905001938736]}