{"ausc": 0.9501704573631287, "accuracies": [0.8854643702507019, 0.8819273114204407, 0.8869390487670898, 0.8926527500152588, 0.9057185053825378, 0.9035277962684631, 0.9077624678611755, 0.9150250554084778, 0.9264097213745117, 0.9273515343666077, 0.933120846748352, 0.9403510689735413, 0.9509801864624023, 0.949761688709259, 0.9531320333480835, 0.9562556147575378, 0.963901937007904, 0.9623011350631714, 0.9651660323143005, 0.968170166015625, 0.9737657308578491, 0.973254382610321, 0.9761029481887817, 0.9772743582725525, 0.9804925322532654, 0.9794749021530151, 0.9813011288642883, 0.9823524355888367, 0.9857122898101807, 0.9839378595352173, 0.984584391117096, 0.9852833151817322, 0.9884193539619446, 0.9886723756790161, 0.989371657371521, 0.9907740950584412, 0.9942986965179443, 0.9934691190719604, 0.9940544366836548, 0.9954041838645935, 0.9954833984375, 0.9964871406555176, 0.9978756904602051, 0.9983789324760437, 0.9983299374580383, 0.9986504912376404, 0.9985754489898682, 0.9981146454811096, 0.9979968070983887, 0.9991148114204407, 0.9990138411521912, 1.0, 1.0, 1.0], "filter_out_rate": [0.0, 1.8518518518518516, 3.7037037037037033, 5.555555555555555, 7.4074074074074066, 9.25925925925926, 11.11111111111111, 12.962962962962962, 14.814814814814813, 16.666666666666664, 18.51851851851852, 20.37037037037037, 22.22222222222222, 24.074074074074073, 25.925925925925924, 27.77777777777778, 29.629629629629626, 31.48148148148148, 33.33333333333333, 35.18518518518518, 37.03703703703704, 38.88888888888889, 40.74074074074074, 42.592592592592595, 44.44444444444444, 46.2962962962963, 48.148148148148145, 50.0, 51.85185185185185, 53.70370370370371, 55.55555555555556, 57.407407407407405, 59.25925925925925, 61.111111111111114, 62.96296296296296, 64.81481481481481, 66.66666666666666, 68.51851851851852, 70.37037037037037, 72.22222222222221, 74.07407407407408, 75.92592592592592, 77.77777777777779, 79.62962962962963, 81.48148148148148, 83.33333333333334, 85.18518518518519, 87.03703703703704, 88.88888888888889, 90.74074074074075, 92.5925925925926, 94.44444444444444, 96.29629629629629, 98.14814814814815]}