{"ece": 0.05921970502258835, "acc": [0.0, 0.13836477987421383, 0.2204724409448819, 0.34818941504178275, 0.4530612244897959, 0.518463810930576, 0.5813953488372093, 0.6375227686703097, 0.7062600321027287, 0.7592213114754098], "conf": [0.0, 0.17413522012578617, 0.24376640419947507, 0.3370473537604457, 0.435969387755102, 0.5376661742983752, 0.6387043189368771, 0.7399817850637522, 0.841091492776886, 0.9477459016393442]}