{"auprc": 0.6386013031005859, "fpr0": 0.0, "fpr10": 0.0731000006198883, "fpr20": 0.13519999384880066, "fpr30": 0.19370000064373016, "fpr40": 0.243599995970726, "fpr50": 0.29089999198913574, "fpr60": 0.3280999958515167, "fpr70": 0.36390000581741333, "fpr80": 0.39489999413490295, "fpr90": 0.4230000078678131, "auroc": 0.42690038681030273}