{"ausc": 0.7176507711410522, "accuracies": [0.5189303159713745, 0.5226125121116638, 0.525234043598175, 0.5271795392036438, 0.5290529131889343, 0.5312695503234863, 0.5337327122688293, 0.5358126163482666, 0.5372863411903381, 0.5393234491348267, 0.5410690903663635, 0.5422967672348022, 0.5437665581703186, 0.5455964207649231, 0.5462213158607483, 0.5475379824638367, 0.5491071343421936, 0.5519750714302063, 0.5539627075195312, 0.5578686594963074, 0.5608974099159241, 0.5642223358154297, 0.5668843388557434, 0.5705739259719849, 0.5713757276535034, 0.5739358067512512, 0.5773001313209534, 0.5799695253372192, 0.5833333134651184, 0.5867651104927063, 0.5909209847450256, 0.5930478572845459, 0.5966879725456238, 0.6010796427726746, 0.604293167591095, 0.6067926287651062, 0.6097645163536072, 0.6108309626579285, 0.6119194626808167, 0.6149066090583801, 0.619415283203125, 0.6247678399085999, 0.6280069351196289, 0.631171464920044, 0.6328850984573364, 0.6368042230606079, 0.6380048394203186, 0.6395516395568848, 0.6417762041091919, 0.6468179821968079, 0.6513294577598572, 0.6557433009147644, 0.6595883965492249, 0.6652021408081055, 0.6702123284339905, 0.6757088899612427, 0.6792188286781311, 0.6831631064414978, 0.6883553862571716, 0.6911649703979492, 0.6989536881446838, 0.7043883204460144, 0.7084417343139648, 0.7124531269073486, 0.7168244123458862, 0.7198044061660767, 0.7244008779525757, 0.7295094728469849, 0.7343959212303162, 0.7398787140846252, 0.7450110912322998, 0.7547026872634888, 0.7632613182067871, 0.769097089767456, 0.7730644345283508, 0.7796372771263123, 0.7883101105690002, 0.7926985025405884, 0.7998033761978149, 0.8062288165092468, 0.8135212659835815, 0.8190836906433105, 0.8225257992744446, 0.8267601132392883, 0.8343793153762817, 0.8409877419471741, 0.8462875485420227, 0.8563443422317505, 0.8637462258338928, 0.871982753276825, 0.8824172616004944, 0.8904839754104614, 0.8980783224105835, 0.9042542576789856, 0.9132426381111145, 0.9178438186645508, 0.9248540997505188, 0.9307263493537903, 0.935036301612854, 0.9368177652359009, 0.9393800497055054, 0.9421862959861755, 0.948086678981781, 0.9474624991416931, 0.9516249299049377, 0.9548980593681335, 0.956436812877655, 0.9588034152984619, 0.9612471461296082, 0.9638774394989014, 0.9633106589317322, 0.9707171320915222, 0.9716892838478088, 0.9757279753684998, 0.9778324961662292, 0.979349672794342, 0.9830678105354309, 0.9841713309288025], "filter_out_rate": [0.0, 0.847457627118644, 1.694915254237288, 2.5423728813559325, 3.389830508474576, 4.23728813559322, 5.084745762711865, 5.932203389830509, 6.779661016949152, 7.627118644067797, 8.47457627118644, 9.322033898305085, 10.16949152542373, 11.016949152542372, 11.864406779661017, 12.711864406779661, 13.559322033898304, 14.40677966101695, 15.254237288135593, 16.101694915254235, 16.94915254237288, 17.796610169491526, 18.64406779661017, 19.491525423728813, 20.33898305084746, 21.1864406779661, 22.033898305084744, 22.88135593220339, 23.728813559322035, 24.576271186440678, 25.423728813559322, 26.27118644067797, 27.11864406779661, 27.966101694915253, 28.8135593220339, 29.66101694915254, 30.508474576271187, 31.35593220338983, 32.20338983050847, 33.05084745762712, 33.89830508474576, 34.74576271186441, 35.59322033898305, 36.440677966101696, 37.28813559322034, 38.13559322033898, 38.983050847457626, 39.83050847457627, 40.67796610169492, 41.52542372881356, 42.3728813559322, 43.22033898305085, 44.06779661016949, 44.91525423728814, 45.76271186440678, 46.61016949152542, 47.45762711864407, 48.30508474576271, 49.152542372881356, 50.0, 50.847457627118644, 51.69491525423729, 52.54237288135594, 53.38983050847458, 54.23728813559322, 55.08474576271186, 55.932203389830505, 56.779661016949156, 57.6271186440678, 58.47457627118644, 59.32203389830508, 60.16949152542372, 61.016949152542374, 61.86440677966102, 62.71186440677966, 63.559322033898304, 64.40677966101694, 65.2542372881356, 66.10169491525424, 66.94915254237289, 67.79661016949152, 68.64406779661016, 69.49152542372882, 70.33898305084746, 71.1864406779661, 72.03389830508475, 72.88135593220339, 73.72881355932203, 74.57627118644068, 75.42372881355932, 76.27118644067797, 77.11864406779661, 77.96610169491525, 78.8135593220339, 79.66101694915254, 80.50847457627118, 81.35593220338984, 82.20338983050848, 83.05084745762711, 83.89830508474576, 84.7457627118644, 85.59322033898306, 86.4406779661017, 87.28813559322035, 88.13559322033898, 88.98305084745762, 89.83050847457628, 90.67796610169492, 91.52542372881356, 92.37288135593221, 93.22033898305084, 94.0677966101695, 94.91525423728814, 95.76271186440678, 96.61016949152543, 97.45762711864407, 98.30508474576271, 99.15254237288136]}