{"ece": 0.16529139701325324, "acc": [0.0, 0.0, 0.21487603305785125, 0.22563176895306858, 0.30445969125214406, 0.39201637666325484, 0.43366619115549215, 0.5214626391096979, 0.6350245499181669, 0.7224448897795591], "conf": [0.0, 0.1800537109375, 0.25860881542699726, 0.3425090252707581, 0.4399656946826758, 0.5404298874104401, 0.6390870185449358, 0.7396661367249603, 0.8445171849427169, 0.9483967935871743]}