{"auprc": 0.669645369052887, "fpr0": 0.0, "fpr10": 0.06759999692440033, "fpr20": 0.1168999969959259, "fpr30": 0.1598999947309494, "fpr40": 0.1965000033378601, "fpr50": 0.23180000483989716, "fpr60": 0.2653000056743622, "fpr70": 0.2937999963760376, "fpr80": 0.320499986410141, "fpr90": 0.3456999957561493, "auroc": 0.4840908944606781}