{"ausc": 0.7440401911735535, "accuracies": [0.5485777258872986, 0.5503735542297363, 0.5527065992355347, 0.5545640587806702, 0.55717533826828, 0.5577443838119507, 0.5611600875854492, 0.563360869884491, 0.5645299553871155, 0.5669036507606506, 0.5691003799438477, 0.5708963871002197, 0.5725021958351135, 0.5752508640289307, 0.5764731764793396, 0.578624963760376, 0.5817307829856873, 0.5844305753707886, 0.5869463682174683, 0.5896260142326355, 0.5942544937133789, 0.5970524549484253, 0.5996612906455994, 0.6028083562850952, 0.605769157409668, 0.606920599937439, 0.6088486909866333, 0.611068844795227, 0.6133332848548889, 0.6171976327896118, 0.6187859773635864, 0.6218609809875488, 0.6248664259910583, 0.6276652812957764, 0.6298418045043945, 0.6341329216957092, 0.6360089182853699, 0.6384897232055664, 0.6415954232215881, 0.6436185240745544, 0.6471444964408875, 0.6496788263320923, 0.652162492275238, 0.6548570990562439, 0.6580736041069031, 0.6605972647666931, 0.6634818315505981, 0.6678399443626404, 0.6721823811531067, 0.6756110787391663, 0.680985689163208, 0.6835029125213623, 0.688279390335083, 0.690792441368103, 0.695561408996582, 0.7007083296775818, 0.7052811980247498, 0.7097765803337097, 0.7151085138320923, 0.7182246446609497, 0.7212353944778442, 0.7249388098716736, 0.7284800410270691, 0.7322177290916443, 0.739532470703125, 0.7445762157440186, 0.750393271446228, 0.7567710876464844, 0.7644238471984863, 0.7702356576919556, 0.7754725217819214, 0.7822788953781128, 0.7891914248466492, 0.796478271484375, 0.8007157444953918, 0.8073481321334839, 0.8196778297424316, 0.8267221450805664, 0.8288828730583191, 0.8326005339622498, 0.8409953713417053, 0.8476188778877258, 0.8547343015670776, 0.8604544401168823, 0.8719460964202881, 0.8798823952674866, 0.8862402439117432, 0.8943393230438232, 0.9006322026252747, 0.9108182191848755, 0.9156513810157776, 0.9248277544975281, 0.9269182085990906, 0.9324650764465332, 0.9362548589706421, 0.9415307641029358, 0.945647120475769, 0.9503913521766663, 0.9540272951126099, 0.9574224948883057, 0.9579493403434753, 0.9624563455581665, 0.9657418727874756, 0.9671885371208191, 0.9718795418739319, 0.9724174737930298, 0.976118803024292, 0.9762952923774719, 0.9783769249916077, 0.9823172092437744, 0.9849264621734619, 0.9862717986106873, 0.9879960417747498, 0.9880670309066772, 0.9879778623580933, 0.987839937210083, 0.9892126321792603, 0.9934473037719727], "filter_out_rate": [0.0, 0.847457627118644, 1.694915254237288, 2.5423728813559325, 3.389830508474576, 4.23728813559322, 5.084745762711865, 5.932203389830509, 6.779661016949152, 7.627118644067797, 8.47457627118644, 9.322033898305085, 10.16949152542373, 11.016949152542372, 11.864406779661017, 12.711864406779661, 13.559322033898304, 14.40677966101695, 15.254237288135593, 16.101694915254235, 16.94915254237288, 17.796610169491526, 18.64406779661017, 19.491525423728813, 20.33898305084746, 21.1864406779661, 22.033898305084744, 22.88135593220339, 23.728813559322035, 24.576271186440678, 25.423728813559322, 26.27118644067797, 27.11864406779661, 27.966101694915253, 28.8135593220339, 29.66101694915254, 30.508474576271187, 31.35593220338983, 32.20338983050847, 33.05084745762712, 33.89830508474576, 34.74576271186441, 35.59322033898305, 36.440677966101696, 37.28813559322034, 38.13559322033898, 38.983050847457626, 39.83050847457627, 40.67796610169492, 41.52542372881356, 42.3728813559322, 43.22033898305085, 44.06779661016949, 44.91525423728814, 45.76271186440678, 46.61016949152542, 47.45762711864407, 48.30508474576271, 49.152542372881356, 50.0, 50.847457627118644, 51.69491525423729, 52.54237288135594, 53.38983050847458, 54.23728813559322, 55.08474576271186, 55.932203389830505, 56.779661016949156, 57.6271186440678, 58.47457627118644, 59.32203389830508, 60.16949152542372, 61.016949152542374, 61.86440677966102, 62.71186440677966, 63.559322033898304, 64.40677966101694, 65.2542372881356, 66.10169491525424, 66.94915254237289, 67.79661016949152, 68.64406779661016, 69.49152542372882, 70.33898305084746, 71.1864406779661, 72.03389830508475, 72.88135593220339, 73.72881355932203, 74.57627118644068, 75.42372881355932, 76.27118644067797, 77.11864406779661, 77.96610169491525, 78.8135593220339, 79.66101694915254, 80.50847457627118, 81.35593220338984, 82.20338983050848, 83.05084745762711, 83.89830508474576, 84.7457627118644, 85.59322033898306, 86.4406779661017, 87.28813559322035, 88.13559322033898, 88.98305084745762, 89.83050847457628, 90.67796610169492, 91.52542372881356, 92.37288135593221, 93.22033898305084, 94.0677966101695, 94.91525423728814, 95.76271186440678, 96.61016949152543, 97.45762711864407, 98.30508474576271, 99.15254237288136]}