{"ece": 0.03116447496118013, "acc": [0.0, 0.0, 0.2, 0.27230046948356806, 0.3970976253298153, 0.5024711696869851, 0.5899209486166008, 0.7083825265643447, 0.8076416337285902, 0.9499072356215214], "conf": [0.0, 0.0, 0.2630859375, 0.35534037558685444, 0.44558047493403696, 0.5383031301482701, 0.6383399209486166, 0.7378984651711924, 0.8399209486166008, 0.9517625231910947]}