{"auprc": 0.9846166372299194, "fpr0": 0.0, "fpr10": 0.0005000000237487257, "fpr20": 0.000699999975040555, "fpr30": 0.0013000000035390258, "fpr40": 0.002300000051036477, "fpr50": 0.003700000001117587, "fpr60": 0.00559999980032444, "fpr70": 0.008500000461935997, "fpr80": 0.016100000590085983, "fpr90": 0.027499999850988388, "auroc": 0.9872561097145081}