{"ausc": 0.8923755884170532, "accuracies": [0.7568109035491943, 0.8115283250808716, 0.8162392377853394, 0.8219487071037292, 0.77398681640625, 0.8287472724914551, 0.8316519260406494, 0.8352406024932861, 0.7884615659713745, 0.8413057327270508, 0.8441981673240662, 0.8470304608345032, 0.8017241358757019, 0.8511704802513123, 0.852451741695404, 0.8535284399986267, 0.8116987347602844, 0.8575883507728577, 0.858741283416748, 0.8600329160690308, 0.8181174993515015, 0.8626740574836731, 0.8623458743095398, 0.8638430833816528, 0.8227125406265259, 0.8671772480010986, 0.8704010248184204, 0.8725451231002808, 0.8306242823600769, 0.874502420425415, 0.8749224543571472, 0.87587970495224, 0.8395763039588928, 0.8789474368095398, 0.878477931022644, 0.8782740831375122, 0.8431968688964844, 0.8817773461341858, 0.8824430704116821, 0.8825622200965881, 0.8473839163780212, 0.8832389712333679, 0.8833714723587036, 0.8838068842887878, 0.8507667779922485, 0.8874518275260925, 0.8887359499931335, 0.8898935317993164, 0.8572352528572083, 0.8924420475959778, 0.8935098648071289, 0.8954351544380188, 0.8685303926467896, 0.8979179263114929, 0.8997775316238403, 0.9004988074302673, 0.8737325668334961, 0.9012528657913208, 0.9038209915161133, 0.9048585891723633, 0.9057300090789795, 0.8830210566520691, 0.8857066035270691, 0.8874818682670593, 0.9108095169067383, 0.8891639709472656, 0.8914956450462341, 0.8943669199943542, 0.9172051548957825, 0.8986436128616333, 0.9019036889076233, 0.9028059840202332, 0.9234698414802551, 0.9063906669616699, 0.9068240523338318, 0.9086506366729736, 0.927821159362793, 0.9130128026008606, 0.9150518774986267, 0.9169894456863403, 0.9345307946205139, 0.9201768040657043, 0.9260107278823853, 0.9307168126106262, 0.9449383616447449, 0.9351179599761963, 0.9380671381950378, 0.9393734931945801, 0.9493341445922852, 0.9444990158081055, 0.9446110129356384, 0.9468992352485657, 0.9587774872779846, 0.9518039226531982, 0.9526277184486389, 0.9565567374229431, 0.9639636278152466, 0.9595635533332825, 0.9653887748718262, 0.9648277163505554, 0.9713757038116455, 0.9680373072624207, 0.9694957137107849, 0.9731606841087341, 0.9742884635925293, 0.975108802318573, 0.9757322669029236, 0.976087212562561, 0.9795137047767639, 0.9829797744750977, 0.9854121804237366, 0.9883992075920105, 0.9888377785682678, 0.9883958101272583, 0.9873788356781006, 0.9874863028526306, 0.988455057144165, 0.9910256862640381], "filter_out_rate": [0.0, 0.847457627118644, 1.694915254237288, 2.5423728813559325, 3.389830508474576, 4.23728813559322, 5.084745762711865, 5.932203389830509, 6.779661016949152, 7.627118644067797, 8.47457627118644, 9.322033898305085, 10.16949152542373, 11.016949152542372, 11.864406779661017, 12.711864406779661, 13.559322033898304, 14.40677966101695, 15.254237288135593, 16.101694915254235, 16.94915254237288, 17.796610169491526, 18.64406779661017, 19.491525423728813, 20.33898305084746, 21.1864406779661, 22.033898305084744, 22.88135593220339, 23.728813559322035, 24.576271186440678, 25.423728813559322, 26.27118644067797, 27.11864406779661, 27.966101694915253, 28.8135593220339, 29.66101694915254, 30.508474576271187, 31.35593220338983, 32.20338983050847, 33.05084745762712, 33.89830508474576, 34.74576271186441, 35.59322033898305, 36.440677966101696, 37.28813559322034, 38.13559322033898, 38.983050847457626, 39.83050847457627, 40.67796610169492, 41.52542372881356, 42.3728813559322, 43.22033898305085, 44.06779661016949, 44.91525423728814, 45.76271186440678, 46.61016949152542, 47.45762711864407, 48.30508474576271, 49.152542372881356, 50.0, 50.847457627118644, 51.69491525423729, 52.54237288135594, 53.38983050847458, 54.23728813559322, 55.08474576271186, 55.932203389830505, 56.779661016949156, 57.6271186440678, 58.47457627118644, 59.32203389830508, 60.16949152542372, 61.016949152542374, 61.86440677966102, 62.71186440677966, 63.559322033898304, 64.40677966101694, 65.2542372881356, 66.10169491525424, 66.94915254237289, 67.79661016949152, 68.64406779661016, 69.49152542372882, 70.33898305084746, 71.1864406779661, 72.03389830508475, 72.88135593220339, 73.72881355932203, 74.57627118644068, 75.42372881355932, 76.27118644067797, 77.11864406779661, 77.96610169491525, 78.8135593220339, 79.66101694915254, 80.50847457627118, 81.35593220338984, 82.20338983050848, 83.05084745762711, 83.89830508474576, 84.7457627118644, 85.59322033898306, 86.4406779661017, 87.28813559322035, 88.13559322033898, 88.98305084745762, 89.83050847457628, 90.67796610169492, 91.52542372881356, 92.37288135593221, 93.22033898305084, 94.0677966101695, 94.91525423728814, 95.76271186440678, 96.61016949152543, 97.45762711864407, 98.30508474576271, 99.15254237288136]}