{"ece": 0.03596593781597574, "acc": [0.0, 0.1452991452991453, 0.254957507082153, 0.33399602385685884, 0.4643188137164041, 0.5414798206278026, 0.6527131782945736, 0.6849757673667205, 0.7447154471544716, 0.8203125], "conf": [0.0, 0.1736111111111111, 0.24663597733711048, 0.33631544068919816, 0.4376737720111214, 0.539517937219731, 0.6364341085271318, 0.7390953150242326, 0.8406504065040651, 0.94970703125]}