{"auprc": 0.6774759292602539, "fpr0": 0.0, "fpr10": 0.065700002014637, "fpr20": 0.1160999983549118, "fpr30": 0.15700000524520874, "fpr40": 0.1949000060558319, "fpr50": 0.22750000655651093, "fpr60": 0.2565000057220459, "fpr70": 0.2872999906539917, "fpr80": 0.31360000371932983, "fpr90": 0.3402000069618225, "auroc": 0.49998942017555237}