{"ausc": 0.7264701724052429, "accuracies": [0.5310496687889099, 0.5344236493110657, 0.5359178185462952, 0.5381538271903992, 0.5408394932746887, 0.5411714911460876, 0.5452921390533447, 0.5475736260414124, 0.5491453409194946, 0.552143931388855, 0.5547588467597961, 0.5576375126838684, 0.560123860836029, 0.5622073411941528, 0.5642150044441223, 0.5659178495407104, 0.5681647062301636, 0.5700497627258301, 0.5722033381462097, 0.574160099029541, 0.5755596160888672, 0.5795014500617981, 0.5830338597297668, 0.5857788324356079, 0.5890673398971558, 0.5910517573356628, 0.5926992297172546, 0.5955191850662231, 0.6004493832588196, 0.6030187010765076, 0.6061636805534363, 0.6101652383804321, 0.6138495206832886, 0.6165331602096558, 0.6186829209327698, 0.621337890625, 0.6251654028892517, 0.6289361715316772, 0.6312189698219299, 0.63470858335495, 0.6387180685997009, 0.6410496830940247, 0.64537513256073, 0.6472384333610535, 0.6508267521858215, 0.653107762336731, 0.6563805341720581, 0.6624287366867065, 0.6654231548309326, 0.6681667566299438, 0.6711493730545044, 0.6742117404937744, 0.6763337850570679, 0.6805660128593445, 0.6858949661254883, 0.6893246173858643, 0.6926687955856323, 0.694459080696106, 0.6997213363647461, 0.7042511105537415, 0.7094730734825134, 0.7137331962585449, 0.7189258933067322, 0.7226547002792358, 0.729719340801239, 0.7334994673728943, 0.7366601228713989, 0.7413612008094788, 0.7460372447967529, 0.752093493938446, 0.7590270638465881, 0.7670369148254395, 0.7750658392906189, 0.7822341322898865, 0.7879372239112854, 0.7935301065444946, 0.8018559813499451, 0.8058661222457886, 0.8130998015403748, 0.819951057434082, 0.8249861598014832, 0.8309354782104492, 0.8345994353294373, 0.8401033282279968, 0.8469948172569275, 0.8535997271537781, 0.858931303024292, 0.8627145290374756, 0.8684602379798889, 0.8725110292434692, 0.8742958307266235, 0.8808714151382446, 0.8874455094337463, 0.8928930759429932, 0.8981234431266785, 0.8992699980735779, 0.9030718803405762, 0.9030327200889587, 0.9104876518249512, 0.9160276651382446, 0.9231536984443665, 0.9276531934738159, 0.9315028190612793, 0.9391923546791077, 0.94479900598526, 0.9442829489707947, 0.9497976303100586, 0.9535598754882812, 0.9552848935127258, 0.9599149823188782, 0.9682179093360901, 0.9704190492630005, 0.9744664430618286, 0.9755319356918335, 0.9766244888305664, 0.9828996062278748, 0.9831908941268921, 0.9890313744544983], "filter_out_rate": [0.0, 0.847457627118644, 1.694915254237288, 2.5423728813559325, 3.389830508474576, 4.23728813559322, 5.084745762711865, 5.932203389830509, 6.779661016949152, 7.627118644067797, 8.47457627118644, 9.322033898305085, 10.16949152542373, 11.016949152542372, 11.864406779661017, 12.711864406779661, 13.559322033898304, 14.40677966101695, 15.254237288135593, 16.101694915254235, 16.94915254237288, 17.796610169491526, 18.64406779661017, 19.491525423728813, 20.33898305084746, 21.1864406779661, 22.033898305084744, 22.88135593220339, 23.728813559322035, 24.576271186440678, 25.423728813559322, 26.27118644067797, 27.11864406779661, 27.966101694915253, 28.8135593220339, 29.66101694915254, 30.508474576271187, 31.35593220338983, 32.20338983050847, 33.05084745762712, 33.89830508474576, 34.74576271186441, 35.59322033898305, 36.440677966101696, 37.28813559322034, 38.13559322033898, 38.983050847457626, 39.83050847457627, 40.67796610169492, 41.52542372881356, 42.3728813559322, 43.22033898305085, 44.06779661016949, 44.91525423728814, 45.76271186440678, 46.61016949152542, 47.45762711864407, 48.30508474576271, 49.152542372881356, 50.0, 50.847457627118644, 51.69491525423729, 52.54237288135594, 53.38983050847458, 54.23728813559322, 55.08474576271186, 55.932203389830505, 56.779661016949156, 57.6271186440678, 58.47457627118644, 59.32203389830508, 60.16949152542372, 61.016949152542374, 61.86440677966102, 62.71186440677966, 63.559322033898304, 64.40677966101694, 65.2542372881356, 66.10169491525424, 66.94915254237289, 67.79661016949152, 68.64406779661016, 69.49152542372882, 70.33898305084746, 71.1864406779661, 72.03389830508475, 72.88135593220339, 73.72881355932203, 74.57627118644068, 75.42372881355932, 76.27118644067797, 77.11864406779661, 77.96610169491525, 78.8135593220339, 79.66101694915254, 80.50847457627118, 81.35593220338984, 82.20338983050848, 83.05084745762711, 83.89830508474576, 84.7457627118644, 85.59322033898306, 86.4406779661017, 87.28813559322035, 88.13559322033898, 88.98305084745762, 89.83050847457628, 90.67796610169492, 91.52542372881356, 92.37288135593221, 93.22033898305084, 94.0677966101695, 94.91525423728814, 95.76271186440678, 96.61016949152543, 97.45762711864407, 98.30508474576271, 99.15254237288136]}