{"ece": 0.033071458992455595, "acc": [0.0, 0.1724137931034483, 0.24250871080139372, 0.3377862595419847, 0.45518453427065025, 0.5393374741200828, 0.6209912536443148, 0.6827371695178849, 0.7469879518072289, 0.8156312625250501], "conf": [0.0, 0.17483836206896552, 0.24634146341463414, 0.3381043256997455, 0.437609841827768, 0.5383022774327122, 0.6399416909620991, 0.73950233281493, 0.8426204819277109, 0.9473947895791583]}