{"auprc": 0.6754146814346313, "fpr0": 0.0, "fpr10": 0.05779999867081642, "fpr20": 0.10350000113248825, "fpr30": 0.14569999277591705, "fpr40": 0.1835000067949295, "fpr50": 0.2199999988079071, "fpr60": 0.25290000438690186, "fpr70": 0.2849000096321106, "fpr80": 0.3156999945640564, "fpr90": 0.34060001373291016, "auroc": 0.48106250166893005}