{"ausc": 0.7056440711021423, "accuracies": [0.5161257982254028, 0.5191802978515625, 0.5203499794006348, 0.5231794714927673, 0.5255376100540161, 0.5282467603683472, 0.5303699374198914, 0.5329519510269165, 0.5349359512329102, 0.5368455052375793, 0.5392221212387085, 0.5415297150611877, 0.543213963508606, 0.5460423231124878, 0.5489203333854675, 0.5506013035774231, 0.5519688725471497, 0.5533610582351685, 0.5558274984359741, 0.55739825963974, 0.5592355132102966, 0.5621854066848755, 0.5641025304794312, 0.567033052444458, 0.5698964595794678, 0.5714463591575623, 0.5734037160873413, 0.5748921036720276, 0.5776922702789307, 0.5822325944900513, 0.5845106840133667, 0.5864392518997192, 0.5900106430053711, 0.5932523012161255, 0.5958811044692993, 0.5993934273719788, 0.6017280220985413, 0.6062271595001221, 0.6089743375778198, 0.6112070679664612, 0.614219069480896, 0.6156793236732483, 0.6176207065582275, 0.6208145022392273, 0.6245421171188354, 0.6275872588157654, 0.629143238067627, 0.6316871643066406, 0.6352564096450806, 0.6398897171020508, 0.6426692605018616, 0.6460206508636475, 0.6522177457809448, 0.6569831371307373, 0.6609612703323364, 0.6664837002754211, 0.6704185605049133, 0.6738043427467346, 0.6792775392532349, 0.6823835372924805, 0.6852614283561707, 0.6889445185661316, 0.6933028101921082, 0.694699227809906, 0.6982695460319519, 0.7045702934265137, 0.7062990069389343, 0.7116622924804688, 0.7169577479362488, 0.7222098708152771, 0.7280135154724121, 0.734718918800354, 0.7369396686553955, 0.7446216940879822, 0.7535526752471924, 0.756745457649231, 0.7627514600753784, 0.7692849636077881, 0.7770676612854004, 0.7840682864189148, 0.7886919975280762, 0.7954268455505371, 0.8007069826126099, 0.8050706386566162, 0.8130872845649719, 0.8201838731765747, 0.8256044387817383, 0.8314958214759827, 0.839405357837677, 0.8453429937362671, 0.8544765114784241, 0.8652670383453369, 0.8724555969238281, 0.8773549199104309, 0.881726086139679, 0.8907797336578369, 0.8986747860908508, 0.9072709679603577, 0.9121397137641907, 0.9173817038536072, 0.9189767837524414, 0.9270809888839722, 0.9353609085083008, 0.9309942722320557, 0.9384548664093018, 0.9385812282562256, 0.9435020685195923, 0.945513904094696, 0.9456034898757935, 0.9513949155807495, 0.955544114112854, 0.9583889842033386, 0.9585728049278259, 0.963994562625885, 0.9641169309616089, 0.9599247574806213, 0.9656306505203247, 0.9734520316123962], "filter_out_rate": [0.0, 0.847457627118644, 1.694915254237288, 2.5423728813559325, 3.389830508474576, 4.23728813559322, 5.084745762711865, 5.932203389830509, 6.779661016949152, 7.627118644067797, 8.47457627118644, 9.322033898305085, 10.16949152542373, 11.016949152542372, 11.864406779661017, 12.711864406779661, 13.559322033898304, 14.40677966101695, 15.254237288135593, 16.101694915254235, 16.94915254237288, 17.796610169491526, 18.64406779661017, 19.491525423728813, 20.33898305084746, 21.1864406779661, 22.033898305084744, 22.88135593220339, 23.728813559322035, 24.576271186440678, 25.423728813559322, 26.27118644067797, 27.11864406779661, 27.966101694915253, 28.8135593220339, 29.66101694915254, 30.508474576271187, 31.35593220338983, 32.20338983050847, 33.05084745762712, 33.89830508474576, 34.74576271186441, 35.59322033898305, 36.440677966101696, 37.28813559322034, 38.13559322033898, 38.983050847457626, 39.83050847457627, 40.67796610169492, 41.52542372881356, 42.3728813559322, 43.22033898305085, 44.06779661016949, 44.91525423728814, 45.76271186440678, 46.61016949152542, 47.45762711864407, 48.30508474576271, 49.152542372881356, 50.0, 50.847457627118644, 51.69491525423729, 52.54237288135594, 53.38983050847458, 54.23728813559322, 55.08474576271186, 55.932203389830505, 56.779661016949156, 57.6271186440678, 58.47457627118644, 59.32203389830508, 60.16949152542372, 61.016949152542374, 61.86440677966102, 62.71186440677966, 63.559322033898304, 64.40677966101694, 65.2542372881356, 66.10169491525424, 66.94915254237289, 67.79661016949152, 68.64406779661016, 69.49152542372882, 70.33898305084746, 71.1864406779661, 72.03389830508475, 72.88135593220339, 73.72881355932203, 74.57627118644068, 75.42372881355932, 76.27118644067797, 77.11864406779661, 77.96610169491525, 78.8135593220339, 79.66101694915254, 80.50847457627118, 81.35593220338984, 82.20338983050848, 83.05084745762711, 83.89830508474576, 84.7457627118644, 85.59322033898306, 86.4406779661017, 87.28813559322035, 88.13559322033898, 88.98305084745762, 89.83050847457628, 90.67796610169492, 91.52542372881356, 92.37288135593221, 93.22033898305084, 94.0677966101695, 94.91525423728814, 95.76271186440678, 96.61016949152543, 97.45762711864407, 98.30508474576271, 99.15254237288136]}