{"ece": 0.1023996924784268, "acc": [0.0, 0.0, 0.0, 0.36363636363636365, 0.46551724137931033, 0.46296296296296297, 0.5308988764044944, 0.6377171215880894, 0.7017892644135189, 0.8448729184925504], "conf": [0.0, 0.0, 0.2600911458333333, 0.3465909090909091, 0.4443247126436782, 0.5400132275132276, 0.6418539325842697, 0.7425558312655087, 0.8434393638170974, 0.950920245398773]}