{"auprc": 0.9768582582473755, "fpr0": 0.0, "fpr10": 0.0, "fpr20": 0.0, "fpr30": 0.0006000000284984708, "fpr40": 0.0015999999595806003, "fpr50": 0.003000000026077032, "fpr60": 0.006300000008195639, "fpr70": 0.010499999858438969, "fpr80": 0.021400000900030136, "fpr90": 0.04280000180006027, "auroc": 0.9768762588500977}