{"ausc": 0.9621870517730713, "accuracies": [0.8705929517745972, 0.8749241828918457, 0.8786121010780334, 0.8818461894989014, 0.8849255442619324, 0.8881593346595764, 0.8914459347724915, 0.8941513299942017, 0.8971153497695923, 0.9001292586326599, 0.9033029079437256, 0.9079552888870239, 0.9101458787918091, 0.9129320979118347, 0.9157670736312866, 0.9172906279563904, 0.9198718070983887, 0.9229615330696106, 0.9249415993690491, 0.9269583225250244, 0.9297246932983398, 0.9303857684135437, 0.9331156611442566, 0.9351648092269897, 0.9379870891571045, 0.9414815902709961, 0.9437986612319946, 0.945651113986969, 0.9479280114173889, 0.949475109577179, 0.9505265355110168, 0.9518653750419617, 0.9537631273269653, 0.9563931226730347, 0.9577064514160156, 0.9594541788101196, 0.9612414240837097, 0.9629348516464233, 0.9655078053474426, 0.9671220779418945, 0.9692246913909912, 0.9694514870643616, 0.9716299772262573, 0.9718847274780273, 0.9739892482757568, 0.9745923280715942, 0.9758411049842834, 0.9771247506141663, 0.978448212146759, 0.978977382183075, 0.9805037379264832, 0.9824205040931702, 0.9839089512825012, 0.984042227268219, 0.9853587746620178, 0.9860082864761353, 0.9872317910194397, 0.9875706434249878, 0.9896042943000793, 0.9905773997306824, 0.9908018112182617, 0.9914126396179199, 0.9918901324272156, 0.9915812611579895, 0.9922424554824829, 0.9931439161300659, 0.9932826161384583, 0.9933726191520691, 0.9936730861663818, 0.9951032996177673, 0.9959245324134827, 0.9963271021842957, 0.9964805245399475, 0.9964377284049988, 0.9968636631965637, 0.9970449805259705, 0.9969870448112488, 0.997178316116333, 0.9971262812614441, 0.9976118206977844, 0.9975613355636597, 0.9975273013114929, 0.9974731206893921, 0.9979733228683472, 0.9985228180885315, 0.9987931847572327, 0.998764157295227, 0.9987335205078125, 0.9993589520454407, 0.9993425011634827, 0.9993160963058472, 0.9989413022994995, 0.9992775321006775, 0.9988903403282166, 0.998468816280365, 0.9984216690063477, 0.9987713694572449, 0.9995579123497009, 0.9995421171188354, 1.0, 1.0, 1.0, 1.0, 1.0, 1.0, 1.0, 1.0, 1.0, 1.0, 1.0, 1.0, 1.0, 1.0, 1.0, 1.0, 1.0, 1.0, 1.0], "filter_out_rate": [0.0, 0.847457627118644, 1.694915254237288, 2.5423728813559325, 3.389830508474576, 4.23728813559322, 5.084745762711865, 5.932203389830509, 6.779661016949152, 7.627118644067797, 8.47457627118644, 9.322033898305085, 10.16949152542373, 11.016949152542372, 11.864406779661017, 12.711864406779661, 13.559322033898304, 14.40677966101695, 15.254237288135593, 16.101694915254235, 16.94915254237288, 17.796610169491526, 18.64406779661017, 19.491525423728813, 20.33898305084746, 21.1864406779661, 22.033898305084744, 22.88135593220339, 23.728813559322035, 24.576271186440678, 25.423728813559322, 26.27118644067797, 27.11864406779661, 27.966101694915253, 28.8135593220339, 29.66101694915254, 30.508474576271187, 31.35593220338983, 32.20338983050847, 33.05084745762712, 33.89830508474576, 34.74576271186441, 35.59322033898305, 36.440677966101696, 37.28813559322034, 38.13559322033898, 38.983050847457626, 39.83050847457627, 40.67796610169492, 41.52542372881356, 42.3728813559322, 43.22033898305085, 44.06779661016949, 44.91525423728814, 45.76271186440678, 46.61016949152542, 47.45762711864407, 48.30508474576271, 49.152542372881356, 50.0, 50.847457627118644, 51.69491525423729, 52.54237288135594, 53.38983050847458, 54.23728813559322, 55.08474576271186, 55.932203389830505, 56.779661016949156, 57.6271186440678, 58.47457627118644, 59.32203389830508, 60.16949152542372, 61.016949152542374, 61.86440677966102, 62.71186440677966, 63.559322033898304, 64.40677966101694, 65.2542372881356, 66.10169491525424, 66.94915254237289, 67.79661016949152, 68.64406779661016, 69.49152542372882, 70.33898305084746, 71.1864406779661, 72.03389830508475, 72.88135593220339, 73.72881355932203, 74.57627118644068, 75.42372881355932, 76.27118644067797, 77.11864406779661, 77.96610169491525, 78.8135593220339, 79.66101694915254, 80.50847457627118, 81.35593220338984, 82.20338983050848, 83.05084745762711, 83.89830508474576, 84.7457627118644, 85.59322033898306, 86.4406779661017, 87.28813559322035, 88.13559322033898, 88.98305084745762, 89.83050847457628, 90.67796610169492, 91.52542372881356, 92.37288135593221, 93.22033898305084, 94.0677966101695, 94.91525423728814, 95.76271186440678, 96.61016949152543, 97.45762711864407, 98.30508474576271, 99.15254237288136]}