{"ece": 0.0670598161711906, "acc": [0.0, 0.12987012987012986, 0.2498633132859486, 0.3394039735099338, 0.4440104166666667, 0.49906890130353815, 0.5291750503018109, 0.6219239373601789, 0.6421845574387948, 0.7344262295081967], "conf": [0.0, 0.17397186147186147, 0.24152542372881355, 0.3346440397350993, 0.4378255208333333, 0.5391061452513967, 0.6408450704225352, 0.7404921700223713, 0.839924670433145, 0.9486338797814208]}