{"auprc": 0.6256503462791443, "fpr0": 0.0, "fpr10": 0.0843999981880188, "fpr20": 0.155799999833107, "fpr30": 0.21899999678134918, "fpr40": 0.2759000062942505, "fpr50": 0.325300008058548, "fpr60": 0.36910000443458557, "fpr70": 0.40459999442100525, "fpr80": 0.4372999966144562, "fpr90": 0.4648999869823456, "auroc": 0.41200798749923706}