{"ausc": 0.7164018154144287, "accuracies": [0.5084134340286255, 0.5127195715904236, 0.5144485235214233, 0.515999972820282, 0.5173697471618652, 0.519282877445221, 0.5237494707107544, 0.5254291296005249, 0.5277777910232544, 0.5299504399299622, 0.532703161239624, 0.5349550843238831, 0.5384615659713745, 0.5411370992660522, 0.5443094968795776, 0.5462900400161743, 0.5488781929016113, 0.5515130758285522, 0.5544288754463196, 0.5553987622261047, 0.5581671595573425, 0.559190034866333, 0.5610788464546204, 0.5643467903137207, 0.5679240822792053, 0.5706995725631714, 0.5742835998535156, 0.5757806301116943, 0.5798187255859375, 0.5837337374687195, 0.5894280672073364, 0.5906136631965637, 0.5926268100738525, 0.5956283211708069, 0.5980090498924255, 0.6000287532806396, 0.6044614911079407, 0.6094157695770264, 0.6119146347045898, 0.6141781210899353, 0.6170793175697327, 0.6197523474693298, 0.6244256496429443, 0.6243805289268494, 0.6278446912765503, 0.6315468549728394, 0.6337777376174927, 0.6390709280967712, 0.6417174339294434, 0.64564448595047, 0.6504713296890259, 0.6550248265266418, 0.6590912938117981, 0.6630954146385193, 0.6679031252861023, 0.6712621450424194, 0.6750656366348267, 0.6796497106552124, 0.6855789422988892, 0.690640926361084, 0.6961910724639893, 0.7002661228179932, 0.7050594687461853, 0.7113536596298218, 0.7165750861167908, 0.7234957218170166, 0.7306564450263977, 0.7364168167114258, 0.7426472902297974, 0.747820258140564, 0.7537752985954285, 0.7618208527565002, 0.7680322527885437, 0.7741241455078125, 0.7811352610588074, 0.7874972820281982, 0.7925511598587036, 0.8002564311027527, 0.8068163990974426, 0.8113685846328735, 0.8172558546066284, 0.8221319913864136, 0.8268264532089233, 0.831992506980896, 0.8390725255012512, 0.8472555875778198, 0.8583807349205017, 0.8626700043678284, 0.8673985004425049, 0.8715100288391113, 0.876142144203186, 0.8812050223350525, 0.8859055638313293, 0.8917045593261719, 0.9024995565414429, 0.9111242294311523, 0.9137994050979614, 0.9164204001426697, 0.928083062171936, 0.9323524832725525, 0.9408282041549683, 0.9460475444793701, 0.9486680626869202, 0.9497559666633606, 0.9532985091209412, 0.9542698860168457, 0.9583630561828613, 0.9635774493217468, 0.9651278257369995, 0.9656755328178406, 0.9716415405273438, 0.9782423377037048, 0.9798998832702637, 0.9816778898239136, 0.9850234985351562, 0.9871211647987366, 0.9869852066040039, 0.9885069131851196], "filter_out_rate": [0.0, 0.847457627118644, 1.694915254237288, 2.5423728813559325, 3.389830508474576, 4.23728813559322, 5.084745762711865, 5.932203389830509, 6.779661016949152, 7.627118644067797, 8.47457627118644, 9.322033898305085, 10.16949152542373, 11.016949152542372, 11.864406779661017, 12.711864406779661, 13.559322033898304, 14.40677966101695, 15.254237288135593, 16.101694915254235, 16.94915254237288, 17.796610169491526, 18.64406779661017, 19.491525423728813, 20.33898305084746, 21.1864406779661, 22.033898305084744, 22.88135593220339, 23.728813559322035, 24.576271186440678, 25.423728813559322, 26.27118644067797, 27.11864406779661, 27.966101694915253, 28.8135593220339, 29.66101694915254, 30.508474576271187, 31.35593220338983, 32.20338983050847, 33.05084745762712, 33.89830508474576, 34.74576271186441, 35.59322033898305, 36.440677966101696, 37.28813559322034, 38.13559322033898, 38.983050847457626, 39.83050847457627, 40.67796610169492, 41.52542372881356, 42.3728813559322, 43.22033898305085, 44.06779661016949, 44.91525423728814, 45.76271186440678, 46.61016949152542, 47.45762711864407, 48.30508474576271, 49.152542372881356, 50.0, 50.847457627118644, 51.69491525423729, 52.54237288135594, 53.38983050847458, 54.23728813559322, 55.08474576271186, 55.932203389830505, 56.779661016949156, 57.6271186440678, 58.47457627118644, 59.32203389830508, 60.16949152542372, 61.016949152542374, 61.86440677966102, 62.71186440677966, 63.559322033898304, 64.40677966101694, 65.2542372881356, 66.10169491525424, 66.94915254237289, 67.79661016949152, 68.64406779661016, 69.49152542372882, 70.33898305084746, 71.1864406779661, 72.03389830508475, 72.88135593220339, 73.72881355932203, 74.57627118644068, 75.42372881355932, 76.27118644067797, 77.11864406779661, 77.96610169491525, 78.8135593220339, 79.66101694915254, 80.50847457627118, 81.35593220338984, 82.20338983050848, 83.05084745762711, 83.89830508474576, 84.7457627118644, 85.59322033898306, 86.4406779661017, 87.28813559322035, 88.13559322033898, 88.98305084745762, 89.83050847457628, 90.67796610169492, 91.52542372881356, 92.37288135593221, 93.22033898305084, 94.0677966101695, 94.91525423728814, 95.76271186440678, 96.61016949152543, 97.45762711864407, 98.30508474576271, 99.15254237288136]}