{"ece": 0.05629035747570232, "acc": [0.0, 0.21893491124260356, 0.2651699029126214, 0.3449197860962567, 0.4020501138952164, 0.4937413073713491, 0.5942028985507246, 0.6389413988657845, 0.727433628318584, 0.7759162303664922], "conf": [0.0, 0.17427884615384615, 0.24544902912621358, 0.3367312834224599, 0.43507972665148065, 0.5385952712100139, 0.6390398550724637, 0.7414933837429112, 0.8420353982300885, 0.9492146596858638]}