{"auprc": 0.6313424706459045, "fpr0": 0.0, "fpr10": 0.07900000363588333, "fpr20": 0.1462000012397766, "fpr30": 0.20630000531673431, "fpr40": 0.2590000033378601, "fpr50": 0.3061999976634979, "fpr60": 0.35010001063346863, "fpr70": 0.3840999901294708, "fpr80": 0.4153999984264374, "fpr90": 0.4422999918460846, "auroc": 0.41738221049308777}