{"ausc": 0.7129974961280823, "accuracies": [0.5150240659713745, 0.5166565179824829, 0.5193325281143188, 0.5213332772254944, 0.5232630372047424, 0.5260579586029053, 0.5269020199775696, 0.5290316343307495, 0.5323717594146729, 0.5341521501541138, 0.5354193449020386, 0.5375849604606628, 0.5398983359336853, 0.5432552695274353, 0.5452091693878174, 0.5476514101028442, 0.5493361353874207, 0.5511665344238281, 0.5536665320396423, 0.5551003217697144, 0.558342456817627, 0.561284601688385, 0.5633134841918945, 0.5662370324134827, 0.5683537125587463, 0.5686457753181458, 0.5723360180854797, 0.5744491219520569, 0.5777583718299866, 0.5806138515472412, 0.582940936088562, 0.5856463313102722, 0.587740421295166, 0.592847466468811, 0.5950627326965332, 0.5977391600608826, 0.6017280220985413, 0.6048182845115662, 0.608547031879425, 0.6126475930213928, 0.614801824092865, 0.6183318495750427, 0.6206023097038269, 0.6232277750968933, 0.6268315315246582, 0.629090428352356, 0.6319169402122498, 0.6357629299163818, 0.638583242893219, 0.6427711844444275, 0.6475618481636047, 0.6526411771774292, 0.6575191020965576, 0.6614992022514343, 0.6655891537666321, 0.6685643196105957, 0.6728662252426147, 0.6783728003501892, 0.6818150281906128, 0.6844491958618164, 0.68833988904953, 0.692841112613678, 0.6962584257125854, 0.7022775411605835, 0.7081616520881653, 0.7151292562484741, 0.7187961935997009, 0.7230759859085083, 0.7309384942054749, 0.7373321652412415, 0.7417505979537964, 0.7504383325576782, 0.7588100433349609, 0.7637664675712585, 0.7710660099983215, 0.7765845656394958, 0.7826797366142273, 0.7886118292808533, 0.7976499199867249, 0.8074371218681335, 0.8139551877975464, 0.8193214535713196, 0.8253504633903503, 0.8295437693595886, 0.8367264866828918, 0.8447945713996887, 0.8498430252075195, 0.8607974648475647, 0.8716350197792053, 0.8769282698631287, 0.8830626010894775, 0.8866499066352844, 0.8925042748451233, 0.8987712264060974, 0.9041376113891602, 0.9124566316604614, 0.9162352085113525, 0.9189285039901733, 0.9230999946594238, 0.9289341568946838, 0.9344996809959412, 0.9387101531028748, 0.9424798488616943, 0.9429962038993835, 0.9423153400421143, 0.9467118978500366, 0.9500790238380432, 0.9505177140235901, 0.9540722370147705, 0.9567809700965881, 0.9576594233512878, 0.9655129909515381, 0.968981921672821, 0.9703106880187988, 0.9715571999549866, 0.9733190536499023, 0.9728859066963196, 0.9798789620399475], "filter_out_rate": [0.0, 0.847457627118644, 1.694915254237288, 2.5423728813559325, 3.389830508474576, 4.23728813559322, 5.084745762711865, 5.932203389830509, 6.779661016949152, 7.627118644067797, 8.47457627118644, 9.322033898305085, 10.16949152542373, 11.016949152542372, 11.864406779661017, 12.711864406779661, 13.559322033898304, 14.40677966101695, 15.254237288135593, 16.101694915254235, 16.94915254237288, 17.796610169491526, 18.64406779661017, 19.491525423728813, 20.33898305084746, 21.1864406779661, 22.033898305084744, 22.88135593220339, 23.728813559322035, 24.576271186440678, 25.423728813559322, 26.27118644067797, 27.11864406779661, 27.966101694915253, 28.8135593220339, 29.66101694915254, 30.508474576271187, 31.35593220338983, 32.20338983050847, 33.05084745762712, 33.89830508474576, 34.74576271186441, 35.59322033898305, 36.440677966101696, 37.28813559322034, 38.13559322033898, 38.983050847457626, 39.83050847457627, 40.67796610169492, 41.52542372881356, 42.3728813559322, 43.22033898305085, 44.06779661016949, 44.91525423728814, 45.76271186440678, 46.61016949152542, 47.45762711864407, 48.30508474576271, 49.152542372881356, 50.0, 50.847457627118644, 51.69491525423729, 52.54237288135594, 53.38983050847458, 54.23728813559322, 55.08474576271186, 55.932203389830505, 56.779661016949156, 57.6271186440678, 58.47457627118644, 59.32203389830508, 60.16949152542372, 61.016949152542374, 61.86440677966102, 62.71186440677966, 63.559322033898304, 64.40677966101694, 65.2542372881356, 66.10169491525424, 66.94915254237289, 67.79661016949152, 68.64406779661016, 69.49152542372882, 70.33898305084746, 71.1864406779661, 72.03389830508475, 72.88135593220339, 73.72881355932203, 74.57627118644068, 75.42372881355932, 76.27118644067797, 77.11864406779661, 77.96610169491525, 78.8135593220339, 79.66101694915254, 80.50847457627118, 81.35593220338984, 82.20338983050848, 83.05084745762711, 83.89830508474576, 84.7457627118644, 85.59322033898306, 86.4406779661017, 87.28813559322035, 88.13559322033898, 88.98305084745762, 89.83050847457628, 90.67796610169492, 91.52542372881356, 92.37288135593221, 93.22033898305084, 94.0677966101695, 94.91525423728814, 95.76271186440678, 96.61016949152543, 97.45762711864407, 98.30508474576271, 99.15254237288136]}