{"ece": 0.036615887676667486, "acc": [0.0, 0.18681318681318682, 0.24501197126895452, 0.356953642384106, 0.4573170731707317, 0.529276693455798, 0.6136363636363636, 0.6936170212765957, 0.7842261904761905, 0.8201438848920863], "conf": [0.0, 0.17479395604395603, 0.24760574620909817, 0.3389072847682119, 0.43619337979094075, 0.5384615384615384, 0.640625, 0.7418439716312056, 0.8400297619047619, 0.9469424460431655]}