{"auprc": 0.6507158279418945, "fpr0": 0.0, "fpr10": 0.07559999823570251, "fpr20": 0.13259999454021454, "fpr30": 0.1860000044107437, "fpr40": 0.2296999990940094, "fpr50": 0.26750001311302185, "fpr60": 0.302700012922287, "fpr70": 0.3353999853134155, "fpr80": 0.3628000020980835, "fpr90": 0.3910999894142151, "auroc": 0.45094728469848633}