{"ausc": 0.7242521643638611, "accuracies": [0.5272436141967773, 0.5301836729049683, 0.5324583053588867, 0.5355896949768066, 0.5389784574508667, 0.5416927337646484, 0.5443463325500488, 0.5459843277931213, 0.5471153855323792, 0.5493428111076355, 0.5519339442253113, 0.5545192956924438, 0.5564255714416504, 0.5593694448471069, 0.5615766644477844, 0.5643912553787231, 0.5681728720664978, 0.5705202221870422, 0.5736115574836731, 0.5758166313171387, 0.5785362124443054, 0.5802293419837952, 0.582922101020813, 0.5857883095741272, 0.5875988602638245, 0.591063916683197, 0.593590259552002, 0.5962947607040405, 0.5984122157096863, 0.6013497710227966, 0.6039519906044006, 0.6084594130516052, 0.610925555229187, 0.6122289896011353, 0.6162029504776001, 0.6184173822402954, 0.6223523020744324, 0.6260918974876404, 0.6299145817756653, 0.6328147649765015, 0.6362179517745972, 0.6408782601356506, 0.6428145170211792, 0.6456583142280579, 0.6504460573196411, 0.6537425518035889, 0.65733402967453, 0.6600704789161682, 0.6628753542900085, 0.6667228937149048, 0.6709209084510803, 0.6748120188713074, 0.6777868270874023, 0.6813560128211975, 0.6844568252563477, 0.6879926919937134, 0.6926537752151489, 0.6969999670982361, 0.7014705538749695, 0.7067758440971375, 0.7115160226821899, 0.7169086933135986, 0.7220795750617981, 0.7258762121200562, 0.7303948998451233, 0.7320995926856995, 0.7386041879653931, 0.7429391145706177, 0.746086061000824, 0.7499876022338867, 0.7553659677505493, 0.7601406574249268, 0.76706463098526, 0.7720654010772705, 0.7763199210166931, 0.784226655960083, 0.7905330061912537, 0.7919782996177673, 0.797698974609375, 0.8040560483932495, 0.8088744878768921, 0.8158774971961975, 0.8212307691574097, 0.8315586447715759, 0.8406397700309753, 0.8450773358345032, 0.852368950843811, 0.8588454127311707, 0.8670279383659363, 0.8707502484321594, 0.8725201487541199, 0.877173900604248, 0.8837577700614929, 0.888639509677887, 0.893997073173523, 0.9001478552818298, 0.9065168499946594, 0.9108700752258301, 0.9147782921791077, 0.9199989438056946, 0.9236213564872742, 0.9257432818412781, 0.9324569702148438, 0.9334927201271057, 0.9418690800666809, 0.9446117877960205, 0.9468397498130798, 0.9538013935089111, 0.9558500647544861, 0.9603043794631958, 0.959808349609375, 0.9644294381141663, 0.9726245403289795, 0.976561427116394, 0.9790520071983337, 0.9812780618667603, 0.985713005065918, 0.9846658706665039], "filter_out_rate": [0.0, 0.847457627118644, 1.694915254237288, 2.5423728813559325, 3.389830508474576, 4.23728813559322, 5.084745762711865, 5.932203389830509, 6.779661016949152, 7.627118644067797, 8.47457627118644, 9.322033898305085, 10.16949152542373, 11.016949152542372, 11.864406779661017, 12.711864406779661, 13.559322033898304, 14.40677966101695, 15.254237288135593, 16.101694915254235, 16.94915254237288, 17.796610169491526, 18.64406779661017, 19.491525423728813, 20.33898305084746, 21.1864406779661, 22.033898305084744, 22.88135593220339, 23.728813559322035, 24.576271186440678, 25.423728813559322, 26.27118644067797, 27.11864406779661, 27.966101694915253, 28.8135593220339, 29.66101694915254, 30.508474576271187, 31.35593220338983, 32.20338983050847, 33.05084745762712, 33.89830508474576, 34.74576271186441, 35.59322033898305, 36.440677966101696, 37.28813559322034, 38.13559322033898, 38.983050847457626, 39.83050847457627, 40.67796610169492, 41.52542372881356, 42.3728813559322, 43.22033898305085, 44.06779661016949, 44.91525423728814, 45.76271186440678, 46.61016949152542, 47.45762711864407, 48.30508474576271, 49.152542372881356, 50.0, 50.847457627118644, 51.69491525423729, 52.54237288135594, 53.38983050847458, 54.23728813559322, 55.08474576271186, 55.932203389830505, 56.779661016949156, 57.6271186440678, 58.47457627118644, 59.32203389830508, 60.16949152542372, 61.016949152542374, 61.86440677966102, 62.71186440677966, 63.559322033898304, 64.40677966101694, 65.2542372881356, 66.10169491525424, 66.94915254237289, 67.79661016949152, 68.64406779661016, 69.49152542372882, 70.33898305084746, 71.1864406779661, 72.03389830508475, 72.88135593220339, 73.72881355932203, 74.57627118644068, 75.42372881355932, 76.27118644067797, 77.11864406779661, 77.96610169491525, 78.8135593220339, 79.66101694915254, 80.50847457627118, 81.35593220338984, 82.20338983050848, 83.05084745762711, 83.89830508474576, 84.7457627118644, 85.59322033898306, 86.4406779661017, 87.28813559322035, 88.13559322033898, 88.98305084745762, 89.83050847457628, 90.67796610169492, 91.52542372881356, 92.37288135593221, 93.22033898305084, 94.0677966101695, 94.91525423728814, 95.76271186440678, 96.61016949152543, 97.45762711864407, 98.30508474576271, 99.15254237288136]}