{"ece": 0.03279720012239903, "acc": [0.0, 0.19801980198019803, 0.24057573680603153, 0.323653962492438, 0.42512908777969016, 0.5097365406643757, 0.6268882175226587, 0.7198142414860681, 0.7636932707355243, 0.8205128205128205], "conf": [0.0, 0.17373143564356436, 0.2481151473612063, 0.33635813672111314, 0.4373924268502582, 0.5380870561282932, 0.638595166163142, 0.7403250773993808, 0.8395931142410016, 0.9487179487179487]}