{"auprc": 0.6510165929794312, "fpr0": 0.0, "fpr10": 0.06769999861717224, "fpr20": 0.12790000438690186, "fpr30": 0.1761000007390976, "fpr40": 0.22220000624656677, "fpr50": 0.26100000739097595, "fpr60": 0.29750001430511475, "fpr70": 0.3301999866962433, "fpr80": 0.3625999987125397, "fpr90": 0.3889999985694885, "auroc": 0.44712260365486145}