{"ausc": 0.709267795085907, "accuracies": [0.5130208134651184, 0.5148395299911499, 0.5182132720947266, 0.5205128192901611, 0.5224359035491943, 0.5260578989982605, 0.5283733010292053, 0.5300911664962769, 0.5321580767631531, 0.534690797328949, 0.5359625816345215, 0.5372561812400818, 0.5393457412719727, 0.5420289635658264, 0.5444219708442688, 0.5461764931678772, 0.5491071343421936, 0.5518595576286316, 0.5541958212852478, 0.55739825963974, 0.5603039264678955, 0.5631440281867981, 0.5660377144813538, 0.5673993229866028, 0.5694727897644043, 0.5723884105682373, 0.5756661891937256, 0.5803502798080444, 0.5824359059333801, 0.5848225951194763, 0.5880428552627563, 0.5898757576942444, 0.5916132926940918, 0.5941969752311707, 0.597244918346405, 0.6000826954841614, 0.6046544313430786, 0.6069315671920776, 0.6109686493873596, 0.6138982772827148, 0.6156290769577026, 0.6202012300491333, 0.6236872673034668, 0.6266502141952515, 0.6285673975944519, 0.6332063674926758, 0.6360804438591003, 0.6388711333274841, 0.640289306640625, 0.6447831988334656, 0.6482875943183899, 0.6515501737594604, 0.6555262804031372, 0.6569185256958008, 0.6614643931388855, 0.667078971862793, 0.6722856760025024, 0.6770662069320679, 0.6812483668327332, 0.6846254467964172, 0.6888056993484497, 0.6946402192115784, 0.6998821496963501, 0.7037585973739624, 0.7065482139587402, 0.7122854590415955, 0.7176726460456848, 0.7225079536437988, 0.7274647951126099, 0.7342819571495056, 0.7389037609100342, 0.7447811365127563, 0.7481709718704224, 0.7513644695281982, 0.7562033534049988, 0.7620167136192322, 0.7683063745498657, 0.7738847732543945, 0.7787967324256897, 0.7869349718093872, 0.7923527956008911, 0.7988731265068054, 0.8053343892097473, 0.8116868734359741, 0.8192541003227234, 0.8263188004493713, 0.8349063396453857, 0.8431612849235535, 0.8471777439117432, 0.8544259667396545, 0.8638259768486023, 0.8712237477302551, 0.8800285458564758, 0.8890224099159241, 0.8975260853767395, 0.9014196991920471, 0.9107276797294617, 0.9144021272659302, 0.922837495803833, 0.9305064082145691, 0.9354242086410522, 0.9407106041908264, 0.9414829611778259, 0.9372933506965637, 0.9443398714065552, 0.9473214745521545, 0.9485313296318054, 0.9497325420379639, 0.9518029689788818, 0.9525625705718994, 0.9549096822738647, 0.9565036296844482, 0.9579335451126099, 0.9532621502876282, 0.9566572308540344, 0.9612221121788025, 0.9612794518470764, 0.9704498648643494], "filter_out_rate": [0.0, 0.847457627118644, 1.694915254237288, 2.5423728813559325, 3.389830508474576, 4.23728813559322, 5.084745762711865, 5.932203389830509, 6.779661016949152, 7.627118644067797, 8.47457627118644, 9.322033898305085, 10.16949152542373, 11.016949152542372, 11.864406779661017, 12.711864406779661, 13.559322033898304, 14.40677966101695, 15.254237288135593, 16.101694915254235, 16.94915254237288, 17.796610169491526, 18.64406779661017, 19.491525423728813, 20.33898305084746, 21.1864406779661, 22.033898305084744, 22.88135593220339, 23.728813559322035, 24.576271186440678, 25.423728813559322, 26.27118644067797, 27.11864406779661, 27.966101694915253, 28.8135593220339, 29.66101694915254, 30.508474576271187, 31.35593220338983, 32.20338983050847, 33.05084745762712, 33.89830508474576, 34.74576271186441, 35.59322033898305, 36.440677966101696, 37.28813559322034, 38.13559322033898, 38.983050847457626, 39.83050847457627, 40.67796610169492, 41.52542372881356, 42.3728813559322, 43.22033898305085, 44.06779661016949, 44.91525423728814, 45.76271186440678, 46.61016949152542, 47.45762711864407, 48.30508474576271, 49.152542372881356, 50.0, 50.847457627118644, 51.69491525423729, 52.54237288135594, 53.38983050847458, 54.23728813559322, 55.08474576271186, 55.932203389830505, 56.779661016949156, 57.6271186440678, 58.47457627118644, 59.32203389830508, 60.16949152542372, 61.016949152542374, 61.86440677966102, 62.71186440677966, 63.559322033898304, 64.40677966101694, 65.2542372881356, 66.10169491525424, 66.94915254237289, 67.79661016949152, 68.64406779661016, 69.49152542372882, 70.33898305084746, 71.1864406779661, 72.03389830508475, 72.88135593220339, 73.72881355932203, 74.57627118644068, 75.42372881355932, 76.27118644067797, 77.11864406779661, 77.96610169491525, 78.8135593220339, 79.66101694915254, 80.50847457627118, 81.35593220338984, 82.20338983050848, 83.05084745762711, 83.89830508474576, 84.7457627118644, 85.59322033898306, 86.4406779661017, 87.28813559322035, 88.13559322033898, 88.98305084745762, 89.83050847457628, 90.67796610169492, 91.52542372881356, 92.37288135593221, 93.22033898305084, 94.0677966101695, 94.91525423728814, 95.76271186440678, 96.61016949152543, 97.45762711864407, 98.30508474576271, 99.15254237288136]}