{"ece": 0.10326504421462834, "acc": [0.0, 0.0, 0.0, 0.3220338983050847, 0.33557046979865773, 0.45268542199488493, 0.5612535612535613, 0.6397058823529411, 0.7019607843137254, 0.8493803622497617], "conf": [0.0, 0.0, 0.27001953125, 0.3509004237288136, 0.4450503355704698, 0.5396419437340153, 0.6420940170940171, 0.7401960784313726, 0.842156862745098, 0.9523355576739753]}