{"auprc": 0.9817845821380615, "fpr0": 0.0, "fpr10": 0.0003000000142492354, "fpr20": 0.0006000000284984708, "fpr30": 0.0010999999940395355, "fpr40": 0.002199999988079071, "fpr50": 0.0035000001080334187, "fpr60": 0.006300000008195639, "fpr70": 0.010200000368058681, "fpr80": 0.016899999231100082, "fpr90": 0.031199999153614044, "auroc": 0.9837212562561035}