{"ausc": 0.9628868699073792, "accuracies": [0.8746995329856873, 0.8783564567565918, 0.8810541033744812, 0.8840000629425049, 0.8868899941444397, 0.8900355100631714, 0.8936527967453003, 0.897118091583252, 0.9001068472862244, 0.9033613204956055, 0.9058018326759338, 0.9078457355499268, 0.9106985330581665, 0.9125829935073853, 0.9166528582572937, 0.9203407168388367, 0.9215754270553589, 0.923640787601471, 0.9252774119377136, 0.9285919070243835, 0.9304236173629761, 0.932648777961731, 0.9351578950881958, 0.9374706745147705, 0.9408140778541565, 0.9431021213531494, 0.9456864595413208, 0.9478293061256409, 0.9497436285018921, 0.9509194493293762, 0.9513289332389832, 0.9534719586372375, 0.9552534222602844, 0.9574740529060364, 0.9590777158737183, 0.960290253162384, 0.9605490565299988, 0.9623743891716003, 0.9637840390205383, 0.9650839567184448, 0.9678595066070557, 0.9683768153190613, 0.9700809121131897, 0.9718321561813354, 0.9730421900749207, 0.9745640158653259, 0.9756575226783752, 0.9770891070365906, 0.9793670773506165, 0.9809127449989319, 0.9832602143287659, 0.9840487241744995, 0.985543966293335, 0.9863520860671997, 0.9868729710578918, 0.9872157573699951, 0.9888214468955994, 0.9903056025505066, 0.990719735622406, 0.9919059872627258, 0.9919535517692566, 0.992611825466156, 0.9932810664176941, 0.9939990043640137, 0.9945016503334045, 0.9948565363883972, 0.9954098463058472, 0.9953444004058838, 0.9957009553909302, 0.9956275820732117, 0.9955516457557678, 0.9963729977607727, 0.9962992668151855, 0.9966974258422852, 0.9973521828651428, 0.9972872734069824, 0.9974805116653442, 0.9974400401115417, 0.9973878860473633, 0.9973393082618713, 0.9978170394897461, 0.9977695941925049, 0.9977200031280518, 0.9979662895202637, 0.9985154271125793, 0.9984645247459412, 0.9984267950057983, 0.9984045028686523, 0.9987015128135681, 0.9986677765846252, 0.9986321926116943, 0.9989413022994995, 0.9989113211631775, 0.9988795518875122, 0.9988688230514526, 0.998834490776062, 0.9983974099159241, 0.9983457922935486, 0.9982905983924866, 0.9986737370491028, 0.9986262917518616, 0.9990503191947937, 1.0, 1.0, 1.0, 1.0, 1.0, 1.0, 1.0, 1.0, 1.0, 1.0, 1.0, 1.0, 1.0, 1.0, 1.0, 1.0], "filter_out_rate": [0.0, 0.847457627118644, 1.694915254237288, 2.5423728813559325, 3.389830508474576, 4.23728813559322, 5.084745762711865, 5.932203389830509, 6.779661016949152, 7.627118644067797, 8.47457627118644, 9.322033898305085, 10.16949152542373, 11.016949152542372, 11.864406779661017, 12.711864406779661, 13.559322033898304, 14.40677966101695, 15.254237288135593, 16.101694915254235, 16.94915254237288, 17.796610169491526, 18.64406779661017, 19.491525423728813, 20.33898305084746, 21.1864406779661, 22.033898305084744, 22.88135593220339, 23.728813559322035, 24.576271186440678, 25.423728813559322, 26.27118644067797, 27.11864406779661, 27.966101694915253, 28.8135593220339, 29.66101694915254, 30.508474576271187, 31.35593220338983, 32.20338983050847, 33.05084745762712, 33.89830508474576, 34.74576271186441, 35.59322033898305, 36.440677966101696, 37.28813559322034, 38.13559322033898, 38.983050847457626, 39.83050847457627, 40.67796610169492, 41.52542372881356, 42.3728813559322, 43.22033898305085, 44.06779661016949, 44.91525423728814, 45.76271186440678, 46.61016949152542, 47.45762711864407, 48.30508474576271, 49.152542372881356, 50.0, 50.847457627118644, 51.69491525423729, 52.54237288135594, 53.38983050847458, 54.23728813559322, 55.08474576271186, 55.932203389830505, 56.779661016949156, 57.6271186440678, 58.47457627118644, 59.32203389830508, 60.16949152542372, 61.016949152542374, 61.86440677966102, 62.71186440677966, 63.559322033898304, 64.40677966101694, 65.2542372881356, 66.10169491525424, 66.94915254237289, 67.79661016949152, 68.64406779661016, 69.49152542372882, 70.33898305084746, 71.1864406779661, 72.03389830508475, 72.88135593220339, 73.72881355932203, 74.57627118644068, 75.42372881355932, 76.27118644067797, 77.11864406779661, 77.96610169491525, 78.8135593220339, 79.66101694915254, 80.50847457627118, 81.35593220338984, 82.20338983050848, 83.05084745762711, 83.89830508474576, 84.7457627118644, 85.59322033898306, 86.4406779661017, 87.28813559322035, 88.13559322033898, 88.98305084745762, 89.83050847457628, 90.67796610169492, 91.52542372881356, 92.37288135593221, 93.22033898305084, 94.0677966101695, 94.91525423728814, 95.76271186440678, 96.61016949152543, 97.45762711864407, 98.30508474576271, 99.15254237288136]}