{"ece": 0.0898418713930747, "acc": [0.0, 0.0, 0.0, 0.3877551020408163, 0.38095238095238093, 0.48533333333333334, 0.5575447570332481, 0.6510416666666666, 0.7264325323475046, 0.8541315345699831], "conf": [0.0, 0.0, 0.26513671875, 0.3514030612244898, 0.4497354497354497, 0.54, 0.6397058823529411, 0.7415364583333334, 0.8410351201478743, 0.9510961214165261]}