{"auprc": 0.9780713319778442, "fpr0": 0.0, "fpr10": 0.00019999999494757503, "fpr20": 0.0005000000237487257, "fpr30": 0.001500000013038516, "fpr40": 0.0026000000070780516, "fpr50": 0.0038999998942017555, "fpr60": 0.005200000014156103, "fpr70": 0.009100000374019146, "fpr80": 0.016300000250339508, "fpr90": 0.03460000082850456, "auroc": 0.9789212942123413}