{"ausc": 0.9622034430503845, "accuracies": [0.8725961446762085, 0.8765394687652588, 0.8809522986412048, 0.8835897445678711, 0.8859595060348511, 0.8898270726203918, 0.8929173350334167, 0.8973299860954285, 0.8998931646347046, 0.901637613773346, 0.9043893814086914, 0.9067499041557312, 0.9112510681152344, 0.914158284664154, 0.9172291159629822, 0.9209212064743042, 0.9238781929016113, 0.9261953830718994, 0.928438127040863, 0.9296525716781616, 0.9318503141403198, 0.9344449043273926, 0.9355196952819824, 0.9379578828811646, 0.9390906095504761, 0.9402393698692322, 0.9426711797714233, 0.9447689652442932, 0.9471651911735535, 0.9499943852424622, 0.9524860978126526, 0.9539787173271179, 0.95563143491745, 0.9561087489128113, 0.9575510025024414, 0.959154486656189, 0.9596824645996094, 0.9613584876060486, 0.9630638360977173, 0.9642065763473511, 0.9659993052482605, 0.9665961861610413, 0.9669540524482727, 0.9691066145896912, 0.9708684086799622, 0.9723501801490784, 0.9735586643218994, 0.9748327732086182, 0.9758064150810242, 0.9768067598342896, 0.9794490337371826, 0.9796969890594482, 0.9814497828483582, 0.9824128746986389, 0.9833716154098511, 0.9847295880317688, 0.9863009452819824, 0.9873953461647034, 0.9885083436965942, 0.9900228977203369, 0.9906283617019653, 0.9912607073783875, 0.9928743243217468, 0.9931695461273193, 0.9930574297904968, 0.9937854409217834, 0.9937179684638977, 0.9944682717323303, 0.9948022365570068, 0.9947167634963989, 0.9948571920394897, 0.9956863522529602, 0.9962829351425171, 0.9964473247528076, 0.9961475729942322, 0.9970642328262329, 0.9970023036003113, 0.9971889853477478, 0.9976341128349304, 0.99757319688797, 0.997527003288269, 0.9977512955665588, 0.9977137446403503, 0.9976615905761719, 0.9976144433021545, 0.9981681704521179, 0.9981234669685364, 0.9980847239494324, 0.9980359077453613, 0.9980016946792603, 0.9979392886161804, 0.9982385635375977, 0.9989213943481445, 0.9989010691642761, 0.9996229410171509, 0.999611496925354, 0.9995993375778198, 0.9991728663444519, 1.0, 1.0, 1.0, 1.0, 1.0, 1.0, 1.0, 1.0, 1.0, 1.0, 1.0, 1.0, 1.0, 1.0, 1.0, 1.0, 1.0, 1.0, 1.0, 1.0], "filter_out_rate": [0.0, 0.847457627118644, 1.694915254237288, 2.5423728813559325, 3.389830508474576, 4.23728813559322, 5.084745762711865, 5.932203389830509, 6.779661016949152, 7.627118644067797, 8.47457627118644, 9.322033898305085, 10.16949152542373, 11.016949152542372, 11.864406779661017, 12.711864406779661, 13.559322033898304, 14.40677966101695, 15.254237288135593, 16.101694915254235, 16.94915254237288, 17.796610169491526, 18.64406779661017, 19.491525423728813, 20.33898305084746, 21.1864406779661, 22.033898305084744, 22.88135593220339, 23.728813559322035, 24.576271186440678, 25.423728813559322, 26.27118644067797, 27.11864406779661, 27.966101694915253, 28.8135593220339, 29.66101694915254, 30.508474576271187, 31.35593220338983, 32.20338983050847, 33.05084745762712, 33.89830508474576, 34.74576271186441, 35.59322033898305, 36.440677966101696, 37.28813559322034, 38.13559322033898, 38.983050847457626, 39.83050847457627, 40.67796610169492, 41.52542372881356, 42.3728813559322, 43.22033898305085, 44.06779661016949, 44.91525423728814, 45.76271186440678, 46.61016949152542, 47.45762711864407, 48.30508474576271, 49.152542372881356, 50.0, 50.847457627118644, 51.69491525423729, 52.54237288135594, 53.38983050847458, 54.23728813559322, 55.08474576271186, 55.932203389830505, 56.779661016949156, 57.6271186440678, 58.47457627118644, 59.32203389830508, 60.16949152542372, 61.016949152542374, 61.86440677966102, 62.71186440677966, 63.559322033898304, 64.40677966101694, 65.2542372881356, 66.10169491525424, 66.94915254237289, 67.79661016949152, 68.64406779661016, 69.49152542372882, 70.33898305084746, 71.1864406779661, 72.03389830508475, 72.88135593220339, 73.72881355932203, 74.57627118644068, 75.42372881355932, 76.27118644067797, 77.11864406779661, 77.96610169491525, 78.8135593220339, 79.66101694915254, 80.50847457627118, 81.35593220338984, 82.20338983050848, 83.05084745762711, 83.89830508474576, 84.7457627118644, 85.59322033898306, 86.4406779661017, 87.28813559322035, 88.13559322033898, 88.98305084745762, 89.83050847457628, 90.67796610169492, 91.52542372881356, 92.37288135593221, 93.22033898305084, 94.0677966101695, 94.91525423728814, 95.76271186440678, 96.61016949152543, 97.45762711864407, 98.30508474576271, 99.15254237288136]}