{"ece": 0.09528161583814046, "acc": [0.0, 0.0, 0.23076923076923078, 0.3333333333333333, 0.38323353293413176, 0.46875, 0.5526315789473685, 0.675392670157068, 0.7091295116772823, 0.8408463661453542], "conf": [0.0, 0.0, 0.26307091346153844, 0.35119047619047616, 0.4491017964071856, 0.54296875, 0.6401315789473684, 0.7408376963350786, 0.8397027600849257, 0.9512419503219871]}