{"auprc": 0.9774964451789856, "fpr0": 0.0, "fpr10": 0.0, "fpr20": 0.0005000000237487257, "fpr30": 0.0012000000569969416, "fpr40": 0.0019000000320374966, "fpr50": 0.0032999999821186066, "fpr60": 0.005499999970197678, "fpr70": 0.009999999776482582, "fpr80": 0.018699999898672104, "fpr90": 0.04050000011920929, "auroc": 0.9782060980796814}