{"ausc": 0.9624330997467041, "accuracies": [0.8696914911270142, 0.8743186593055725, 0.8786121010780334, 0.8820513486862183, 0.8851323127746582, 0.888367772102356, 0.8921815752983093, 0.8956347703933716, 0.8982905745506287, 0.9017453193664551, 0.9042807221412659, 0.9078457355499268, 0.9094828367233276, 0.912263035774231, 0.9147549271583557, 0.9185386896133423, 0.9212454557418823, 0.9238854646682739, 0.9284382462501526, 0.9311926364898682, 0.9330485463142395, 0.9352983236312866, 0.9384374618530273, 0.94017094373703, 0.9416913986206055, 0.9431082606315613, 0.9443100094795227, 0.9462971687316895, 0.9490934610366821, 0.9502720236778259, 0.9527693390846252, 0.9546492099761963, 0.9568488001823425, 0.9593634009361267, 0.9612481594085693, 0.963041365146637, 0.9637298583984375, 0.9645971655845642, 0.9666153192520142, 0.9676867723464966, 0.9680374264717102, 0.969281792640686, 0.9711492657661438, 0.9723135828971863, 0.9727441668510437, 0.9742777943611145, 0.9759759902954102, 0.9777379035949707, 0.9779186844825745, 0.978760838508606, 0.9801390171051025, 0.9808604121208191, 0.9817982316017151, 0.982585608959198, 0.9833784103393555, 0.9840359687805176, 0.9850485324859619, 0.9857779145240784, 0.9866663813591003, 0.9894851446151733, 0.9906316995620728, 0.9914488196372986, 0.9915110468864441, 0.9921824932098389, 0.9930570721626282, 0.9929312467575073, 0.9932283163070679, 0.9937812685966492, 0.9936864972114563, 0.9942445755004883, 0.9948263764381409, 0.9954290390014648, 0.995350182056427, 0.9957606792449951, 0.9964163303375244, 0.9965669512748718, 0.9970028400421143, 0.9969431757926941, 0.9973721504211426, 0.9973171949386597, 0.9972769618034363, 0.9974905848503113, 0.9977197051048279, 0.9985224604606628, 0.9987704753875732, 0.9987403750419617, 0.9987086057662964, 0.9986752271652222, 0.9986674189567566, 0.9989878535270691, 0.9989878535270691, 0.9989604353904724, 0.9989315867424011, 0.9989010691642761, 0.9988688230514526, 0.9987980723381042, 0.9987593293190002, 0.9987593293190002, 0.9987179636955261, 0.9982316493988037, 0.9986262917518616, 0.9985754489898682, 0.9985206723213196, 0.9984616041183472, 0.9983974099159241, 1.0, 1.0, 1.0, 1.0, 1.0, 1.0, 1.0, 1.0, 1.0, 1.0, 1.0, 1.0, 1.0], "filter_out_rate": [0.0, 0.847457627118644, 1.694915254237288, 2.5423728813559325, 3.389830508474576, 4.23728813559322, 5.084745762711865, 5.932203389830509, 6.779661016949152, 7.627118644067797, 8.47457627118644, 9.322033898305085, 10.16949152542373, 11.016949152542372, 11.864406779661017, 12.711864406779661, 13.559322033898304, 14.40677966101695, 15.254237288135593, 16.101694915254235, 16.94915254237288, 17.796610169491526, 18.64406779661017, 19.491525423728813, 20.33898305084746, 21.1864406779661, 22.033898305084744, 22.88135593220339, 23.728813559322035, 24.576271186440678, 25.423728813559322, 26.27118644067797, 27.11864406779661, 27.966101694915253, 28.8135593220339, 29.66101694915254, 30.508474576271187, 31.35593220338983, 32.20338983050847, 33.05084745762712, 33.89830508474576, 34.74576271186441, 35.59322033898305, 36.440677966101696, 37.28813559322034, 38.13559322033898, 38.983050847457626, 39.83050847457627, 40.67796610169492, 41.52542372881356, 42.3728813559322, 43.22033898305085, 44.06779661016949, 44.91525423728814, 45.76271186440678, 46.61016949152542, 47.45762711864407, 48.30508474576271, 49.152542372881356, 50.0, 50.847457627118644, 51.69491525423729, 52.54237288135594, 53.38983050847458, 54.23728813559322, 55.08474576271186, 55.932203389830505, 56.779661016949156, 57.6271186440678, 58.47457627118644, 59.32203389830508, 60.16949152542372, 61.016949152542374, 61.86440677966102, 62.71186440677966, 63.559322033898304, 64.40677966101694, 65.2542372881356, 66.10169491525424, 66.94915254237289, 67.79661016949152, 68.64406779661016, 69.49152542372882, 70.33898305084746, 71.1864406779661, 72.03389830508475, 72.88135593220339, 73.72881355932203, 74.57627118644068, 75.42372881355932, 76.27118644067797, 77.11864406779661, 77.96610169491525, 78.8135593220339, 79.66101694915254, 80.50847457627118, 81.35593220338984, 82.20338983050848, 83.05084745762711, 83.89830508474576, 84.7457627118644, 85.59322033898306, 86.4406779661017, 87.28813559322035, 88.13559322033898, 88.98305084745762, 89.83050847457628, 90.67796610169492, 91.52542372881356, 92.37288135593221, 93.22033898305084, 94.0677966101695, 94.91525423728814, 95.76271186440678, 96.61016949152543, 97.45762711864407, 98.30508474576271, 99.15254237288136]}