{"ece": 0.08716013991057261, "acc": [0.0, 0.13445378151260504, 0.24655172413793103, 0.3647959183673469, 0.4040920716112532, 0.4753289473684211, 0.5544354838709677, 0.5685071574642127, 0.6022944550669216, 0.6787741203178207], "conf": [0.0, 0.1724002100840336, 0.24123563218390803, 0.3352465986394558, 0.4373401534526854, 0.5394736842105263, 0.6376008064516129, 0.7397750511247444, 0.8398661567877629, 0.9477866061293984]}