{"auprc": 0.6402179002761841, "fpr0": 0.0, "fpr10": 0.08229999989271164, "fpr20": 0.15080000460147858, "fpr30": 0.20999999344348907, "fpr40": 0.2623000144958496, "fpr50": 0.30889999866485596, "fpr60": 0.3481000065803528, "fpr70": 0.38420000672340393, "fpr80": 0.4146000146865845, "fpr90": 0.43959999084472656, "auroc": 0.4498395025730133}