{"ausc": 0.7069359421730042, "accuracies": [0.4969951808452606, 0.49929335713386536, 0.5015262365341187, 0.5031794905662537, 0.5055831670761108, 0.5074004530906677, 0.5107187628746033, 0.5141978859901428, 0.517521321773529, 0.5193924307823181, 0.5231420993804932, 0.5255314707756042, 0.5272989273071289, 0.5298773646354675, 0.5327260494232178, 0.5371000170707703, 0.5377747416496277, 0.5401939749717712, 0.5413752198219299, 0.5424606204032898, 0.5449904799461365, 0.54792720079422, 0.5499515533447266, 0.5536019802093506, 0.5551035404205322, 0.558874785900116, 0.5604575872421265, 0.5635402202606201, 0.563917338848114, 0.5672832131385803, 0.5707111358642578, 0.5722338557243347, 0.5753908157348633, 0.5783429145812988, 0.5827203392982483, 0.5863690972328186, 0.5899564027786255, 0.5933392643928528, 0.5956576466560364, 0.6001888513565063, 0.603074848651886, 0.6070603728294373, 0.6099460124969482, 0.6132029891014099, 0.6169936060905457, 0.6204121708869934, 0.6231324672698975, 0.6276610493659973, 0.6328850388526917, 0.6353789567947388, 0.6392005681991577, 0.6437948346138, 0.6474493741989136, 0.6534789204597473, 0.6587920188903809, 0.6636566519737244, 0.6669977903366089, 0.6709049344062805, 0.674712061882019, 0.6805500388145447, 0.6839163899421692, 0.6897766590118408, 0.6982966065406799, 0.7047892212867737, 0.7109375, 0.717789888381958, 0.7228560447692871, 0.7286244034767151, 0.7342318892478943, 0.7387784123420715, 0.7473664879798889, 0.7525119185447693, 0.7567886114120483, 0.7653526067733765, 0.7707791328430176, 0.7745776772499084, 0.7796871066093445, 0.7889190912246704, 0.7983511090278625, 0.8040156364440918, 0.8147639036178589, 0.8236242532730103, 0.8275136947631836, 0.8330156207084656, 0.8423683047294617, 0.8486263751983643, 0.8536701798439026, 0.8604384064674377, 0.8700195550918579, 0.8739637732505798, 0.8810389637947083, 0.8907409310340881, 0.8971447944641113, 0.90383380651474, 0.9087608456611633, 0.9133796691894531, 0.9176251292228699, 0.9195500612258911, 0.9197732210159302, 0.9242678880691528, 0.9316806197166443, 0.9347444176673889, 0.9346156716346741, 0.9304832816123962, 0.9327021837234497, 0.9362806677818298, 0.9425631761550903, 0.9428990483283997, 0.9438287615776062, 0.9482125639915466, 0.955935537815094, 0.9600086808204651, 0.9655354619026184, 0.9731191992759705, 0.9767889380455017, 0.9814231991767883, 0.9802901148796082, 0.9804681539535522], "filter_out_rate": [0.0, 0.847457627118644, 1.694915254237288, 2.5423728813559325, 3.389830508474576, 4.23728813559322, 5.084745762711865, 5.932203389830509, 6.779661016949152, 7.627118644067797, 8.47457627118644, 9.322033898305085, 10.16949152542373, 11.016949152542372, 11.864406779661017, 12.711864406779661, 13.559322033898304, 14.40677966101695, 15.254237288135593, 16.101694915254235, 16.94915254237288, 17.796610169491526, 18.64406779661017, 19.491525423728813, 20.33898305084746, 21.1864406779661, 22.033898305084744, 22.88135593220339, 23.728813559322035, 24.576271186440678, 25.423728813559322, 26.27118644067797, 27.11864406779661, 27.966101694915253, 28.8135593220339, 29.66101694915254, 30.508474576271187, 31.35593220338983, 32.20338983050847, 33.05084745762712, 33.89830508474576, 34.74576271186441, 35.59322033898305, 36.440677966101696, 37.28813559322034, 38.13559322033898, 38.983050847457626, 39.83050847457627, 40.67796610169492, 41.52542372881356, 42.3728813559322, 43.22033898305085, 44.06779661016949, 44.91525423728814, 45.76271186440678, 46.61016949152542, 47.45762711864407, 48.30508474576271, 49.152542372881356, 50.0, 50.847457627118644, 51.69491525423729, 52.54237288135594, 53.38983050847458, 54.23728813559322, 55.08474576271186, 55.932203389830505, 56.779661016949156, 57.6271186440678, 58.47457627118644, 59.32203389830508, 60.16949152542372, 61.016949152542374, 61.86440677966102, 62.71186440677966, 63.559322033898304, 64.40677966101694, 65.2542372881356, 66.10169491525424, 66.94915254237289, 67.79661016949152, 68.64406779661016, 69.49152542372882, 70.33898305084746, 71.1864406779661, 72.03389830508475, 72.88135593220339, 73.72881355932203, 74.57627118644068, 75.42372881355932, 76.27118644067797, 77.11864406779661, 77.96610169491525, 78.8135593220339, 79.66101694915254, 80.50847457627118, 81.35593220338984, 82.20338983050848, 83.05084745762711, 83.89830508474576, 84.7457627118644, 85.59322033898306, 86.4406779661017, 87.28813559322035, 88.13559322033898, 88.98305084745762, 89.83050847457628, 90.67796610169492, 91.52542372881356, 92.37288135593221, 93.22033898305084, 94.0677966101695, 94.91525423728814, 95.76271186440678, 96.61016949152543, 97.45762711864407, 98.30508474576271, 99.15254237288136]}